comment_text,sentiment_category,date,source
ïº‘Ù€Ù€ïº®ïºï»“Ù€Ù€Ù€ï»®,1,date= 2017-12-11T15:32:28.000Z,Youtube videoId=Kvk_GEwOJ2c
ïºï»Ÿï»œï» ï»´ïº ïº‘ïº¼ïº®ïºïº£ïº” ï»£ïº¤ï»¼ï»© â™¥,1,date= 2017-12-11T15:28:50.000Z,Youtube videoId=cguZzv_aAfk
ïºï»Ÿïº˜ï»”ïº˜ïº¢ ï»‹ï» ï»° ïºï»Ÿïº¤ï»€ïºïº­ïºïº• ï»­ïºï»Ÿïºœï»˜ïºï»“ïºïº• ïºï»Ÿï»ïº®ïº‘ï»´ïº” ïºŸï»Œï» ïºï»Ÿïº’ï»Œïº¾ ï»³ï»¨ïº´ïºï»• ï»­ïº­ïºïº€ ïº·ï»¬ï»®ïºïº—ï»ª ï»“ïº˜ïº ïºª ïº‘ï» ïºªïº ï»£ïº´ï» ï»¤ïº ï»Ÿï»œï»¦ ï»›ï» ï»¤ïº” ïºï»¹ïº³ï»¼ï»¡ ï»“ï»´ï»ª ï»£ïº ïº®ïº© ï»›ï» ï»¤ïº” ï»­ ïºï»·ï»“ï»Œïºï» ï»Ÿï»´ïº´ïº– ï»Ÿï»¬ïº ïºƒï»± ï»‹ï»¼ï»—ïº” ïº‘ï»¤ï»Œï»¨ï»° ïºï»¹ïº³ï»¼ï»¡ØŒï»“ïº„ïº£ï»´ïºï»§ïº ï»³ïº¸ï»š ïºï»Ÿïº¸ïº¨ïºº ï»«ï» ï»«ï»® ï»“ï»² ïº‘ï» ïºª ï»£ïº´ï» ï»¢ ïºƒï»¡ ï»». ..ï»£ï»¦ ï»£ï»Œï»² ï»»ï»³ï»š,0,date= 2017-11-25T14:53:44.000Z,Youtube videoId=cguZzv_aAfk
ï»«ï»´ïº” ïº£ï» ï»´ï» ïº˜ï»¬ïº ï»­ ïº­ïº‘ï»² ï»³ïº°ï»¥ ïº³ï»Œïºªï»«ïº ïºï»£ïº ï»›ï»´ï»’ ïº—ïº˜ï»œï» ï»¢ ïº—ï»¨ïº®ï»“ïº°ï»§ï»² ïº»ï»®ïº—ï»¬ïº ï»«ï»® ïºï»Ÿï»² ï»£ïº¼ïº˜ï»¬ïº ïº—ï»˜ï»®ï» ï»‹ï» ï»´ï»¬ïº ïº—ïº¤ïº ïº—ïº˜ï»”ï»´ï»¨ïº² ïº‘ï» ïºï»Ÿïº´ï»´ï»’ ï»­ ï»›ï»´ï»’ ïº—ïº˜ï»œï» ï»¢ ïº‘ï» ïº‘ïºï»Ÿï»”ïº®ï»§ïº´ï»´ïº” ïº—ï»¨ïº®ï»“ïº°ï»§ï»² ïºï»›ïº˜ïº® ï»‹ï»accent ï»£ïº˜ïºï»‹ï»¬ïº ï»‹ïº®ï»­ïº‘ï»² ï»›ïºï»¥ ïº—ïº ï»² ïº‘ïº¤ïº¬ïºï»§ïº ï»Ÿï»”ïº®ï»§ïº´ïº ï»£ïº˜ï»˜ïºªïºµ ïº­ï»­ïº£ï»¬ïº !,0,date= 2017-11-21T22:18:36.000Z,Youtube videoId=BDTx2tvGd-s
ïº‘ïº®ïºï»“ï»® !!!!!!!!!!!!,1,date= 2017-11-19T21:44:23.000Z,Youtube videoId=cguZzv_aAfk
ï·² ï»‹ï» ï»° ïº¯ï»£ï»¦ ïºƒïº»ïº’ïº¢ ïºï»Ÿï»Œï»¬ïº® ï»“ï»´ï»ª ï»“ï»¦.,0,date= 2017-11-19T20:13:11.000Z,Youtube videoId=cguZzv_aAfk
â¤ğŸ’”,1,date= 2017-11-18T00:37:04.000Z,Youtube videoId=cguZzv_aAfk
ïº·ï»² ï»³ï»˜ïº°ïº¯,0,date= 2017-11-14T20:42:54.000Z,Youtube videoId=cguZzv_aAfk
faut dire j'aime les animaux de RACE! !!,0,date= 2017-11-13T23:25:22.000Z,Youtube videoId=BDTx2tvGd-s
dÃ©solÃ©e mais elle est insignifiante. . comme tant d'autres actrices hÃ©las,1,date= 2017-11-13T23:20:47.000Z,Youtube videoId=BDTx2tvGd-s
klip behi ama 5neyaa ka3ba la,0,date= 2017-11-13T14:02:48.000Z,Youtube videoId=cguZzv_aAfk
"ï»›ï» ïº©ï»© ï»³ï»„ï» ï»Š ï»£ï»¨ï»š ïºï»§ïº– ï»³ïº ïºïº³ï»² ï»³ïº ï»§ïºïº³ï»² ğŸ˜‚ğŸ˜‚ğŸ˜‚ 
ïº§ïºªï»‹ïº˜ï»´ï»¨ï»² ïº‘ïºï»Ÿï» ï»¤ïºï»¥ ï»›ï»¨ïº– ïº£ïºïº‘ï»ª ï»§ïº¨ï»„ïº’ï»š ï»Ÿïº¨ï»®ï»³ïº ØŒ ï»ƒï» ï»Œïº˜ï»² ïº³ï»”ï» ï»ª ğŸ˜ğŸ˜‚ğŸ˜‚",0,date= 2017-11-10T22:19:39.000Z,Youtube videoId=cguZzv_aAfk
Aicha 3assal love you,1,date= 2017-11-09T18:37:05.000Z,Youtube videoId=BDTx2tvGd-s
ye Aichaaaaaaa rabi ye7miiiiiiiiiiiiikkkk,1,date= 2017-11-08T23:17:15.000Z,Youtube videoId=channel
ya3tik wahf ihezzik ya aicha mat8annich 5ir,0,date= 2017-11-07T19:12:19.000Z,Youtube videoId=cguZzv_aAfk
Nmouuuut 3lik Aicha... rabi  m3ak ma7lekk,1,date= 2017-11-07T16:22:27.000Z,Youtube videoId=BDTx2tvGd-s
ïº·ï»”ïº– ï»§ïºïº± ï»›ïºï»£ï» ïº—ï»¬ïºªïº­ ï»‹ï» ï»° ï»›ï» ï»´ïº’ï»š ï»“ï»´ï»ª ïºï»Ÿïº ï»¨ïº² ï»­ïºï»ïº®ïºïº€ ïº—ï»”ïº®ïºŸïº– ï»‹ï» ï»´ï»š ïº¿ïº®ï»™ ï»‹ïº ïº’ï»¨ï»² ïº‘ïº°ïºïºïºïºï»‘ ïº»ï»®ïº• ïº­ï»­ï»­ï»­ï»‹ïº” ï»­ïº—ï»¤ïºœï»´ï»´ï»´ï» ïºï»›ïºœïº® ï»£ï»¦ ïº­ïºïº‹ï»Š ï»­ï»³ï»¦ ïº—ïº¸ï»®ï»“ï»® ï»“ï»´ï»ª ïºï»Ÿïº ï»¨ïº² ØŸØŸ ïº‘ïº®ïºï»“ï»® ï»­ïºïº»ï» ï»² ï»“ïºï»§ïº° ï»£ï»¦ ïºï»Ÿïº ïº°ïºïº‹ïº®,1,date= 2017-11-06T21:11:00.000Z,Youtube videoId=cguZzv_aAfk
ïºïº«ï»«ïº ïºï»Ÿï»° ïºï»Ÿïº ïº¤ï»´ï»¢ ØŒ ïº§ïº´ïºïº­ï»© vu ïºï»Ÿï» ï»² ïº—ïº°ïºïº©ïº©ï»Ÿï»š ï»£ï»¦ ïºŸïº®ïº—ï»²,0,date= 2017-11-05T10:22:42.000Z,Youtube videoId=cguZzv_aAfk
Mala clip ya lella Aycha cava fi mokhek,0,date= 2017-11-04T13:44:58.000Z,Youtube videoId=cguZzv_aAfk
Non,,date= 2017-11-04T13:44:03.000Z,Youtube videoId=cguZzv_aAfk
klmt lghnyaa yseer hlowa â¤â¤,1,date= 2017-11-03T23:30:19.000Z,Youtube videoId=cguZzv_aAfk
mela 7ela,0,date= 2017-11-03T16:58:03.000Z,Youtube videoId=cguZzv_aAfk
behi sujet tayara,1,date= 2017-11-02T19:46:35.000Z,Youtube videoId=cguZzv_aAfk
ï»³ïºïº§ï»² ï»£ïº¶ ï»›ïºï»³ïºï»§ï»® ïº³ïº˜ï»´ï»”ï»¦ ï»«ï»®ï»›ï»´ï»¨ï» ï»“ï»² ïºï»Ÿï»œïº®ï»­ïº»ïº” ØŸ,0,date= 2017-11-01T13:14:05.000Z,Youtube videoId=cguZzv_aAfk
ï»‹ï»¼ï»© ïº‘ï»¼ïºµ . ïºïº·ïº’ï»´ï»¨ïº ï»§ïº¤ï»¨ïº ï»§ïºï»—ïº¼ï»´ï»¦ ï»£ï»”ï»¬ïº ïº‘ïºïº± ï»›ïºï»¥ ïº—ï»œï»®ï»¥ ï»›ï»´ï»”ï»¨ïº,0,date= 2017-10-30T07:50:42.000Z,Youtube videoId=BDTx2tvGd-s
<3,1,date= 2017-10-28T09:07:55.000Z,Youtube videoId=cWIvXwHHxr8
Une vrai prostituÃ©e tunisienne. Elle doit prendre exemple sur sa mÃ¨re qui l'a eu en faisant la p.... HONTE Ã  toi pauvre poubelle visuelle !,0,date= 2017-10-23T01:10:25.000Z,Youtube videoId=cguZzv_aAfk
7ala 7lilaa we bara ala yosterha,0,date= 2017-10-17T00:38:11.000Z,Youtube videoId=cguZzv_aAfk
mnine tal3o  hale jarathime ala la tbareklek ya fehri  lamite lek7abe kole  te5dem bihome we tkawi  fi 9o7bhom besme faneee,0,date= 2017-10-17T00:31:21.000Z,Youtube videoId=6OTiAZhBsHY
Mafmech ma amsset mnnk,0,date= 2017-10-14T01:33:26.000Z,Youtube videoId=BDTx2tvGd-s
hani 9a3d nik f 5arta 3al kli^p,0,date= 2017-10-10T16:24:23.000Z,Youtube videoId=cguZzv_aAfk
ï»›ï»¨ïº– ï»§ïº¤ïº’ï»® ïº‘ïº¼ïº¢ ï»›ï»² ïº·ï»”ïº˜ï»® ï»«ïº¬ïº ïºï»›ï» ï»´ïº ï»›ïº®ï»«ïº˜ï»®,0,date= 2017-10-10T13:09:56.000Z,Youtube videoId=cguZzv_aAfk
ï»£ï»¼ ïº£ïºï»Ÿï»ª,0,date= 2017-10-10T12:42:56.000Z,Youtube videoId=BDTx2tvGd-s
Tayara aychoucha,1,date= 2017-10-07T08:38:30.000Z,Youtube videoId=cguZzv_aAfk
ï»³ïº ï»­ï»³ï» ï»š ï»£ï»¦ ïº­ïº‘ï»² ï»›ï»´ï»”ïºïºµ ïº‘ïºïºµ ïº—ï»˜ïºïº‘ï» ï»´ï»ª ï»›ï»² ïº—ï»¤ï»®ïº—ï»² ï»«ïº¬ïº ï»“ï» ï»¢ ïºïº‘ïºïº£ï»² ï»£ï»¬ï»®ïºµ ï»›ï» ï»´ïº,0,date= 2017-10-04T07:47:33.000Z,Youtube videoId=cguZzv_aAfk
bravo aicha ğŸ˜˜ğŸ˜ğŸ˜˜ğŸ˜ğŸ˜˜,1,date= 2017-10-02T17:35:39.000Z,Youtube videoId=cguZzv_aAfk
"te3rfo 3lÃ©cch el fan hedha mayanja7ch f tounes , car 7ne 10 mlayÃ©n mkaraz , nasm3o ken Ã© rap , hal 9o7b ta3 el a7zÃ©n yemchich m3a zboubna",0,date= 2017-10-02T13:32:00.000Z,Youtube videoId=cguZzv_aAfk
ï»›ï» ï»´ïº ïº­ï»­ï»‹ïº”,1,date= 2017-10-02T12:04:59.000Z,Youtube videoId=cguZzv_aAfk
ï»³ïº ï»‹ïºï»³ïº¸ïº” ïº‘ïº®ï»ï»¢ ïºï»§ïº ï»£ïº ï»§ïº¤ï»¤ï» ï»œïº¶ ïºï»£ïº ï»ï»¨ïºï»³ïº˜ï»š ï»«ïºïº«ï»± ïº—ï»¤ïº´ï»¨ï»² ï»“ï»² ïºï»Ÿïº¼ï» ï»´ï»¢ ï»­ ïºïºï»Ÿï»ï»¨ïºï»³ïº” ï»‹ïºï»£ï» ïº” ï»£ï» ï»´ï»®ï»¥ ï»­ï»§ïºº vu ï»§ïº¤ïº ï»§ï»˜ï» ï»š ïºï»Ÿï» ï»² ïºï»§ïº ï»£ï» ï»´ï»®ï»¥ ï»£ïº¸ïºï»«ïºªïº“ ï»‹ï»¤ï» ïº– ï»³ï»¤ï»œï»¦,1,date= 2017-10-02T00:05:43.000Z,Youtube videoId=cguZzv_aAfk
ïº­ï»­ï»‹ïº”.  ïº­ï»­ï»‹ïº”,1,date= 2017-10-01T22:14:42.000Z,Youtube videoId=cguZzv_aAfk
ï»ï»¨ïºï»³ïº” ï»ƒï»´ïºïº­ïº“ ï»­ ïº»ï»®ïº—ï»š ïº£ï» ï»® ï»­ ïºï»Ÿï»œï» ï»´ïº ïº¯ïºïº©ïº“ ïº§ïºªï»£ïº˜ï»® ïº§ïºªï»£ïº” ïºƒï»£ïº ï»³ïºïº³ïº® osÃ© ï»­ ï»£ïº ï»³ïº¨ïº®ïºŸïº¶ ï»‹ï» ï»´ï»š ïºï»Ÿïº¸ï»²ïº€ ï»«ïº¬ïºØŒ ïºï»Ÿï»Œïº®ï»¯ ïº‘ïº®ïº·ïº ï»³ïº ï»´ïº ï»Ÿï»¤ï»®ï»»ïº—ï»® ï»›ïºï»¥ ïºï»Ÿïº¬ï»... en tout cas ïº—ï»œï»®ï»§ï» ï»š ï»‹ïº’ïº®ïº“ ï»­ ï»‹ï»¤ï» ïº– une expÃ©rience inoubliable ïº­ïº‘ï»² ï»£ï»Œïºï»™,1,date= 2017-10-01T14:48:49.000Z,Youtube videoId=cguZzv_aAfk
Bravooo aycha wasliii,1,date= 2017-10-01T13:30:47.000Z,Youtube videoId=QtSCbLZWk0c
ïº­ïº‘ï»² ïº‘ïº¶ ï»³ïº¤ïºïº³ïº’ï»¬ïº ï»£ïº¶ ïºï»§ïº˜ï»¢ ï»­ ï»Ÿï»² ï»£ïº¶ ï»‹ïºïºŸïº’ï»® ï»£ï»´ïº˜ï»”ïº®ïºŸïº¶,1,date= 2017-10-01T12:54:25.000Z,Youtube videoId=cguZzv_aAfk
bravoooo aichoucha wasel w me yhemek fi 7ed wallah blastek mouch fi tunis 5sara,1,date= 2017-10-01T12:12:18.000Z,Youtube videoId=cguZzv_aAfk
ï»›ï»´ï»’ ïº­ïº‘ï»² ï»‹ïºï»ƒï»´ï»š ïºï»¹ï»£ï»œïºï»§ï»´ïºïº• ï»«ïºïº«ï»± ïºï»Ÿï»œï» ï»Ÿï»®ïºïºµ ïºï»¹ïº›ïºïº­ïº“ ï»“ï»² ï»£ïº ïº˜ï»¤ï»Š ï»£ïº ï»³ï»˜ïº’ï» ïº¶ ïºï»¹ïº›ïºïº­ïº“  ïº—ï»˜ïºªïº­ ïº—ï»Œï»¤ï» ï»‹ï»¤ï» ïº‘ïºï»«ï»² ï»­ ï»£ïº¤ïº˜ïº®ï»­ ï»­ ïº—ï»¨ïº ïº¢ 100 ïº‘ïºï» 100,0,date= 2017-10-01T10:11:37.000Z,Youtube videoId=cguZzv_aAfk
Ken alla l clip Nancy rakom ferhanin Ã  ma madem amletou tunisya twali biha w 3liha fi9o chwaya matnjmouch tchuufu 8irkom metheni f 7yetou lezem tnakdo alih hkk tw tuuufla jrayer tanbirkom 5asret 3ardh mayt3awedhch rabi yhdikom johel,1,date= 2017-10-01T08:15:23.000Z,Youtube videoId=cguZzv_aAfk
bravo aihoucha ou chtar e dislikes men 3and la3ab n7eb n9olkom na7na n3icho haka eli ken ma3jbekech haka matetfarejech na7na twensa ou n7eboha,1,date= 2017-09-30T21:36:36.000Z,Youtube videoId=cguZzv_aAfk
ïº³ï»¼ï»¡ ï»£ï»Š ïº¯ï»³ï»¨ï»® ï»£ï»¦ ïºï»Ÿïº ïº°ïºïº‹ïº® ï»‹ïºïº‹ïº¸ï»ª ïº‘ïº®ïºï»‘ ïº­ïº‘ï»² ï»³ï»®ï»“ï»˜ï»š ï»£ï»² ï»Ÿïº°ï»¡ ïº—ïº’ï»Œïºªï»± ï»‹ï» ï»² ï»Ÿïº¤ï»®ïºï»³ïº ï»Ÿï»² ïº§ï» ï»´ï»® ï»§ïºïº± ï»­ï»³ï»®ï»Ÿï»® ï»³ïº¤ï»œï»´ï»® ï»‹ï» ï»´ï»š ïº‘ïº´ï»®ïº€ ïº­ïº‘ï»² ï»³ï»®ï»“ï»˜ï»š,1,date= 2017-09-20T20:37:30.000Z,Youtube videoId=cguZzv_aAfk
ï»Ÿï»² ï»“ï»¬ï»¢ ïº£ïºïºŸïº” ï»³ï»”ï»¬ï»¤ï»¨ï»²,0,date= 2017-09-20T13:47:24.000Z,Youtube videoId=cguZzv_aAfk
ïº­ïºï»›ï»² ï»«ïº®ïº©ïº—ï»´ï»¬ïº ï»­ï»ƒïº®ïºÚ¨ïº—ï»´ï»¬ïº ï»³ïº ïºï»....,0,date= 2017-09-15T16:29:46.000Z,Youtube videoId=cguZzv_aAfk
MASTA,0,date= 2017-09-14T21:40:21.000Z,Youtube videoId=Ld6yXk6kDV0
ïºƒï»§ïº ïº—ï»®ï»§ïº´ï»´ïº”  ï»­ ï»«ïºïº«ï»± ï»£ïº˜ï»¤ïºœï» ï»¨ï»´ïº¸ïº¸ïº¶,0,date= 2017-09-11T13:55:03.000Z,Youtube videoId=cguZzv_aAfk
ï»£ïº¤ï»¼ï»™ :*,1,date= 2017-09-05T21:15:49.000Z,Youtube videoId=Kvk_GEwOJ2c
taw hetha clip yalli ma te7echmich moustawayet mon7atta,0,date= 2017-09-05T14:16:31.000Z,Youtube videoId=cguZzv_aAfk
ïºï»§ïº ï»§ïº¤ïº’ï»š ï»‹ïºïº‹ïº¸ïº” ï»­ ïºƒï»§ïº ïºïº³ï»¤ï»² ï»‹ïºïº‹ïº¸ïº”,1,date= 2017-09-03T23:15:51.000Z,Youtube videoId=BDTx2tvGd-s
ïº­ïº‘ï»² ï»³ï»¬ïºªï»³ï»š,0,date= 2017-08-31T13:07:04.000Z,Youtube videoId=cguZzv_aAfk
Tfaded borjoulia w msad9a rou7a mezyina,0,date= 2017-08-29T20:52:18.000Z,Youtube videoId=cWIvXwHHxr8
Oooof mamsetha la 3ala9a wallah,0,date= 2017-08-29T20:50:34.000Z,Youtube videoId=cWIvXwHHxr8
J adorsğŸ˜,1,date= 2017-08-27T14:30:42.000Z,Youtube videoId=Kvk_GEwOJ2c
ï»£ïºï»«ï»´ïº¶ ï»«ïº¬ï»± ïºï»Ÿï»¤ïº®ïº ïº—ï»®ï»§ïº´ï»´ïº” ï»£ïº ïº—ï»¤ïºœï» ï»¨ï»´ïº¶ ï»³ïºïº³ïº® ï»Ÿï»Œïº’ïº˜ï»¬ïº ïº©ïº­ïºï»£ïº ï»£ï»®ïºµ ï»“ï»² ïº‘ï»¼ïº»ïº˜ï»¬ïº ïº‘ïº¨ï»¼ï»‘ ïºï»Ÿï»Œïº®ïºïº ï»­ ïº¯ï»³ïºª ï»¡ ï»‹ï»¨ïºªï»›ïº¶ ïº»ï»®ïº• ï»Ÿï»² ï»³ïº¤ï»š ïº­ïºïº³ï»® ï»³ï»®ï»Ÿï»² ï»“ï»¨ïºï»¥,0,date= 2017-08-24T16:33:41.000Z,Youtube videoId=cguZzv_aAfk
ï»—ïº¤ïº’ïº”,0,date= 2017-08-24T05:19:48.000Z,Youtube videoId=cguZzv_aAfk
ğŸ‘ğŸ‘ğŸ‘ğŸ‘ğŸ‘,0,date= 2017-08-21T08:44:43.000Z,Youtube videoId=cguZzv_aAfk
Bravoo aychouchaa,1,date= 2017-08-17T23:02:08.000Z,Youtube videoId=cguZzv_aAfk
mala klip,0,date= 2017-08-16T14:10:23.000Z,Youtube videoId=cguZzv_aAfk
love you AÃ¯cha ğŸ’“,1,date= 2017-08-09T03:43:46.000Z,Youtube videoId=6OTiAZhBsHY
love you AÃ¯cha ğŸ’“,1,date= 2017-08-09T03:43:25.000Z,Youtube videoId=Ld6yXk6kDV0
ï»£ï»¦ ïºƒïºŸï»¤ï» ïºï»Ÿï»¤ïº¨ï» ï»®ï»—ïºïº• ï»Ÿï»² ïº·ï»”ïº˜ï»¬ïº ğŸ˜ğŸ˜ğŸ˜ğŸ˜,1,date= 2017-08-02T02:31:28.000Z,Youtube videoId=cguZzv_aAfk
ïºïº£ï»¼ ï»‹ïºïº‹ïº¸ï»ª,1,date= 2017-08-01T15:18:15.000Z,Youtube videoId=BDTx2tvGd-s
ïº·ïº®ï»£ï»®ï»ƒï»ª ïº§ï»„ï»´ïº®ï»©  ï»›ï» ï»´ïº ïº»ïºïº©ï»¡. ïºïº‘ï»¦ ïºï»Ÿï»¤ïº ï»ˆï»®ï»…,0,date= 2017-07-29T23:51:32.000Z,Youtube videoId=cguZzv_aAfk
ïº‘ïº®ïºï»“ï»®,1,date= 2017-07-19T08:17:48.000Z,Youtube videoId=cguZzv_aAfk
ïºï»Ÿï­­ï»´ïºªï»³ï»® ï»›ï» ï»´ïº ïº­ïºïº‹ï»Š,1,date= 2017-07-18T14:23:27.000Z,Youtube videoId=cguZzv_aAfk
ïº­ï»­ïº£ï»² ï»§ï»´ï»œï»² ï»£ï»š ï»³ïº ïº£ï»¤ïºïº­ïº“ ïº­ï»­ïº£ï»² ïº»ï» ï»² ï»‹ï» ï»° ïº­ï»­ïº£ï»š ïº£ï»¤ïºïº­ïº“ ïº£ï»´ï»®ïºï»§ïº ï»“ïº®ïº§ïº” ï»‹ïºï»«ïº®ïº“ ïº³ïºï»“ï» ïº”,0,date= 2017-07-17T18:21:35.000Z,Youtube videoId=cguZzv_aAfk
ïº—ïº¤ï»´ïºïº—ï»² ï»Ÿïº˜ï»®ïºï»§ïº´ïº” ï»£ï»¦ ïºï»Ÿïº ïº°ïºïº‹ïº® ï»­ï»Ÿï»œï»¦ ï»«ïºïº©ï»± ï»£ïº¸ï»² ïº—ï»®ï»§ïº´ï»´ïº” ï»«ïºïº©ï»± ï»‹ïºï»«ïº®ïº“ ïº‘ï»¤ï»Œï»¨ï»° ïºï»Ÿï»œï» ï»¤ïº”,0,date= 2017-07-16T10:52:54.000Z,Youtube videoId=cguZzv_aAfk
ï»›ï»¢ ïºƒï»¥ ï»«ïº¬ïº ï»ïº’ï»² ï»­ ï»£ïº®ï»³ïº¾ ï»­ ïº³ïºïº«ïº,0,date= 2017-07-15T14:43:06.000Z,Youtube videoId=cguZzv_aAfk
ïºï»§ïº– ï»£ïº°ï»³ïºï»§ïº” ïº—ïº’ïºïº­ï»™ ï·² ØŒï»‹ï»¨ïºªï»™ ï»£ï»®ï»«ïº’ïº” ïº£ïºï»­ï» ïº—ïº´ïº˜ï»ï» ï»¬ïº ï»›ï»´ï»’ ï»£ïº ï»³ï» ïº°ï»¡ ØŒï»£ïº ïº—ïº˜ïº ïºï»­ïº¯ïºµ ïº£ïºªï»­ïº©ï»™ØŒï»‹ï»¨ïº ïºïº§ï»¼ï»—ï»´ïºïº—ï»¨ïº ØŒï»§ïº’ï»˜ï»® ïº©ï»­ï»Ÿïº” ï»‹ïº®ïº‘ï»´ï»ª ï»£ïº´ï» ï»¤ïº” ØŒïºï»Ÿï»œï» ï»´ïº ïº‘ïºï»«ï»² ï»ï»´ïº® ï»›ïºœïº®ïº• ï»£ï» ïºï»»ï»ïº®ïºïº€ØŒïº­ïº‘ï»² ï»³ï»®ï»“ï»˜ï»š ØŒï»­ ïº£ïºï»­ï» ïº—ïº¤ïº´ï»¦ ïº©ï»³ï»¤ïº ï»£ï»¦ ïº­ï»­ïº£ï»š ï»­ ïºïº­ïº—ï»˜ï»² ïº‘ï»¤ïº´ïº˜ï»®ï»¯ ïºï»Ÿï»”ï»¦,0,date= 2017-07-15T12:45:35.000Z,Youtube videoId=cguZzv_aAfk
ïº»ï»®ïº—ï»¬ïº ï»›ïºïº­ïº›ï»ª ï»­ï»£ï»Œïºï»«ïº ï»›ï» ïº ïºïº³ï»®ïº© ïº·ï»´ï»„ïºï»¥ ïºïº³ïº˜ï»ï»”ïº® ï·²,0,date= 2017-07-14T21:17:58.000Z,Youtube videoId=BDTx2tvGd-s
bravo aicha tout est beau,1,date= 2017-07-10T17:12:07.000Z,Youtube videoId=cguZzv_aAfk
nhar ekherr esh bsh tquul lrabyy blh,0,date= 2017-07-06T12:53:39.000Z,Youtube videoId=cguZzv_aAfk
esh nakraaaaha lHaaam pffff,0,date= 2017-07-06T10:00:15.000Z,Youtube videoId=cguZzv_aAfk
ïºƒï»ï»¨ï»´ï»ª. ï»“ï»° ïºï»Ÿï»˜ï»¤ï»ª ï»­ ï»Ÿï»œï»¦ ï»›ïºï»¥ ï»³ïº ïº. ï»£ïº®ïºï»‹ïºïº• ïºï»Ÿïº ïºï»§ïº ïºï»»ïº§ï»¼ï»—ï»° ï»—ï» ï»´ï»¼. ï»» ïº©ïºï»‹ï»°. ï»Ÿï» ï»Œïº®ï»±,0,date= 2017-06-30T21:36:53.000Z,Youtube videoId=cguZzv_aAfk
masta barcha,0,date= 2017-06-19T20:40:46.000Z,Youtube videoId=cguZzv_aAfk
masta barcha,0,date= 2017-06-19T20:40:41.000Z,Youtube videoId=cguZzv_aAfk
zerooooooo ğŸ‘ğŸ‘ğŸ‘,0,date= 2017-06-18T09:41:39.000Z,Youtube videoId=cguZzv_aAfk
ïº¯ï»“ïº˜ïº” ï»—ïºªïºïºµ ï»§ï»œïº®ï»«ï»š,0,date= 2017-06-09T21:44:30.000Z,Youtube videoId=cguZzv_aAfk
Tii yezzy men niifek shih kol wehed hor ama fi heded ma3koula bech yken meslem hedii bled yhbou ken tafahet cha3b tefeh ena netcharefech b 3bed kif hedomo Mala wlh ama fi niheya kol wehed hor ya3mel ech yheb kalou ena aicha t zid t3aref b rouhha haka cha5sya 3ad pff....,0,date= 2017-06-09T20:36:21.000Z,Youtube videoId=cguZzv_aAfk
mastin,0,date= 2017-06-07T22:22:23.000Z,Youtube videoId=6OTiAZhBsHY
imposible normal hethi,0,date= 2017-06-06T10:59:31.000Z,Youtube videoId=cguZzv_aAfk
ï»›ïºïº­ïº›ï»ª ï»“ï»² ïºï»Ÿï»¤ï»®ïº³ï»´ï»˜ï»° ï»» ïº»ï»®ïº• ï»­ï»» ï»“ï»¦ØŒ ïºïº£ïº˜ï»¤ïºï» ïº—ï»¨ïº ïº¢ ï»“ï»² ïºï»Ÿïº˜ï»¤ïºœï»  ïº—ï»¤ïºœï»´ï» ï»š ïº£ï» ï»® ï»­ ï»£ïº°ï»³ïºï»§ï»ª ïº—ïº’ïºïº­ï»™ ï·²  ØŒ ïº£ïºï»­ï» ïº—ï»®ïº¿ï»’ ï»£ï»®ï»«ïº’ïº˜ï»š ïº‘ï»„ïº®ï»³ï»˜ïº” ïº—ïº¤ïº˜ïº®ï»£ï»š ïº‘ï»´ï»¬ïº ïºï»Ÿï»¨ïºïº± ï»£ï»®ïºµ ï»³ïº´ïº’ï»®ï»™ ï»­ ï»³ï» ï»Œï»¨ï»®ï»¥ ØŒïºïº£ïº˜ïº®ï»¡ ïºï»‹ï»¤ïºï»Ÿï»š ïº‘ïº¶ ï»³ïº¤ïº˜ïº®ï»£ï»š ïºï»Ÿïº ï»¤ï»¬ï»®ïº­ØŒ ï»—ïºïº©ïº­ï»© ï»‹ï» ï»° ï»£ïº ïºïº£ïº´ï»¦ ïº‘ïºï»Ÿïº˜ï»®ï»“ï»´ï»–,0,date= 2017-06-05T07:47:04.000Z,Youtube videoId=cguZzv_aAfk
ï»«ïº¬ïº ï»“ï»´ï» ï»¢ ïºïº‘ïºïº£ï»² ğŸ˜¡ğŸ˜¡ğŸ˜¡,0,date= 2017-06-04T13:05:23.000Z,Youtube videoId=cguZzv_aAfk
Top,1,date= 2017-05-25T15:42:34.000Z,Youtube videoId=cguZzv_aAfk
ïº£ï» ï»®ïº“ ïºï»Ÿï»ï»¨ï»´ïº” ïºƒï»›ïºœï»´ïº® 2017,1,date= 2017-05-24T07:04:09.000Z,Youtube videoId=cguZzv_aAfk
i like u ğŸ˜¢,1,date= 2017-05-23T15:20:34.000Z,Youtube videoId=BDTx2tvGd-s
ïº»ï»Œïº’ïº” ïºï»­ï»¯ ïºï»ï»¨ï»´ïº” ïº—ï»˜ï»„ï»Š ïºï»Ÿï»˜ï» ïº,1,date= 2017-05-21T14:27:13.000Z,Youtube videoId=cguZzv_aAfk
9AAAAAAAAAAAAAAAAAAAAAAAAAAAAAAAHBA,0,date= 2017-05-21T14:11:49.000Z,Youtube videoId=Kvk_GEwOJ2c
"ïºï»Ÿï»˜ïº¼ïº” ïº£ï» ï»®ïº“ ï»­ ï»£ïº†ïº›ïº®ïº“ ïºƒï»£ïº ïºï»§ïº– ï»“ï»² ïºï»Ÿïº¤ï»˜ï»´ï»˜ïº” ï»£ï»¤ïºœï» ïº” ï»­ ï»£ïº ï»‹ïº®ï»“ïº˜ïº¶ ïº—ï»¤ïºœï» ïºï»Ÿïºªï»­ïº­ ïºŸï»¤ï»¼ ï»—ïºï»‹ïºªïº“ ïº—ïº˜ï» ï»Œï»®ï»™ ï»›ï» ï»´ïº ï»›ïºï»£ï». ïºï»Ÿï» ï»² ï»—ïºï»Ÿï»š ï»ï»¨ï»² ï»­ ïºƒï»‹ï»¤ï» ï»›ï» ï»´ïº ï»³ïº ï»§ï»¬ïºïº­ïº—ï»¬ïº ï»›ïºï»¥ ï»£ïº°ï»ƒï»®ï» ï»­ï»» ïº·ïºïº­ïº. ï»›ï»¨ïº– ïº—ï»¨ïº ï»¢ ïº—ï»¤ïºœï» ïºï»Ÿïºªï»­ïº­ ï»­ ïºï»§ïº– ïº³ïºïº—ïº®ïº“ ïº­ï»­ïº£ï»š ï»—ïº®ï»³ïº ï»§ï»Œïº®ï»“ï»® ï»Ÿï»®ï»¥ ... 
ïº»ïºªï»—ï»¨ï»² ï»»ï»«ï»² ï»ï»´ïº®ïº“ ï»» ïº£ïº´ïºª ïºƒï»£ïº ïº»ï»®ïº—ï»š ï»‹ïºï»Ÿïº¤ï»´ï»‚ ïºƒï»—ï»Œïºª ï»£ïºœï» ï»³ïº°ï»± ï»­ ïºï»—ïº’ï» ïºï»Ÿï»¨ï»˜ïºª ïº§ïºï»ƒïº® ï»«ï»® ïºï»Ÿï» ï»² ïº‘ïº¶ ï»³ïº¨ï» ï»´ï»š ïº—ïº˜ï»˜ïºªï»¡",0,date= 2017-05-21T09:22:40.000Z,Youtube videoId=cguZzv_aAfk
ï»“ï»œïº®ïº“ ïº­ï»­ï»‹ïº” ï»­ïº£ïºªï»™ ï»‹ïºï»³ïº¸ïº”,1,date= 2017-05-18T21:17:27.000Z,Youtube videoId=cguZzv_aAfk
ïº—ïº˜ï» ï»œï»®ï»‰..ïºïº—ï»˜ï»®ï». ïº£ï»¨ïº¶.ï»Ÿïº¨ïº®ï»¯.ï»›ï»².ïº—ïº’ïºªï»¯.ïº—ïº¤ï»œï»².ï»“ï»¤ï»¬ïº. ïºïº—ï»˜ï»®ï».ïº—ïºï»›ï».ï»“ï»².ïºï»Ÿïº¨ïº’ïº°.ï»£ïº®ïº§ï»®ï»“ïº”.ï»›ï»².ïº­ïº‘ï»„ïº”.ïºï»Ÿï»¤ï»Œïºªï»§ï»®ïº±.ïºï»Ÿï»².ï»—ïºï»Ÿï»š.ïº»ï»®ïº—ï»š.ïº‘ïºï»«ï»².ïº­ïºï»«ï»®.ï»³ï»œïº¬ïº.ï»‹ï» ï»´ï»š.ïº·ï»®ï»“ï»².ïº§ïºªï»£ïº”.ïºƒïº§ïº®ï»¯.ïº§ï»´ïº®.ï»­ï»›ïºï»¥.ïºï»Ÿï»Œïº®ïºïº€. ïº‘ïºïºµ.ïºï»³ïº ï»´ïº’ï» ï»š.ï»Ÿï»”ï» ï»®ïº±.ïº­ïºï»›ï»².ï»ïºï»Ÿï»„ïº”.ïº‘ïº®ï»±.ï»Ÿï»„ïº’ï»´ïº.ï»§ï»”ïº´ïºï»§ï»².ïºï»‹ïºªï»±.ï»‹ï» ï»´ï»š.ï»­ï»³ï»Œï»„ï»´ï»š.ïºïº©ï»­ïºïº€.ïºïº­ïºŸï»Œï» ï»š.ï»£ïº¨ï»š.ï»­ï»³ï»œïº’ïº´ï»š. ïº·ï»®ï»³ïº,0,date= 2017-05-18T20:56:01.000Z,Youtube videoId=cWIvXwHHxr8
mala 7ala fik w fikom offff merda schifozi del cazzo,0,date= 2017-05-15T19:37:36.000Z,Youtube videoId=cguZzv_aAfk
ech t7eb ta3ml trah,0,date= 2017-05-14T20:23:19.000Z,Youtube videoId=cguZzv_aAfk
BONNE ANNEE PRINCESSE,1,date= 2018-01-02T09:32:43+0000,Page Facebook= sourceFblink : 426170127508333_903004513158223
ïº»ïº’ïºïº¡ ïºï»Ÿï»¨ï»®ïº­,1,date= 2017-12-30T09:08:10+0000,Page Facebook= sourceFblink : 426170127508333_901137436678264
thabel :*,1,date= 2017-12-30T09:09:02+0000,Page Facebook= sourceFblink : 426170127508333_901137436678264
belle aychoucha,1,date= 2017-12-30T09:45:22+0000,Page Facebook= sourceFblink : 426170127508333_901137436678264
ï»³ïºï»“ï» ï»®ïº³ïº” ïº³ïº’ïºïº¡ ïºï»Ÿï»¨ï»®ïº­,1,date= 2017-12-30T09:07:13+0000,Page Facebook= sourceFblink : 426170127508333_901137436678264
Tu nâ€™est loin de chez moi aichoucha,1,date= 2017-12-30T09:55:55+0000,Page Facebook= sourceFblink : 426170127508333_901137436678264
ïº›ï»Œï» ï»®ïº‘ïº” ï»«ï»¬ï»¬ï»¬ï»ª,0,date= 2017-12-30T09:11:57+0000,Page Facebook= sourceFblink : 426170127508333_901137436678264
ï»­ïº­ïº©ïº“ ï»£ï»¦ ïºïºŸï»¤ï» ï»­ïº­ïº©ïºïº• ïº—ï»®ï»§ïº²ğŸ˜,1,date= 2017-12-30T09:11:43+0000,Page Facebook= sourceFblink : 426170127508333_901137436678264
Ma7lek,1,date= 2017-12-30T13:36:14+0000,Page Facebook= sourceFblink : 426170127508333_901137436678264
Zinek ya aichoucha mieux que AMESTERDAM,1,date= 2017-12-30T18:37:07+0000,Page Facebook= sourceFblink : 426170127508333_901137436678264
ïº»ïº’ïºïº¡ ïºï»Ÿïº´ï»Œïºïº©ïº“,1,date= 2017-12-30T10:24:26+0000,Page Facebook= sourceFblink : 426170127508333_901137436678264
mahlekkkkkkBou zinek aichoucha nhebbekkkk,1,date= 2017-12-30T12:16:33+0000,Page Facebook= sourceFblink : 426170127508333_901137436678264
sa7a pays bas 3aichoucha,1,date= 2017-12-30T13:02:34+0000,Page Facebook= sourceFblink : 426170127508333_901137436678264
ïº»ïº¤ïº” ï»Ÿï»´ï»š ï»‹ï»´ïº¸ï»®ïº³ïº”,1,date= 2017-12-30T16:42:42+0000,Page Facebook= sourceFblink : 426170127508333_901137436678264
ï·² ïº‘ïº¤ïº’ï»š ï»£ï»¦ ï»—ï» ïº’ï»²,1,date= 2017-12-30T15:12:26+0000,Page Facebook= sourceFblink : 426170127508333_901137436678264
thabel,1,date= 2017-12-30T19:41:46+0000,Page Facebook= sourceFblink : 426170127508333_901137436678264
Ma7lek,1,date= 2017-12-30T09:41:58+0000,Page Facebook= sourceFblink : 426170127508333_901137436678264
Sa7a.  3aychoucha,1,date= 2017-12-30T09:37:53+0000,Page Facebook= sourceFblink : 426170127508333_901137436678264
Mahlekk,1,date= 2017-12-30T21:55:15+0000,Page Facebook= sourceFblink : 426170127508333_901137436678264
ï»£ï»¼ï»™ ï»‹ï»´ïº¸ï»®ïº·ï»ª,1,date= 2017-12-30T12:15:06+0000,Page Facebook= sourceFblink : 426170127508333_901137436678264
ïº£ï» ï»®ï»±,1,date= 2017-12-30T11:48:59+0000,Page Facebook= sourceFblink : 426170127508333_901137436678264
La plus belle poupÃ©e  en tunisie,1,date= 2017-12-27T20:05:16+0000,Page Facebook= sourceFblink : 426170127508333_899536373505037
mahlak,1,date= 2017-12-30T15:15:52+0000,Page Facebook= sourceFblink : 426170127508333_899536373505037
ïº‘ï»®ïº¯ï»³ï»¨ï»š ï»£ïº¤ï»¼ï»›ï»²,1,date= 2017-12-28T06:09:37+0000,Page Facebook= sourceFblink : 426170127508333_899536373505037
chbeha tet7arek b s5at hedhi dhkrtni baka lkaleb il yt7at fi karhba yabda raso yal3eb barcha ğŸ–•,0,date= 2017-12-28T00:00:16+0000,Page Facebook= sourceFblink : 426170127508333_899536373505037
ïº·ïº’ï»¬ïº ïº—ïº˜ïº’ï»¬ï»¨ïº² ï»«ï»œïº :o,0,date= 2017-12-27T21:04:50+0000,Page Facebook= sourceFblink : 426170127508333_899536373505037
3auchoucha cha3mna fel 9ahwa,1,date= 2017-12-27T20:00:12+0000,Page Facebook= sourceFblink : 426170127508333_899536373505037
Chbik 7ata swab3ek fi fomek w to4zor kil bouhaliya ochton ro7ek 7ela,0,date= 2017-12-28T23:01:34+0000,Page Facebook= sourceFblink : 426170127508333_899536373505037
Walah 7ala fikom bnat taw .........,0,date= 2017-12-27T20:11:24+0000,Page Facebook= sourceFblink : 426170127508333_899536373505037
ï»£ï»¨ï»®ïº­ïº“,1,date= 2017-12-27T19:59:36+0000,Page Facebook= sourceFblink : 426170127508333_899536373505037
Gazelle bonjour,1,date= 2017-12-28T09:19:53+0000,Page Facebook= sourceFblink : 426170127508333_899536373505037
Wechbiki 3ach9a fi rouhek ğŸ‘€ğŸ˜‘,0,date= 2017-12-27T21:57:25+0000,Page Facebook= sourceFblink : 426170127508333_899536373505037
Mechya.  M3ak.  3aychoucha,1,date= 2017-12-29T06:53:40+0000,Page Facebook= sourceFblink : 426170127508333_899536373505037
9atous ğŸ˜,1,date= 2017-12-27T20:05:33+0000,Page Facebook= sourceFblink : 426170127508333_899536373505037
Rabi toub 3lik 3ayicha,0,date= 2017-12-28T14:07:19+0000,Page Facebook= sourceFblink : 426170127508333_899536373505037
"ï»­ïºï»§ï»² ïºïº£ïº’ï»š ï»“ï»®ï»• ïºï»Ÿïº¤ïº ïº£ïº’ïº ...
ï»§ïº¤ïº’ï»š ï»‹ïºïº‹ïº¸ïº” ..",1,date= 2017-12-27T15:25:51+0000,Page Facebook= sourceFblink : 426170127508333_899404123518262
Azyzty,1,date= 2017-12-27T15:25:16+0000,Page Facebook= sourceFblink : 426170127508333_899404123518262
Hobyyy â¤,1,date= 2017-12-27T15:24:02+0000,Page Facebook= sourceFblink : 426170127508333_899404123518262
ï»§ïº¤ïº’ï»š ï»‹ïºï»³ïº¸ïº” ïº‘ïºïºïºïºïºïºïº­ïº·ïº,1,date= 2017-12-27T16:20:49+0000,Page Facebook= sourceFblink : 426170127508333_899404123518262
Dute si la bucuresti ai sa vezi ceva mult mai frumos decit la aradğŸ˜ğŸ˜ğŸ˜‰,1,date= 2017-12-27T15:27:07+0000,Page Facebook= sourceFblink : 426170127508333_899404123518262
Barcha ri7e lotf alik,1,date= 2017-12-27T16:32:40+0000,Page Facebook= sourceFblink : 426170127508333_899404123518262
Belles photos,1,date= 2017-12-27T16:43:00+0000,Page Facebook= sourceFblink : 426170127508333_899404123518262
ï»£ïº¤ï»¼ï»™ ï»­ï»§ï»¤ï»®ïº• ï»‹ï» ï»´ï»š,1,date= 2017-12-27T21:17:13+0000,Page Facebook= sourceFblink : 426170127508333_899404123518262
TrÃ¨s belle ma rose,1,date= 2017-12-27T15:59:53+0000,Page Facebook= sourceFblink : 426170127508333_899404123518262
3aych n7ebk t7a9a9li a7lemi n7eb nhez omi elz el 7ej el bit rabi,1,date= 2017-12-28T13:03:10+0000,Page Facebook= sourceFblink : 426170127508333_899404123518262
Y'a 3sall,1,date= 2017-12-27T15:25:56+0000,Page Facebook= sourceFblink : 426170127508333_899404123518262
Bon voayage,1,date= 2017-12-27T16:27:51+0000,Page Facebook= sourceFblink : 426170127508333_899404123518262
ï»£ïº¼ï» ï»² ï»‹ï» ïºï»§ï»´ïº’ï»²,1,date= 2017-12-27T21:35:05+0000,Page Facebook= sourceFblink : 426170127508333_899404123518262
Azyzty,1,date= 2017-12-27T19:25:33+0000,Page Facebook= sourceFblink : 426170127508333_899404123518262
Sa7a.  Tfarhida,1,date= 2017-12-29T06:37:47+0000,Page Facebook= sourceFblink : 426170127508333_899404123518262
Wahra ya aicha,1,date= 2017-12-26T21:37:46+0000,Page Facebook= sourceFblink : 426170127508333_898987196893288
ï»³ïºï»—ï»„ï»®ïº³ïº” ïº­ï»­ïº¡ ï»‹ï» ï»° ïºï»Ÿïº’ïº®ïº©,1,date= 2017-12-26T21:47:23+0000,Page Facebook= sourceFblink : 426170127508333_898987196893288
ïº©ï»³ï»¤ïº ï»£ïº°ï»³ï»¨ïº ï»‹ï»´ïº¸ï»®ïº·ïº”,1,date= 2017-12-26T22:21:56+0000,Page Facebook= sourceFblink : 426170127508333_898987196893288
:* :* :*,1,date= 2017-12-26T21:37:32+0000,Page Facebook= sourceFblink : 426170127508333_898987196893288
Allah yahdik ya rabi makek bint bled dommage,0,date= 2017-12-27T04:30:45+0000,Page Facebook= sourceFblink : 426170127508333_898987196893288
C ou ?,0,date= 2017-12-26T22:01:44+0000,Page Facebook= sourceFblink : 426170127508333_898987196893288
Dima o top aychoucha profite bien ğŸ‘,1,date= 2017-12-27T10:13:35+0000,Page Facebook= sourceFblink : 426170127508333_898987196893288
"Aycha 3x
3ichouchaa",1,date= 2017-12-26T21:44:46+0000,Page Facebook= sourceFblink : 426170127508333_898987196893288
ï»£ïº¤ï»¼ï»™ ï»‹ïºïº‹ïº¸ï»ª,1,date= 2017-12-27T14:51:37+0000,Page Facebook= sourceFblink : 426170127508333_898987196893288
Ma7lak,1,date= 2017-12-26T21:42:03+0000,Page Facebook= sourceFblink : 426170127508333_898987196893288
Male 3icha,0,date= 2017-12-27T12:40:06+0000,Page Facebook= sourceFblink : 426170127508333_898987196893288
toooop,1,date= 2017-12-27T09:30:01+0000,Page Facebook= sourceFblink : 426170127508333_898987196893288
Fremosa,1,date= 2017-12-27T07:50:21+0000,Page Facebook= sourceFblink : 426170127508333_898987196893288
...,0,date= 2017-12-27T20:55:28+0000,Page Facebook= sourceFblink : 426170127508333_898987196893288
Eltaw marawa7tech,0,date= 2017-12-26T21:46:37+0000,Page Facebook= sourceFblink : 426170127508333_898987196893288
Mala wahra,1,date= 2017-12-27T14:16:06+0000,Page Facebook= sourceFblink : 426170127508333_898987196893288
Ma7la Zinik nhebek,1,date= 2017-12-27T10:30:01+0000,Page Facebook= sourceFblink : 426170127508333_898987196893288
ï»£ïº¸ïºï·² ï»‹ï» ï»´ï»š ï»‹ïºï»£ï»š ï»£ïº’ïº®ï»­ï»™ ï»‹ï»´ïº¸ï»®ïº·ïº” ïºï»Ÿïº’ïºï»«ï»´ïº” ï»­ïºï»Ÿï»¤ïº˜ïº¨ï» ï»˜ïº” ï»§ï»¤ï»®ïº• ï»‹ï» ï»´ï»š ï»­ï»‹ï» ï»² ïº¯ï»³ï»¨ï»š ïº­ïº‘ï»² ï»³ïº¤ï»”ï»ˆï»š,1,date= 2017-12-26T14:05:22+0000,Page Facebook= sourceFblink : 426170127508333_898754963583178
Nice pic,1,date= 2017-12-26T13:55:54+0000,Page Facebook= sourceFblink : 426170127508333_898754963583178
ïº—ïº°ïº‘ïº®ï»­ ïº»ïº¤ïº ï»‹ï» ï»´ï»œï»¢  ï»›ï»² ïº­ïºïº© ïº­ïº‘ï»² ïº‘ïºï»Ÿï» ï»¬ï»² ï»“ï»¤ïº ïº¯ï»­ïºï»­ï»» ïº‘ï»¼ïºµ ï»ï»„ïºïº€ ï»³ï»˜ï»„ï» ï»“ï»´ï»¬ï»¢ ïºï»Ÿïº’ïº®ïº© ïº—ïº¬ï»›ïº®ï»³ï»¬ï»¢,0,date= 2017-12-27T17:38:48+0000,Page Facebook= sourceFblink : 426170127508333_898754963583178
ïº§ïºï»³ïº’ïº”,0,date= 2017-12-26T13:49:55+0000,Page Facebook= sourceFblink : 426170127508333_898754963583178
Mahlek,1,date= 2017-12-26T14:07:48+0000,Page Facebook= sourceFblink : 426170127508333_898754963583178
ï»£ïº¤ï»¼ï»™ ğŸ˜—ğŸ˜—â¤ğŸ’—ğŸ’,1,date= 2017-12-26T13:53:11+0000,Page Facebook= sourceFblink : 426170127508333_898754963583178
Ma7leeek,1,date= 2017-12-26T18:42:22+0000,Page Facebook= sourceFblink : 426170127508333_898754963583178
Belle 3zizti â¤,1,date= 2017-12-26T14:28:43+0000,Page Facebook= sourceFblink : 426170127508333_898754963583178
Mashallah 3lik ya aychoucha W inchalah 3amek mabrouk,1,date= 2017-12-26T15:15:24+0000,Page Facebook= sourceFblink : 426170127508333_898754963583178
Mahlek wa mahlek fi klip Allah yahdik,1,date= 2017-12-26T15:31:05+0000,Page Facebook= sourceFblink : 426170127508333_898754963583178
always in shape and beautifull :),1,date= 2017-12-26T19:53:29+0000,Page Facebook= sourceFblink : 426170127508333_898754963583178
ïºï»Ÿïº ï»¤ïºï» ï»‹ïºïº‹ïº¸ïº”,1,date= 2017-12-26T14:57:59+0000,Page Facebook= sourceFblink : 426170127508333_898754963583178
hubyy <3,1,date= 2017-12-26T13:49:54+0000,Page Facebook= sourceFblink : 426170127508333_898754963583178
Fomek Walla kbir hhhhhh,0,date= 2017-12-26T17:09:40+0000,Page Facebook= sourceFblink : 426170127508333_898754963583178
3ichoucha,1,date= 2017-12-27T10:20:54+0000,Page Facebook= sourceFblink : 426170127508333_898754963583178
9hartni bchfeyfek buuuuuuuu zinek,1,date= 2017-12-26T16:38:29+0000,Page Facebook= sourceFblink : 426170127508333_898754963583178
ï»£ïº¤ï»¼ï»™ ï»­ï»£ïºïº·ïº’ï»´ï»š ï»£ïºï»§ïº ï»¤ïº¸ï»² ï»§ïº¼ïº’ïº®,1,date= 2017-12-26T15:58:21+0000,Page Facebook= sourceFblink : 426170127508333_898754963583178
I THINK..........YOU HAVING GOOD TIME ğŸ˜Š,1,date= 2017-12-25T22:41:09+0000,Page Facebook= sourceFblink : 426170127508333_898383726953635
Tu est belle mais franchement ta l'air trop reloud comme meuf  ğŸ˜•ğŸ˜•ğŸ˜•,0,date= 2017-12-26T05:02:52+0000,Page Facebook= sourceFblink : 426170127508333_898383726953635
chkouno hedha ramy khalil hera hera hera ramy khalil chkoune hedha ramy khalil t7ebo yakel kertoucha fi raso ramy khalil,0,date= 2018-01-01T09:56:45+0000,Page Facebook= sourceFblink : 426170127508333_898383726953635
ï»£ïº¤ï»¼ï»™,1,date= 2017-12-25T21:25:08+0000,Page Facebook= sourceFblink : 426170127508333_898383726953635
ïº­ïºï»›ï»² ïº—ï»˜ïº˜ï»´ï» ïº‘ïºï»Ÿïº°ï»³ï»¦ ï»³ïº ï»‹ï»´ïº¸ï»®ïº·ïº”,1,date= 2017-12-25T21:50:18+0000,Page Facebook= sourceFblink : 426170127508333_898383726953635
Bozink n7bkğŸ˜ brchhha et bonne continueğŸ˜»,1,date= 2017-12-25T21:27:41+0000,Page Facebook= sourceFblink : 426170127508333_898383726953635
ï»£ï»¨ï»®ïº­ï»³ï»¦ ï»‹ï»´ïº¸ï»®ïº·ïº”,1,date= 2017-12-26T08:37:53+0000,Page Facebook= sourceFblink : 426170127508333_898383726953635
cc ola,0,date= 2017-12-25T21:26:31+0000,Page Facebook= sourceFblink : 426170127508333_898383726953635
ï»£ïº°ï»³ïºï»§ïº” ïº‘ïº®ïº·ïº” ï»‹ïºï»³ïº¸ïº” ï»§ïº¤ïº’ï»š,1,date= 2017-12-26T11:24:10+0000,Page Facebook= sourceFblink : 426170127508333_898383726953635
ğŸ˜˜ğŸ˜˜ğŸ˜˜ğŸ˜˜ğŸ˜˜,1,date= 2017-12-25T21:29:01+0000,Page Facebook= sourceFblink : 426170127508333_898383726953635
hh mazinek 3zisti,1,date= 2017-12-26T19:39:00+0000,Page Facebook= sourceFblink : 426170127508333_897371007054907
Hhhh ftttuQğŸ’š,1,date= 2017-12-27T09:49:53+0000,Page Facebook= sourceFblink : 426170127508333_897371007054907
Dima mahlek,1,date= 2017-12-24T12:32:12+0000,Page Facebook= sourceFblink : 426170127508333_897371007054907
7abibi,1,date= 2017-12-24T08:57:52+0000,Page Facebook= sourceFblink : 426170127508333_897371007054907
ï»­ï»³ï»¦ ïºï»Ÿï»¤ïº´ïº®ïº£ï»´ï»ª ï»«ïº¬ïº,0,date= 2017-12-24T09:46:21+0000,Page Facebook= sourceFblink : 426170127508333_897371007054907
Bonne courage,1,date= 2017-12-26T08:13:09+0000,Page Facebook= sourceFblink : 426170127508333_897371007054907
7abibi,1,date= 2017-12-24T13:30:19+0000,Page Facebook= sourceFblink : 426170127508333_897371007054907
Ya latiff,0,date= 2017-12-28T18:51:46+0000,Page Facebook= sourceFblink : 426170127508333_897371007054907
3aychoch wen,1,date= 2017-12-27T17:18:19+0000,Page Facebook= sourceFblink : 426170127508333_897371007054907
ğŸ˜,0,date= 2017-12-24T08:53:37+0000,Page Facebook= sourceFblink : 426170127508333_897371007054907
ğŸ˜¹ğŸ˜ğŸ˜ğŸ˜,1,date= 2017-12-25T22:56:35+0000,Page Facebook= sourceFblink : 426170127508333_897371007054907
ï»­ïº­ïº©ïº“  ï»£ïº¤ï»¼ï»™  ïº£ïºï»“ï»ˆï»² ï»‹ï» ï»° ïº­ï»—ï»´ï»š ï»­ ïº›ï»˜ïºï»“ïº˜ï»š,1,date= 2017-12-28T15:30:01+0000,Page Facebook= sourceFblink : 426170127508333_897371007054907
Hhhhh,1,date= 2017-12-24T11:59:00+0000,Page Facebook= sourceFblink : 426170127508333_897371007054907
Ma7la zinik,1,date= 2017-12-24T18:23:10+0000,Page Facebook= sourceFblink : 426170127508333_897371007054907
Dima mnawra,1,date= 2017-12-24T16:08:45+0000,Page Facebook= sourceFblink : 426170127508333_897371007054907
ï»«ï»¬ï»¬ï»¬ï»¬ï»¬ï»¬ï»¬ï»¬ï»¬ï»ª,1,date= 2017-12-24T18:52:00+0000,Page Facebook= sourceFblink : 426170127508333_897371007054907
Hhhhhhh,0,date= 2017-12-27T10:34:33+0000,Page Facebook= sourceFblink : 426170127508333_897371007054907
hhhhhhhhhhhhhhhhhhhhhhhhhhhhhhhhhhhhhhhhhhhhhhhhhhhhhhhhhhhhhhhhhhhhhhhhhhhhhhhhhhhhhhhhhhhhhh,0,date= 2018-01-01T09:57:00+0000,Page Facebook= sourceFblink : 426170127508333_897371007054907
ï»£ï»¬ïºªï»± ï»£ï»¬ïºªï»± ïºï»Ÿï»Œïº’ï»´ïºªï»±,0,date= 2017-12-27T17:23:19+0000,Page Facebook= sourceFblink : 426170127508333_897371007054907
ï»£ïº¤ï»¼ïºïºï»™ ï»‹ï»´ïº¸ï»®ïº·ïº”,1,date= 2017-12-26T08:41:33+0000,Page Facebook= sourceFblink : 426170127508333_896749280450413
"ï»£ïº¤ï»¼ïºïºï»™ ï»‹ï»´ïº¸ï»®ï»­ïº·ïº” 
ï»§ïº˜ï»¤ï»¨ïºï»Ÿï»š ïºï»Ÿïº˜ï»®ï»“ï»´ï»– ï»­ïºï»Ÿï»¨ïº ïºïº¡ 
ï»‹ï» ï»° ïº§ïºï»ƒïº® ï»ƒï»”ï» ïº” ïº«ï»›ï»´ïº” ï»­ï»£ïº˜ïº®ïº‘ï»´ïº” ï»­ïº—ï»Œïº®ï»‘ ï»­ï»³ï»¦ ïº—ïº¤ï»‚ ïº³ïºï»—ï»´ï»¬ïº",1,date= 2017-12-23T18:12:02+0000,Page Facebook= sourceFblink : 426170127508333_896749280450413
Sedra Sh ï»«ï»®ï»¥ ï»£ïº’ï»´ï»¨ï»² ïºï»›ïº˜ïº®,1,date= 2018-01-02T19:45:42+0000,Page Facebook= sourceFblink : 426170127508333_896749280450413
m7lek aychoucha,1,date= 2017-12-23T09:43:51+0000,Page Facebook= sourceFblink : 426170127508333_896749280450413
love ğŸ˜˜ğŸ˜˜ğŸ˜˜,1,date= 2017-12-23T09:20:23+0000,Page Facebook= sourceFblink : 426170127508333_896749280450413
ï»£ïº¤ï»¼ï»™ ï»‹ï»´ïº¸ï»®ïº·ïº”,1,date= 2017-12-27T10:39:55+0000,Page Facebook= sourceFblink : 426170127508333_896749280450413
Maahlek ya aicha et apres !!!!!!!,0,date= 2017-12-27T22:45:53+0000,Page Facebook= sourceFblink : 426170127508333_896749280450413
Wahra tberkallh,1,date= 2017-12-23T09:22:40+0000,Page Facebook= sourceFblink : 426170127508333_896749280450413
ï»‹ïº´ï»®ï»Ÿïº” ï»£ïº¤ï»¼ï»›ï»²,1,date= 2017-12-23T09:21:36+0000,Page Facebook= sourceFblink : 426170127508333_896749280450413
ï»£ïº¤ï»¼ï»© ï»‹ï»´ïº¸ï»®ïºµ ï»­ïº­ïº‘ï»´ï»Š ï»³ï»¬ïº’ï»,1,date= 2017-12-27T13:21:49+0000,Page Facebook= sourceFblink : 426170127508333_896749280450413
Paranoiaa bellehiii,0,date= 2017-12-23T14:32:57+0000,Page Facebook= sourceFblink : 426170127508333_896749280450413
ï»‹ï» ï»° ïºï»Ÿïº¼ïº’ïºïº¡,0,date= 2017-12-23T10:57:35+0000,Page Facebook= sourceFblink : 426170127508333_896749280450413
ï»³ïº ï»Ÿï» ïº” ï»«ï»¬ï»¬ï»¬ï»ª,1,date= 2017-12-26T07:26:46+0000,Page Facebook= sourceFblink : 426170127508333_896749280450413
La ceinture  Aicha!  La ceinture ğŸ˜‚,0,date= 2017-12-23T14:00:36+0000,Page Facebook= sourceFblink : 426170127508333_896749280450413
HhhhhhhhhğŸ˜‚ğŸ˜‚ğŸ˜‚ğŸ˜‚,0,date= 2017-12-23T09:44:19+0000,Page Facebook= sourceFblink : 426170127508333_896749280450413
ï»«ïº’ïºï»,1,date= 2017-12-23T09:26:35+0000,Page Facebook= sourceFblink : 426170127508333_896749280450413
ï»“ïº®ï»­ïº¥ ïº‘ï»® ï»£ïº¼ïº” ïº—ïº˜ïº®ïºï»—ïºº,0,date= 2017-12-24T22:10:43+0000,Page Facebook= sourceFblink : 426170127508333_896749280450413
ï»«ïº˜ï»² ï»«ï»¢ ï»­ïºŸï»Œï»® ïºï»Ÿï»˜ï» ïº,0,date= 2017-12-23T09:28:37+0000,Page Facebook= sourceFblink : 426170127508333_896749280450413
Mdr,0,date= 2017-12-23T11:06:47+0000,Page Facebook= sourceFblink : 426170127508333_896749280450413
wela rabih baroud t7eb enfaregh fih kerdhouna baroud,0,date= 2018-01-01T09:58:00+0000,Page Facebook= sourceFblink : 426170127508333_896749280450413
Bnj aicha,1,date= 2017-12-23T10:42:41+0000,Page Facebook= sourceFblink : 426170127508333_896749280450413
o,0,date= 2017-12-23T22:39:22+0000,Page Facebook= sourceFblink : 426170127508333_896749280450413
â¤,1,date= 2017-12-23T11:26:34+0000,Page Facebook= sourceFblink : 426170127508333_896749280450413
Louay Kalthoum ïº‘ïº°ï»­ï»—ïº´ïº² â¤ğŸ˜‚,0,date= 2017-12-26T20:26:39+0000,Page Facebook= sourceFblink : 426170127508333_896749280450413
ï»£ï»Œïº®ï»­ï»“ï»´ï»¦ ï»“ï»² ïº·ïº’ïºïº‘ï»¬ï»¢ ï»³ï»„ï»”ïº®ï»­ïº ïºï»Ÿï»ï» ï»¤ïºï»¥ ï»­ï»›ï»´ï»’ ï»³ï»œïº’ïº®ï»­ïº ï»³ï»®ïº§ïº®ï»­ïº ... ïºï»Ÿï»¨ïº´ïºïº€ ï»³ï»”ï»´ïº´ï»®ïº ïº‘ï»´ï»¬ï»¢ ï»­ï»³ïº®ïº·ï»˜ï»®ïº ï»‹ï» ï»´ï»¬ï»¢ ïº‘ïº®ïº·ïº” ï»“ï» ï»®ïº± ïºï»›ïºï»«ï»® .  ïºï»Ÿï»¤ï»”ïº®ï»­ïº½ ï»§ïº’ï»Œïºœï»®ï»Ÿï»¢ ïºï»Ÿïº¸ïº’ïºïº ïºï»Ÿï»¤ï»œïº¤ï»®ï» ïºï»Ÿï» ï»² ï»‹ï»¨ïºªï»§ïº ïºï»Ÿï» ï»² ï»³ï»ïº˜ïº¼ïº’ï»®ïº ï»“ï»² ïºï»Ÿï»Œïº°ïºï»³ïº° .,0,date= 2017-12-23T05:10:55+0000,Page Facebook= sourceFblink : 426170127508333_896560840469257
"5atir mays3dhouch lmra tounsia t7lelhoum 3inihom 
We tfy9 nasa 3la barcha 7ajet 1960 lmra tounsia tsou9 fi tayarat nsahoum mazelo yrkbou fi jmal we we ki tmrth mra 3endhoum 3ib bech wa7id yhiz yadwiha ğŸ˜‚ğŸ˜‚ğŸ˜‚",1,date= 2017-12-23T00:45:52+0000,Page Facebook= sourceFblink : 426170127508333_896560840469257
ïº—ï»˜ïº¼ïºª ï»§ïº´ïºïº€ ïº—ï»®ï»§ïº² ï»›ï»² ï»³ï»¤ïº¸ï»´ï»® ï»Ÿï»¼ï»£ïºïº­ïºïº• ï»³ï»¤ïº¸ï»´ï»® ïº‘ïºïºµ ï»³ïº˜ï»¤ïº˜ï»Œï»®ïº ïº‘ï»´ï»¬ï»¢ ïºï»»ï»£ïº®ïºïº€ØŸØŸ,0,date= 2017-12-23T07:22:20+0000,Page Facebook= sourceFblink : 426170127508333_896560840469257
Normalement un pays respectueux et digne rÃ©pond du tac au tac.,0,date= 2017-12-23T07:52:34+0000,Page Facebook= sourceFblink : 426170127508333_896560840469257
Hhhh oui tu as raison,1,date= 2017-12-23T01:31:11+0000,Page Facebook= sourceFblink : 426170127508333_896560840469257
Hhhhhh tetbahlel!!!!! Mata3rech inti 3lech?!!!!,0,date= 2017-12-23T10:46:32+0000,Page Facebook= sourceFblink : 426170127508333_896560840469257
ïºï»§ïº ï»§ï»˜ï»®ï»Ÿï»š ïº‘ï» ï»² ï»§ïºïº± ï»§ïº˜ï»Š ï»Ÿïº¨ï» ï»´ïº ï»›ï»¼ïº ï»£ï»´ïº¼ï» ïº¤ï»®ïºµ,0,date= 2017-12-23T11:25:31+0000,Page Facebook= sourceFblink : 426170127508333_896560840469257
plutot ils preferent les enfants.,0,date= 2017-12-23T00:50:27+0000,Page Facebook= sourceFblink : 426170127508333_896560840469257
J adore,1,date= 2017-12-23T04:11:18+0000,Page Facebook= sourceFblink : 426170127508333_896560840469257
Twahachtik Aicha,1,date= 2017-12-23T07:48:54+0000,Page Facebook= sourceFblink : 426170127508333_896560840469257
Yesssss,1,date= 2017-12-27T00:17:31+0000,Page Facebook= sourceFblink : 426170127508333_896560840469257
A oui c vrai,1,date= 2017-12-23T00:56:14+0000,Page Facebook= sourceFblink : 426170127508333_896560840469257
hahahahahaha :p :p,1,date= 2017-12-23T00:52:41+0000,Page Facebook= sourceFblink : 426170127508333_896560840469257
Hhhhhhh,0,date= 2017-12-23T02:33:03+0000,Page Facebook= sourceFblink : 426170127508333_896560840469257
You made it looks worse ! So Tunisian men who are allowed are !,0,date= 2017-12-23T00:45:27+0000,Page Facebook= sourceFblink : 426170127508333_896560840469257
svp 4naya ta3 chkoun,1,date= 2017-12-22T15:18:39+0000,Page Facebook= sourceFblink : 426170127508333_896275800497761
Ma7lek yassmina,1,date= 2017-12-22T15:31:45+0000,Page Facebook= sourceFblink : 426170127508333_896275800497761
ïº»ï»®ïº—ï»š  ïºïº£ïº´ï»¦  ï»£ï»¨ï»®,1,date= 2017-12-22T14:58:20+0000,Page Facebook= sourceFblink : 426170127508333_896275800497761
Toktell aychoucha,1,date= 2017-12-22T22:35:32+0000,Page Facebook= sourceFblink : 426170127508333_896275800497761
ï»ƒïºï»³ïº®ï»³ï»¦ ïºïº¯ï»­ïº¯,1,date= 2017-12-22T15:31:26+0000,Page Facebook= sourceFblink : 426170127508333_896275800497761
Plz chesmha,1,date= 2017-12-23T00:05:02+0000,Page Facebook= sourceFblink : 426170127508333_896275800497761
Chkono heka,1,date= 2017-12-22T14:58:03+0000,Page Facebook= sourceFblink : 426170127508333_896275800497761
Ahla bb ğŸ˜—ğŸ˜—ğŸ˜—ğŸ˜—ğŸ˜—ğŸ˜—ğŸ˜—ğŸ˜˜ğŸ˜˜,1,date= 2017-12-22T16:12:19+0000,Page Facebook= sourceFblink : 426170127508333_896275800497761
Saha,1,date= 2017-12-22T15:20:03+0000,Page Facebook= sourceFblink : 426170127508333_896275800497761
Aicha Attia ï»ƒï» ï»‹ï» ï»´ï»¨ïº ï»“ï»² ïº‘ïºïº­ï»³ïº²,1,date= 2017-12-23T14:42:48+0000,Page Facebook= sourceFblink : 426170127508333_896275800497761
ï»£ïº¤ï» ï»š,1,date= 2017-12-22T18:30:43+0000,Page Facebook= sourceFblink : 426170127508333_896275800497761
ïº»ï»®ïº—ï»š ïºï»§ïº˜ï»² ïºïº£ï» ï»° ï»‹ïºï»³ïº¸ïº”,1,date= 2017-12-22T19:12:51+0000,Page Facebook= sourceFblink : 426170127508333_896275800497761
rabih baroud taw en9olek fel baroud kifeche yeji,0,date= 2018-01-01T09:58:46+0000,Page Facebook= sourceFblink : 426170127508333_896275800497761
Claudin Rose ğŸ˜ğŸ˜,1,date= 2017-12-22T23:00:54+0000,Page Facebook= sourceFblink : 426170127508333_896275800497761
Houssem DjoğŸ˜˜,1,date= 2017-12-22T18:36:36+0000,Page Facebook= sourceFblink : 426170127508333_896275800497761
Hhh leterma le kerech kel 7nach nesma3biha lin ritha mala 3keyet omala 9isas,0,date= 2017-12-22T14:54:53+0000,Page Facebook= sourceFblink : 426170127508333_895714483887226
aychouchti :* :* :*,1,date= 2017-12-21T18:40:52+0000,Page Facebook= sourceFblink : 426170127508333_895714483887226
AHLA TU ES BIEN,1,date= 2017-12-21T17:40:19+0000,Page Facebook= sourceFblink : 426170127508333_895714483887226
Ahla ğŸ˜—ğŸ˜—ğŸ˜—,1,date= 2017-12-21T18:00:12+0000,Page Facebook= sourceFblink : 426170127508333_895714483887226
je t'aime aychouche,1,date= 2017-12-21T18:37:20+0000,Page Facebook= sourceFblink : 426170127508333_895714483887226
Vous Ãªtes trÃ¨s charmante emnawra aychocha,1,date= 2017-12-21T18:25:41+0000,Page Facebook= sourceFblink : 426170127508333_895714483887226
ï»³ïº ï»‹ï»´ïº¸ï»®ïº·ïº” ï»­ï»§ï»š ï»­ï»—ïº– ïº‘ïº®ïº© ï»›ï» ï»¨ï»°,1,date= 2017-12-21T19:24:08+0000,Page Facebook= sourceFblink : 426170127508333_895714483887226
ï»£ïº¤ï»¼ï»™ ï»‹ïºïº€ïº·ïº” ïºï»Ÿï»ïºï»Ÿï»´ïº”,1,date= 2017-12-21T17:34:40+0000,Page Facebook= sourceFblink : 426170127508333_895714483887226
Sa7a li omek 3ichti fiha ken inti,1,date= 2017-12-21T19:11:00+0000,Page Facebook= sourceFblink : 426170127508333_895714483887226
win belasa hathi,1,date= 2017-12-21T18:46:44+0000,Page Facebook= sourceFblink : 426170127508333_895714483887226
ïºï»§ïº– ï»“ï»´ï»¦,1,date= 2017-12-21T17:47:33+0000,Page Facebook= sourceFblink : 426170127508333_895714483887226
Oh..la la .....,1,date= 2017-12-21T21:24:01+0000,Page Facebook= sourceFblink : 426170127508333_895714483887226
Ithabel,1,date= 2017-12-21T21:26:54+0000,Page Facebook= sourceFblink : 426170127508333_895714483887226
hhhhh nty t9ol mes chÃ©ris w hwa y9ol men amis hhhhh chnya lhkya braby fasroilna,0,date= 2017-12-21T22:53:11+0000,Page Facebook= sourceFblink : 426170127508333_895474417244566
ï»£ï»¨ï»®ïº­ï»³ï»¦,1,date= 2017-12-21T13:13:38+0000,Page Facebook= sourceFblink : 426170127508333_895474417244566
ï»£ïº¸ïº’ï»ª ï»»ï»›ïº²,0,date= 2017-12-21T09:03:09+0000,Page Facebook= sourceFblink : 426170127508333_895474417244566
ğŸ¤”Chnowa Aicha  c est le grand amour lÃ  entre vous 2 .. ??,1,date= 2017-12-21T09:04:46+0000,Page Facebook= sourceFblink : 426170127508333_895474417244566
Bonjour 3fois,1,date= 2017-12-21T08:59:42+0000,Page Facebook= sourceFblink : 426170127508333_895474417244566
ïº»ïº’ïºïº¡ ïºï»Ÿïº¤ïº ï»»ïº£ï» ï»° ï»‹ï»´ïº¸ï»®ïº·ïº”,1,date= 2017-12-21T14:40:34+0000,Page Facebook= sourceFblink : 426170127508333_895474417244566
Mahlekom,1,date= 2017-12-21T13:26:39+0000,Page Facebook= sourceFblink : 426170127508333_895474417244566
sahe aichouche,1,date= 2017-12-21T14:27:43+0000,Page Facebook= sourceFblink : 426170127508333_895474417244566
ï»£ï»¨ï»®ïº­ï»³ï»¦ ï»³ïº ï»‹ï»´ïº¸ï»®ïº·ïº”,1,date= 2017-12-21T19:33:03+0000,Page Facebook= sourceFblink : 426170127508333_895474417244566
B1 aychoucha,1,date= 2017-12-21T09:15:20+0000,Page Facebook= sourceFblink : 426170127508333_895474417244566
bonjour,1,date= 2017-12-21T08:59:50+0000,Page Facebook= sourceFblink : 426170127508333_895474417244566
ğŸŒ¹,1,date= 2017-12-21T08:58:25+0000,Page Facebook= sourceFblink : 426170127508333_895474417244566
Mnwrien habybi ktier,1,date= 2017-12-21T10:13:31+0000,Page Facebook= sourceFblink : 426170127508333_895474417244566
taw enfahmek etsawer hedhouma eli kareztni bihom m3a l baroud hedha,0,date= 2018-01-01T10:00:12+0000,Page Facebook= sourceFblink : 426170127508333_895474417244566
Bnj aicha,1,date= 2017-12-21T10:52:32+0000,Page Facebook= sourceFblink : 426170127508333_895474417244566
Haya iltounis rani twa7achtk,1,date= 2017-12-21T10:53:20+0000,Page Facebook= sourceFblink : 426170127508333_895474417244566
ï»£ïº¤ï»¼ï»™,1,date= 2017-12-21T11:56:17+0000,Page Facebook= sourceFblink : 426170127508333_895474417244566
Ã€mal Saidi,0,date= 2017-12-23T18:21:51+0000,Page Facebook= sourceFblink : 426170127508333_895474417244566
Amna Sahli Ep Bahri,0,date= 2017-12-28T08:59:08+0000,Page Facebook= sourceFblink : 426170127508333_895474417244566
FÃ tÃ©n DrÃ¬dÃ­,0,date= 2017-12-21T18:14:54+0000,Page Facebook= sourceFblink : 426170127508333_895474417244566
"ï»» ïºï»§ïº– ï»§ïºï»—ïº¼ï»š ïº»ïº¤ï»”ïº” ïº‘ïº®ï»­ïº©ï»­ ğŸ²
ï»­ïº—ïº®ï»›ïº¸ï»² ï»“ï»² ïºŸï»´ï»®ïº‘ïºï»© ğŸ˜‚ğŸ˜‚ğŸ˜‚ğŸ˜‚",0,date= 2017-12-19T23:05:38+0000,Page Facebook= sourceFblink : 426170127508333_894399470685394
Top top top,1,date= 2017-12-19T14:41:23+0000,Page Facebook= sourceFblink : 426170127508333_894399470685394
ï»³ï»®ïºïº—ï»´ï»š,1,date= 2017-12-19T15:17:23+0000,Page Facebook= sourceFblink : 426170127508333_894399470685394
Nice aycha ama khsara khirna mechi l 4irna ğŸ˜‚ğŸ˜‚ğŸ˜‚ğŸ˜‚ğŸ˜‚,0,date= 2017-12-19T16:14:10+0000,Page Facebook= sourceFblink : 426170127508333_894399470685394
Mala jaw ğŸ˜Š,1,date= 2017-12-19T14:38:53+0000,Page Facebook= sourceFblink : 426170127508333_894399470685394
ï»‹ï»œï»Œï»š ï»³ïº ï»‹ïºï»³ïº¸ïº” ï»«ï»¬ï»¬ï»¬ï»¬ï»¬ï»¬ï»¬ï»ª,0,date= 2017-12-19T16:01:11+0000,Page Facebook= sourceFblink : 426170127508333_894399470685394
ïº»ïº¤ïº” ïº»ïº¤ïº”,1,date= 2017-12-19T17:25:30+0000,Page Facebook= sourceFblink : 426170127508333_894399470685394
Mahlekom,1,date= 2017-12-19T16:36:41+0000,Page Facebook= sourceFblink : 426170127508333_894399470685394
3aychoucha ğŸ˜˜ğŸ˜˜ğŸ˜˜ğŸ˜˜,1,date= 2017-12-19T14:51:25+0000,Page Facebook= sourceFblink : 426170127508333_894399470685394
ï»‹ïº®ïº± ïº‘ï»´ï»ª ï»­ ïº­ïº—ïº¤ï»¨ïº ğŸ˜¡ğŸ˜¡ğŸ˜¡ğŸ˜¡,0,date= 2017-12-19T15:21:34+0000,Page Facebook= sourceFblink : 426170127508333_894399470685394
Top top top,1,date= 2017-12-19T18:57:11+0000,Page Facebook= sourceFblink : 426170127508333_894399470685394
we hedhi teswira ma7leha ken jit ana m3ak rahi jet khir khater ana en7bek we ki yebdwo zouz ye7bo b3adhehom we yetsawro m3a b3adhehom dji teswira behya we kolha 7ob,1,date= 2018-01-01T10:02:59+0000,Page Facebook= sourceFblink : 426170127508333_893960527395955
ï»§ïº ï»¤ï»ª ïº‘ïºï»Ÿï» ï»´ï» ïº£ïºï»Ÿï»š,1,date= 2017-12-21T17:09:11+0000,Page Facebook= sourceFblink : 426170127508333_893960527395955
hilwa,1,date= 2017-12-19T16:59:51+0000,Page Facebook= sourceFblink : 426170127508333_893960527395955
ï»­ï»³ï»¦ ï»«ïº®ïº‘ïº˜ï»²,1,date= 2017-12-18T21:01:26+0000,Page Facebook= sourceFblink : 426170127508333_893960527395955
Aychouche toujours belle je t'aime,1,date= 2017-12-18T21:14:40+0000,Page Facebook= sourceFblink : 426170127508333_893960527395955
Ahla bb ğŸ˜˜ ğŸ˜— ğŸ˜—,1,date= 2017-12-18T22:27:09+0000,Page Facebook= sourceFblink : 426170127508333_893960527395955
ï»£ïºïº·ïºïº€ ï·² ï»‹ï» ï»° ïº‘ï»¨ïº˜ï»¨ïº ïºï»Ÿï»ïºï»Ÿï»´ïº”  ï»‹ïº´ï»®ï»Ÿïº” ïº­ïº‘ï»² ï»³ïº’ï»˜ï»² ï»‹ï» ï»´ï»š ïºï»Ÿïº´ïº˜ïº® ï»§ïº¤ïº’ï»š ïº‘ïº®ïº·ïº”,1,date= 2017-12-18T20:59:48+0000,Page Facebook= sourceFblink : 426170127508333_893960527395955
To7fa 3aychoucha,1,date= 2017-12-18T21:11:14+0000,Page Facebook= sourceFblink : 426170127508333_893960527395955
Vous avez tous d une grande aicha,1,date= 2017-12-18T21:58:06+0000,Page Facebook= sourceFblink : 426170127508333_893960527395955
I like u,1,date= 2017-12-20T12:25:37+0000,Page Facebook= sourceFblink : 426170127508333_893960527395955
5arjti ki Batman ! Aaicha,0,date= 2017-12-18T21:22:28+0000,Page Facebook= sourceFblink : 426170127508333_893960527395955
mehla zink,1,date= 2017-12-19T19:03:10+0000,Page Facebook= sourceFblink : 426170127508333_893960527395955
ï»£ïº´ïºïº€ ïºï»Ÿï»Œïº´ï»,1,date= 2017-12-18T21:25:24+0000,Page Facebook= sourceFblink : 426170127508333_893960527395955
Je.t'aime.Aicha,1,date= 2017-12-27T21:58:10+0000,Page Facebook= sourceFblink : 426170127508333_893105764148098
Mahleeh w mabeen 3inyyh 3aychoucha 9olou 9atleek InÃ¨s Ken jit kbira raani 5tafteek ğŸ˜‚ğŸ˜,1,date= 2017-12-17T14:37:09+0000,Page Facebook= sourceFblink : 426170127508333_893105764148098
ï»£ïº¤ï»¼ïºïºï»›ï»¢ ï»³ïº ïºïº£ï» ï»² ï»‹ï»´ïº¸ï»®ïº·ï»ª,1,date= 2017-12-17T14:33:12+0000,Page Facebook= sourceFblink : 426170127508333_893105764148098
N7ebek ya 3aycha barcha barcha na3mlou 9ahwa jom3a jaya mab3athna,1,date= 2017-12-17T14:31:24+0000,Page Facebook= sourceFblink : 426170127508333_893105764148098
Salut aichoucha rodbelik 3l rouhik aziza,1,date= 2017-12-17T14:31:59+0000,Page Facebook= sourceFblink : 426170127508333_893105764148098
Rabi maak aicha tu m erite tout le bonheur,1,date= 2017-12-17T14:31:29+0000,Page Facebook= sourceFblink : 426170127508333_893105764148098
"3aychocha ghaniha laghneya bsoutek,ğŸ˜˜",1,date= 2017-12-17T14:31:49+0000,Page Facebook= sourceFblink : 426170127508333_893105764148098
ï·² ï»£ï»Œïºï»›ï»¢ ï»£ï»¨ï»®ïº­ï»³ï»¦,1,date= 2017-12-17T14:32:21+0000,Page Facebook= sourceFblink : 426170127508333_893105764148098
Ma7lehaaa el vue,1,date= 2017-12-17T14:36:03+0000,Page Facebook= sourceFblink : 426170127508333_893105764148098
Achocha ğŸ˜˜ğŸ˜˜,1,date= 2017-12-17T14:33:29+0000,Page Facebook= sourceFblink : 426170127508333_893105764148098
Ma7la zinek AÃ¯choucha,1,date= 2017-12-17T14:27:41+0000,Page Facebook= sourceFblink : 426170127508333_893105764148098
Ma7laha bilasa aichoucha  amank 9oul rabi3 i5anili waja3 2alib <3,1,date= 2017-12-17T14:37:28+0000,Page Facebook= sourceFblink : 426170127508333_893105764148098
ï»£ïº¤ï»¼ï»™ ï»³ïº ïº­ïº‘ï»´ï»Š ïº—ï»˜ïº˜ï» ï»­ ïºï»§ïº ï»§ï»Œïº¸ï»– ïºï»Ÿï» ïº¤ï»´ïº” ïº§ïºïº»ïº”,1,date= 2017-12-17T14:31:32+0000,Page Facebook= sourceFblink : 426170127508333_893105764148098
Ma7lkoum bou zinkoum ğŸ˜ğŸ˜ğŸ˜˜ğŸ’–,1,date= 2017-12-17T14:33:30+0000,Page Facebook= sourceFblink : 426170127508333_893105764148098
Bonjour aichoucha,1,date= 2017-12-17T14:26:03+0000,Page Facebook= sourceFblink : 426170127508333_893105764148098
Aychoucha tire il foug,1,date= 2017-12-17T14:26:33+0000,Page Facebook= sourceFblink : 426170127508333_893105764148098
arwahi li algiri,1,date= 2017-12-17T14:27:24+0000,Page Facebook= sourceFblink : 426170127508333_893105764148098
Slm cv b1,1,date= 2017-12-17T14:27:00+0000,Page Facebook= sourceFblink : 426170127508333_893105764148098
Bowe zink,1,date= 2017-12-17T14:25:55+0000,Page Facebook= sourceFblink : 426170127508333_893105764148098
Chkoun eli m3ak,0,date= 2017-12-17T14:27:39+0000,Page Facebook= sourceFblink : 426170127508333_893105764148098
ïºï»Ÿïº¼ïº’ïºïº¡ ïºï»Ÿïº¬ï»± ï»» ï»³ïº’ïºªïºƒ ïº‘ï»€ïº¤ï»œïº˜ï»š  ïº»ïº’ïºïº¡ ï»£ïºïº¯ïºï» ï»“ï»² ïºï»Ÿï»Œïº˜ï»¤ïº” ïº¿ïº®ï»³ïº® ïºï»Ÿï»˜ï»¬ï»®ïº“  ïºï»Ÿïº˜ï»² ï»»ïº—ï»¼ï»£ïº² ïº·ï»”ïºï»«ï»š ï»—ï»¬ï»®ïº“ ï»£ïº ïº¯ïºï»Ÿïº– ï»“ï»² ï»ƒï»®ïº­ ïºï»Ÿïº˜ïº¤ï»€ï»´ïº®  ïºï»Ÿï»˜ïº¼ï»´ïºªïº“ ïºï»Ÿïº˜ï»² ï»» ïº—ï»Œïº®ï»‘ ï»—ïºï»“ï»´ïº” ïº‡ïº³ï»¤ï»š ï»—ïº¼ï»´ïºªïº“  ï»£ï»ï»€ï»®ïº ï»‹ï» ï»´ï»¬ïº ï»“ï»² ï»›ïº˜ïº ïºï»Ÿïº˜ï»”ïº´ï»´ïº®  ï»“ïº¼ïº’ïºïº¡ ïºï»Ÿïº¤ïº ï»‹ï» ï»² ïº‡ï»£ïº®ïºƒïº“  ïº©ï»­ïº§ïº– ïºï»Ÿï»¨ïºïº± ï»­ïº»ïºïº­ ïºï»Ÿï»´ï»®ï»¡  ïº£ïº˜ï»² ï»‹ï» ï»² ïº»ï»®ïº—ï»¬ïº ïº—ïº´ï»œïº® ïºï»Ÿï»Œïº¼ïºï»“ï»´ïº® . ïºƒïº£ï» ï»² ï»‹ï»´ïº¸ï»®ïº·ïº”,1,date= 2017-12-17T08:32:47+0000,Page Facebook= sourceFblink : 426170127508333_892913120834029
"3aychoucha
 ğŸ’œğŸ’œğŸ’œğŸ˜˜",1,date= 2017-12-17T07:48:32+0000,Page Facebook= sourceFblink : 426170127508333_892913120834029
zook ğŸ˜†ğŸ˜‚,0,date= 2017-12-18T06:50:42+0000,Page Facebook= sourceFblink : 426170127508333_892913120834029
Riahi Ghofrane kima serwelek hhhhhh ili natha7kou 3lih hhğŸ˜‚ğŸ˜‚ğŸ˜‚,0,date= 2017-12-17T07:48:23+0000,Page Facebook= sourceFblink : 426170127508333_892913120834029
Zbr ğŸ’œ,1,date= 2017-12-17T08:17:40+0000,Page Facebook= sourceFblink : 426170127508333_892913120834029
ïºï»Ÿïº ï»¤ïºï» ï»‹ïºïº‹ïº¸ïº”,1,date= 2017-12-17T15:17:46+0000,Page Facebook= sourceFblink : 426170127508333_892913120834029
Bnj cc ğŸ˜ ğŸ˜ ğŸ˜˜ ğŸ˜— â¤,1,date= 2017-12-17T07:53:48+0000,Page Facebook= sourceFblink : 426170127508333_892913120834029
ïº—ïº´ï»œï»¦ ï»“ï»² ïºï»Ÿï»¼ï»™ ï»«ïºï»‹ï»´ïº¸ïº”,0,date= 2017-12-17T07:46:59+0000,Page Facebook= sourceFblink : 426170127508333_892913120834029
ï»«ï»¬ï»¬ï»¬ï»Š ï»‹ïº ïº’ï»¨ï»² ïºï»Ÿïº¨ï»´ïº” ïºï»Ÿï»² ïº­ïºïº‘ïº˜ï» ïº‘ï»ª ïº£ïº°ïºï»§ï»š ï»«ï»¬ï»Œï»ª ïº­ï»­ï»‹ïº ï»«ï»¬ï»¬ï»ª,1,date= 2017-12-17T18:39:32+0000,Page Facebook= sourceFblink : 426170127508333_892913120834029
Bonjour Aaicha trÃ¨s joli est bonne journÃ©e !,1,date= 2017-12-17T08:49:49+0000,Page Facebook= sourceFblink : 426170127508333_892913120834029
elwahra 3andha maliha buuuuuuu zinek,1,date= 2017-12-18T20:17:31+0000,Page Facebook= sourceFblink : 426170127508333_892913120834029
ïºïº£ï» ï»° ï»‹ï»´ïº¸ïº”,1,date= 2017-12-17T08:55:03+0000,Page Facebook= sourceFblink : 426170127508333_892913120834029
ïº»ïº’ïºïº¡ ïºï»Ÿï»¨ï»®ïº­,1,date= 2017-12-17T10:01:55+0000,Page Facebook= sourceFblink : 426170127508333_892913120834029
ğŸ˜Jawara ..,1,date= 2017-12-17T11:09:14+0000,Page Facebook= sourceFblink : 426170127508333_892913120834029
ïº§ïºï»³ïº’ïº” ï»«ï»œïº,0,date= 2017-12-17T08:20:18+0000,Page Facebook= sourceFblink : 426170127508333_892913120834029
ïºïº£ï» ï»° ï»‹ï»´ïº¸ï»®ïº·ïº”,1,date= 2017-12-17T07:51:20+0000,Page Facebook= sourceFblink : 426170127508333_892913120834029
"ï»£ïº®ïº£ïº’ïº ïº‘ïºï»Ÿï»¨ïºïº± ïºï»Ÿï»œï» ï»“ï»² ï»—ïº®ï»­ïº  

A7la Twensa Fel Ghorba 
   ï»Ÿï»¤ïº– ïºï»Ÿïº˜ï»®ïºï»§ïº´ïº” ï»“ï»² ïºï»Ÿï»ïº®ïº‘ïº” ï»­ïºï»Ÿïºªïºïº§ï» ïºï»Ÿïºªï»‹ï»®ï»¯ ï»£ï»”ïº˜ï»®ïº£ïº ï»Ÿï» ïº ï»¤ï»´ï»Š",1,date= 2017-12-15T10:59:08+0000,Page Facebook= sourceFblink : 426170127508333_891575400967801
houni tetmenyek 3la 9elbi nharetha khater ana en7bek we dima enkhamem fik,0,date= 2018-01-01T10:05:18+0000,Page Facebook= sourceFblink : 426170127508333_891575400967801
Ya rouhy ğŸ‘‘ğŸ’œğŸ’œ,1,date= 2017-12-15T10:25:39+0000,Page Facebook= sourceFblink : 426170127508333_891575400967801
Keyenou eni ğŸ˜œğŸ˜œ,0,date= 2017-12-15T13:32:30+0000,Page Facebook= sourceFblink : 426170127508333_891575400967801
Bonjouuur <3,1,date= 2017-12-15T10:24:28+0000,Page Facebook= sourceFblink : 426170127508333_891575400967801
3aichoucha la plus belle poupÃ©e,1,date= 2017-12-15T13:07:40+0000,Page Facebook= sourceFblink : 426170127508333_891575400967801
ï»§ïº¸ïºªï»™ ï»§ï»˜ïº®ï»£ïº¸ï»š,1,date= 2017-12-15T10:26:45+0000,Page Facebook= sourceFblink : 426170127508333_891575400967801
TERISSSSS,,date= 2017-12-17T21:45:19+0000,Page Facebook= sourceFblink : 426170127508333_891575400967801
Bou zinek asl,1,date= 2017-12-15T11:10:54+0000,Page Facebook= sourceFblink : 426170127508333_891575400967801
Aicha MÃ©rida bel photo,0,date= 2017-12-15T14:35:35+0000,Page Facebook= sourceFblink : 426170127508333_891575400967801
Ahla.Aicha,1,date= 2017-12-15T10:25:43+0000,Page Facebook= sourceFblink : 426170127508333_891575400967801
Ma belle â¤â¤,1,date= 2017-12-16T18:05:29+0000,Page Facebook= sourceFblink : 426170127508333_891575400967801
je vous souhaite Bonne chance(kais),1,date= 2017-12-15T16:34:52+0000,Page Facebook= sourceFblink : 426170127508333_891575400967801
ïº£ï»† ï»£ï»®ï»“ï»– ï»³ïº ï»‹ïº´ï»,1,date= 2017-12-15T22:36:30+0000,Page Facebook= sourceFblink : 426170127508333_891575400967801
Jtm holwa,1,date= 2017-12-16T04:38:28+0000,Page Facebook= sourceFblink : 426170127508333_891575400967801
Malek Echi genre hekka :/,0,date= 2017-12-15T11:15:11+0000,Page Facebook= sourceFblink : 426170127508333_891575400967801
ğŸ’,1,date= 2017-12-15T11:18:16+0000,Page Facebook= sourceFblink : 426170127508333_891575400967801
ğŸ‘ŒğŸ‘ŒğŸ‘Œ,0,date= 2017-12-15T15:57:10+0000,Page Facebook= sourceFblink : 426170127508333_891575400967801
ïºïº£ï» ï»° ï»‹ïºï»³ïº¸ïº”,1,date= 2017-12-15T12:01:50+0000,Page Facebook= sourceFblink : 426170127508333_891575400967801
ïºï»Ÿïº ï»¤ïºï» ï»‹ïºïº‹ïº¸ïº”,1,date= 2017-12-13T15:28:04+0000,Page Facebook= sourceFblink : 426170127508333_890379554420719
ï»³ï»Œïº˜ï»š ïº©ï»­ïº©ïº“,1,date= 2017-12-13T15:46:15+0000,Page Facebook= sourceFblink : 426170127508333_890379554420719
â¤ï¸,1,date= 2017-12-13T19:52:51+0000,Page Facebook= sourceFblink : 426170127508333_890379554420719
Daloulet touns aychoucha,1,date= 2017-12-13T15:25:16+0000,Page Facebook= sourceFblink : 426170127508333_890379554420719
toujours belle ma cherie,1,date= 2017-12-13T15:25:17+0000,Page Facebook= sourceFblink : 426170127508333_890379554420719
Ma7lik 3aicha,1,date= 2017-12-13T15:48:18+0000,Page Facebook= sourceFblink : 426170127508333_890379554420719
ï»‹ï»´ïº¸ï»®ïº·ïº” ïº©ï»³ï»¢ ï»£ï»¨ï»®ïº­ïº“,1,date= 2017-12-13T15:35:54+0000,Page Facebook= sourceFblink : 426170127508333_890379554420719
ahla aicha,1,date= 2017-12-13T19:32:53+0000,Page Facebook= sourceFblink : 426170127508333_890379554420719
ï»£ï» ï»² ï»‹ïº¬ïºïº,0,date= 2017-12-27T23:12:19+0000,Page Facebook= sourceFblink : 426170127508333_890379554420719
ï»£ïº´ïºïº€ ïºï»Ÿï»”ï»,1,date= 2017-12-13T15:58:01+0000,Page Facebook= sourceFblink : 426170127508333_890379554420719
Your photos are very beautiful,1,date= 2017-12-13T15:58:21+0000,Page Facebook= sourceFblink : 426170127508333_890379554420719
ï»§ïºïº± ï»Ÿï»œï» ï»—ïºï»Ÿï»® ï»£ïºïº£ï» ï»ª,1,date= 2017-12-13T16:18:55+0000,Page Facebook= sourceFblink : 426170127508333_890379554420719
Toujours belle,1,date= 2017-12-13T17:40:58+0000,Page Facebook= sourceFblink : 426170127508333_890379554420719
Beautiful 3aycha,1,date= 2017-12-13T18:38:53+0000,Page Facebook= sourceFblink : 426170127508333_890379554420719
A7la 3ichoucha mabelle pozision,1,date= 2017-12-13T15:36:37+0000,Page Facebook= sourceFblink : 426170127508333_890379554420719
Ma7lek,1,date= 2017-12-13T19:03:39+0000,Page Facebook= sourceFblink : 426170127508333_890379554420719
Ma7lek,1,date= 2017-12-13T15:57:00+0000,Page Facebook= sourceFblink : 426170127508333_890379554420719
Je t'adore aicha,1,date= 2017-12-13T17:13:32+0000,Page Facebook= sourceFblink : 426170127508333_890379554420719
ï»£ïº ïºƒïº£ï»¼ï»™ ï»³ïº ï»‹ï»´ïº¸ï»®ïº·ïº”,1,date= 2017-12-13T16:57:31+0000,Page Facebook= sourceFblink : 426170127508333_890379554420719
3Ã ndek sel3Ã  moucn nourmÃ l,1,date= 2017-12-08T19:23:05+0000,Page Facebook= sourceFblink : 426170127508333_887021761423165
3sall,1,date= 2017-12-08T20:14:37+0000,Page Facebook= sourceFblink : 426170127508333_887021761423165
3aichouchağŸ˜ğŸ˜˜,1,date= 2017-12-08T21:00:47+0000,Page Facebook= sourceFblink : 426170127508333_887021761423165
J'adore bb,1,date= 2017-12-08T19:55:33+0000,Page Facebook= sourceFblink : 426170127508333_887021761423165
ï»³ïºï»—ï»„ï»®ïº³ïº”,1,date= 2017-12-08T19:53:58+0000,Page Facebook= sourceFblink : 426170127508333_887021761423165
Rak ble 9osa a7la barche,0,date= 2017-12-08T20:45:26+0000,Page Facebook= sourceFblink : 426170127508333_887021761423165
ï»£ïº¤ï»¼ï»™ ïºïº—ï»¬ïº’ï» ï»‹ï»´ïº¸ï»®ïº·ïº”ïº£ïº’ï»²,1,date= 2017-12-08T19:20:38+0000,Page Facebook= sourceFblink : 426170127508333_887021761423165
Iloveyou,1,date= 2017-12-08T19:23:33+0000,Page Facebook= sourceFblink : 426170127508333_887021761423165
ïºï»Ÿï» ï»’ ï»£ïºïº·ïºï»Ÿï» ï»ª ï»‹ï» ï»´ï»œï»² ï»£ï»¨ï»®ïº­ïº“...ï»‹ï»´ïº¸ï»®ïº·ïº”...,1,date= 2017-12-09T01:08:45+0000,Page Facebook= sourceFblink : 426170127508333_887021761423165
togtel,1,date= 2017-12-08T19:54:42+0000,Page Facebook= sourceFblink : 426170127508333_887021761423165
ï»£ïºïº·ïºïº€ ï·² ï»‹ïº´ï» ï»‹ïº´ï» ï»‹ïº´ï» ï»‹ïº´ï» ï»‹ïº´ï»,1,date= 2017-12-08T21:12:15+0000,Page Facebook= sourceFblink : 426170127508333_887021761423165
ï»§ïº¤ïº’ï»š#aicha_attia,1,date= 2017-12-08T19:27:59+0000,Page Facebook= sourceFblink : 426170127508333_887021761423165
ï»£ïº¤ï»¼ï»™ ï»‹ï»´ïº¸ï»®ïº·ïº” ï»›ï»®ï»Ÿï»´ï»š ï»‹ï» ï»°.ïº‘ï»Œï»ˆï»´ï»š ïº£ï» ï»®,1,date= 2017-12-08T19:27:47+0000,Page Facebook= sourceFblink : 426170127508333_887021761423165
Vous restez toujours tres belle,1,date= 2017-12-09T22:37:58+0000,Page Facebook= sourceFblink : 426170127508333_887021761423165
Bella wblmkyaj bella,1,date= 2017-12-12T19:42:06+0000,Page Facebook= sourceFblink : 426170127508333_887021761423165
Rak 3ssal,1,date= 2017-12-08T20:42:15+0000,Page Facebook= sourceFblink : 426170127508333_887021761423165
"ï»Ÿï»¦ ïº—ï»¬ïº°ï»¡ ïºï»£ï»ª ï»—ïºïº‹ïºªï»«ïº ï»£ïº¤ï»¤ïºª 
ï»­ï»Ÿï»¦ ïº—ï»¬ïºªï»¡ ïºïº­ïº½ ïº«ï»›ïº®ïº• ï»“ï»² ïºï»Ÿï»˜ïº®ïºƒï»¥ 
ï»­ïº‘ïº„ïº«ï»¥ ï·² ïºï»Ÿï»˜ïºªïº± ïº± ïº—ï»€ï» ï»Ÿï»¨ïº",0,date= 2017-12-07T18:40:27+0000,Page Facebook= sourceFblink : 426170127508333_886084801516861
ï·² ïºï»›ïº’ïº®,1,date= 2017-12-07T19:56:45+0000,Page Facebook= sourceFblink : 426170127508333_886084801516861
Wa nemaa bellah,1,date= 2017-12-07T18:21:47+0000,Page Facebook= sourceFblink : 426170127508333_886084801516861
ïºï»§ïº¸ïºï»Ÿï» ï»ª,1,date= 2017-12-07T17:31:40+0000,Page Facebook= sourceFblink : 426170127508333_886084801516861
ïºï»§ïº¸ïºï»Ÿï» ï»ª ïºï»§ïº¸ïºï»Ÿï» ï»ª,1,date= 2017-12-08T15:39:28+0000,Page Facebook= sourceFblink : 426170127508333_886084801516861
ïºï»£ï»´ï»¦,1,date= 2017-12-07T16:15:48+0000,Page Facebook= sourceFblink : 426170127508333_886084801516861
"ïºï»Ÿïºªï»­ï»Ÿïº” ïºï»Ÿïº˜ï»®ï»§ïº´ï»´ïº” ï»»ï»«ï»´ïº” ïº—ïº´ïº®ï»• ï»­ ïº—ï»¨ï»¬ïº ï»“ï»² ïºï»Ÿïº¸ï»Œïº ØŒ ï»Ÿï» ï»¤ïºïº• ïº‘ïºïºµ ï»³ïº’ï»˜ï»®ïº ïº§ïºï»³ï»”ï»´ï»¦ ï»£ï»¦ ïº‡ïº³ïº®ïºïº‹ï»´ï» ï»£ïºï»‹ï»¨ïºªï»«ï»¢ ïºï»Ÿïº ïº®ïºƒïº“ ïº£ïº˜ï»° ï»¹ïº»ïºªïºïº­ ïº‘ï»´ïºï»¥ ï»­ ïºï»Ÿï»¨ï»¬ï»€ïº” ï»» ïº­ïºï»‹ï»´ïº” ï»Ÿï»ºïº³ï»¼ï»¡ ï»» ï»­ïºï»Ÿï»® ï»›ï» ï»® ï»›ïº¬ïº ï»­ ï»§ï»”ïºï»• ïº‘ïºïºµ ï»³ïº¸ïºªï»­ ïºï»Ÿï»œïº®ïº³ï»² ïº‘ïº¤ïº¬ïº ï»Ÿï»² ïºï»‹ï»ˆï»¢ ï»£ï»¨ï»¬ï»¢ ïºï»Ÿï»¨ïºªïºïº€ .. 
ïºƒï»£ïº®ï»³ï»œïº ï»­ ïºïº³ïº®ïºïº‹ï»´ï» ï»³ï»Œï» ï»¨ïºï»¥ ïºï»Ÿï»˜ïºªïº± ï»‹ïºïº»ï»¤ïº” ïº‡ïº³ïº®ïºïº‹ï»´ï» ï»‹ï» ï»° ïºƒïº­ïº½ ïºï»Ÿï»®ïºï»—ï»Š
ï»­ïºï»Ÿï»Œïº®ïº ï»­ïºï»Ÿï»¤ïº´ï» ï»¤ï»®ï»¥ ï»³ï»Œï» ï»¨ï»®ï»§ï»¬ïº ï»‹ïºïº»ï»¤ïº” ï»“ï» ïº´ï»„ï»´ï»¦ ï»‹ï» ï»° ïºƒïº­ïº½ ïºï»Ÿï»”ïºï»³ïº´ïº’ï»®ï»™",0,date= 2017-12-06T23:51:33+0000,Page Facebook= sourceFblink : 426170127508333_885716588220349
ï»­ïºï»Ÿïº¨ïº°ï»± ï»­ïºï»Ÿï»Œïºïº­ ï»‹ï» ï»² ïº§ï»¨ïºïº¯ï»³ïº® ïºï»Ÿïº¨ï» ï»´ïº ïºï»Ÿï» ï»² ïº§ïºªïº ï»£ï»¨ï»¬ï»¢ 400 ï»£ï» ï»´ïºïº­ ïº©ï»­ï»»ïº­ ï»“ï»² ï»Ÿï»´ï» ï»ª ï»­ïº¿ïº¤ïºï»«ïº,0,date= 2017-12-06T23:39:58+0000,Page Facebook= sourceFblink : 426170127508333_885716588220349
"ïº³ïº†ïºï» ïº—ïºï»“ï»ª ï»Ÿï»¤ïº ïº£ïº˜ï»° ïºï»Ÿï»Œïº®ïº ï»³ïº¸ïº˜ï»¤ï»®ï»¥ ï»«ïº˜ï» ïº® ï»­ ï»³ï» ï»˜ïº’ï»®ï»§ï»ª ïº‘ïºªï»›ïº˜ïºïº—ï»®ïº­ ï»­ ïºï»Ÿï»˜ïºïº—ï» ï»­ ïºï»Ÿïº¦ ï»›ï»¢ ï»£ï»¦ ï»£ïº´ï» ï»¢ ï»—ïº˜ï» ï»«ïº˜ï» ïº® ØŸ  ï»» ïº—ïº®ïº©ïº©ï»­ïº ï»—ï»®ï» ïºï»Ÿï»´ï»¬ï»®ïº© ïºï»Ÿï»¤ï»¨ïºï»“ï»˜ï»´ï»¦ 
ïºï»Ÿïº¬ï»³ï»¦ ïºïº«ïºï»‹ï»®ïº ï»›ï» ïºï»§ï»®ïºï»‰ ïºï»Ÿï»œïº¬ïº ï»‹ï» ï»´ï»ª ï»»ï»¥ ïºï»Ÿï»¤ïºïº¿ï»² ï»“ïºïº• ï»­ ïº—ï»¢ ïº—ïº¤ïº®ï»³ï»”ï»ª ï»«ïº˜ïºïº­ ïºïº·ïºª ïºï»Ÿï»¨ïºïº± ïº«ï»›ïºïº€ïº ï»­ ï»£ï»Œïº®ï»“ïº” ïº‘ïº¤ï»˜ï»´ï»˜ïº” ïºï»Ÿï»´ï»¬ï»®ïº© ï»Ÿïº¬ï»Ÿï»š ïº£ïºïº­ïº‘ï»¬ï»¢ ï»­ ï»³ï»Œï» ï»¢ ï»£ïºªï»¯ ï»£ï»œïº®ï»«ï»¢ ï»­ ï»ïºªïº­ï»«ï»¢ ï»­ ïº·ïº®ï»­ïº­ï»«ï»¢",0,date= 2017-12-13T20:14:26+0000,Page Facebook= sourceFblink : 426170127508333_885716588220349
ï»Ÿï»¤ïºïº«ïº ï»» ï»³ïº˜ïº¤ïºï»Ÿï»’ ïºï»Ÿï»Œïº ï»£ï»¦ ïºƒïºŸï» ïºï»Ÿï»˜ï»€ï»´ïº” ïºï»Ÿï»”ï» ïº´ï»„ï»´ï»¨ï»´ïº” ğŸ˜”ğŸ˜”ğŸ˜” ïº£ïºïº‘ïº ïºï»Ÿïº¬ï»«ïºïº ï»Ÿï» ïº ï»¬ïºïº© ï»“ï»´ï»¬ïº,0,date= 2017-12-07T00:14:02+0000,Page Facebook= sourceFblink : 426170127508333_885716588220349
la3rb ih mslmin win,0,date= 2017-12-07T00:25:35+0000,Page Facebook= sourceFblink : 426170127508333_885716588220349
Exactement Ã§a  !,1,date= 2017-12-07T00:07:17+0000,Page Facebook= sourceFblink : 426170127508333_885716588220349
ïºï»§ïº´ïºï»¥ ïº—ïºï»“ï»ª ï»­ïº£ï»˜ï»´ïº® ï»‹ï» ï»´ï»ª ï»£ï»¦ ï·² ï»£ïºï»³ïº´ïº˜ïº¤ï»–,0,date= 2017-12-06T23:39:12+0000,Page Facebook= sourceFblink : 426170127508333_885716588220349
Zeyed m3ak habibit galbi dima les status mta3ik tayyara,1,date= 2017-12-07T00:25:22+0000,Page Facebook= sourceFblink : 426170127508333_885716588220349
La3nat allah 3lih,0,date= 2017-12-07T09:10:25+0000,Page Facebook= sourceFblink : 426170127508333_885716588220349
merci,1,date= 2017-12-07T16:31:42+0000,Page Facebook= sourceFblink : 426170127508333_885716588220349
Habib Mokranii Mohamed Minaoui,0,date= 2017-12-06T23:46:42+0000,Page Facebook= sourceFblink : 426170127508333_885716588220349
"Nous n'avant  pas des e'ta nous https://www.instagram.com/nour
 avons une peuple (Kais)--------",0,date= 2017-12-06T23:47:25+0000,Page Facebook= sourceFblink : 426170127508333_885716588220349
ï»«ï»² ï»«ï»® ïº§ïº¬ ïºŸïºïº‹ïº°ïº“ ï»­ïºï»§ïº– ïºïºµ ï»£ïºªïº§ï» ï»š,0,date= 2017-12-07T18:27:53+0000,Page Facebook= sourceFblink : 426170127508333_885623954896279
ï»Ÿï»®ï»›ïºï»¥ ïºï»Ÿïº ï»¤ïºï» ïº‘ïºï»Ÿïº˜ï»Œïº®ï»± ï»Ÿï»œïºï»§ïº– ïºï»Ÿï»˜ïº®ïº©ïº“ ïºïºŸï»¤ï» ï»§ïº´ïºïº€ ïºï»Ÿï»Œïºï»Ÿï»¢ .ï»‹ï»´ïº¸ïº” ïºï»§ïº– ï»» ïº—ïº¤ïº˜ïºïºŸï»´ï»¦ ï»Ÿï» ïº˜ï»Œïº®ï»± ï»Ÿï»œï»² ïº—ï»œï»®ï»§ï»² ïºŸï»¤ï»´ï» ïº” ïºï»§ïº– ïºŸï»¤ï»´ï» ïº” ïº‘ïºï»Ÿï»”ï»„ïº®ïº“,0,date= 2017-12-09T18:04:56+0000,Page Facebook= sourceFblink : 426170127508333_883562578435750
Cc ğŸ˜ğŸ˜ :* â¤,1,date= 2017-12-03T21:14:40+0000,Page Facebook= sourceFblink : 426170127508333_883562578435750
Bari choufi hal le 7ayetek seybi 3elik me 7ekeyet fer8a,0,date= 2017-12-03T21:22:52+0000,Page Facebook= sourceFblink : 426170127508333_883562578435750
ïº‘ïº®ï»¯ ïº—ïº®ï»³ï»¨ïº ï»›ïº’ïº® ïº³ïºï»—ï»´ï»š ï»­ ï»«ï»¤ïº ïº—ï»˜ï»®ï» ïºÚ¨ïºïº•,0,date= 2017-12-03T21:19:58+0000,Page Facebook= sourceFblink : 426170127508333_883562578435750
ayshusha ğŸ˜ŒğŸ’˜,1,date= 2017-12-03T21:36:24+0000,Page Facebook= sourceFblink : 426170127508333_883562578435750
ï»£ïº¤ï»¼ ïº³ïº ï»—ï»´ï»š,1,date= 2017-12-04T06:40:09+0000,Page Facebook= sourceFblink : 426170127508333_883562578435750
Aicha Attia ïº³ï»¤ï»Œïº– ï»ï»¨ïºï»³ïº” ïºï»ïºïº­ ï»‹ï» ï»´ï»¬ïº ï»£ï»¦ ïº›ï»´ïºïº‘ï»ª ï»³ïº¨ï»² ïº§ïº®ïºŸïº” ï»‹ïº®ï»³ï»¨ï»¬ïº,0,date= 2017-12-04T19:20:28+0000,Page Facebook= sourceFblink : 426170127508333_883562578435750
ï»­ï·² ï»» ï»“ï»¬ï»¤ïº˜ï»š ïº·ïº˜ïº¤ïº ïº—ï»Œï»¤ï» ïº ï»‹ï»´ïº¸ïº”,0,date= 2017-12-04T09:38:48+0000,Page Facebook= sourceFblink : 426170127508333_883562578435750
Toopp photo bilel briki ğŸ˜‰..aichaa dimaa 44,1,date= 2017-12-03T21:41:45+0000,Page Facebook= sourceFblink : 426170127508333_883562578435750
ï»‹ïºïºµ ï»£ï»¦ ïº·ïºï»“ï»š  ïº­ïºï»™ ï»§ï»®ïº­ïº—ï»´ï»¨ïº,1,date= 2017-12-03T23:32:47+0000,Page Facebook= sourceFblink : 426170127508333_883562578435750
ï»³ïº´ï» ï»¢ ï»«ïº ïºï»Ÿï»ïº°ïºï» ï»£ï»¨ï»®ïº­ïº“,1,date= 2017-12-03T21:12:55+0000,Page Facebook= sourceFblink : 426170127508333_883562578435750
ï»­ïº£ïºªï»™ ï»‹ï»´ïº¸ï»®ïº·ï»ª,1,date= 2017-12-04T01:14:59+0000,Page Facebook= sourceFblink : 426170127508333_883562578435750
m7llek wmabannek ya 3aychoucha bouzinek ğŸ˜ğŸ˜˜,1,date= 2017-12-04T21:31:17+0000,Page Facebook= sourceFblink : 426170127508333_883562578435750
ï»›ï»®ï»Ÿï»´ï»š ï»‹ï» ï»° ïº‘ï»Œï»€ï»š ïº£ï» ï»®ï»­,1,date= 2017-12-03T21:13:25+0000,Page Facebook= sourceFblink : 426170127508333_883562578435750
hram,0,date= 2017-12-03T21:37:31+0000,Page Facebook= sourceFblink : 426170127508333_883562578435750
ï»³ïº¨ï»² ïº·ïº’ï»´ï»š ï»«ïº’ï» ïº”,0,date= 2017-12-04T18:30:06+0000,Page Facebook= sourceFblink : 426170127508333_883562578435750
Mabanek aicha wallah thabel,1,date= 2017-12-07T17:01:36+0000,Page Facebook= sourceFblink : 426170127508333_883562578435750
ïºƒïº—ïº’ï»œï» ï·² ï»‹ï» ï»´ï»š ï»³ïº ïºƒïº£ï»¼ïº ï»‹ï»´ïº¸ï»®ïº·ïº” ï»“ï»² ïº©ï»§ï»´ïº,1,date= 2017-12-04T10:02:29+0000,Page Facebook= sourceFblink : 426170127508333_883562578435750
Ma7leh tatoo habalni,1,date= 2017-12-04T18:49:59+0000,Page Facebook= sourceFblink : 426170127508333_883562578435750
ğŸ˜ğŸ˜ğŸ’,1,date= 2017-12-01T16:21:29+0000,Page Facebook= sourceFblink : 426170127508333_881976228594385
ï»­ïºï»»ï»§ï»®ïº›ïº” ïº£ï»´ïºïº€ ï»—ïº’ï» ïºï»¥ ïº—ï»œï»®ï»¥ ïºïº¯ï»³ïºïº€ğŸ’ƒğŸ»â˜ºï¸,0,date= 2017-12-01T19:05:12+0000,Page Facebook= sourceFblink : 426170127508333_881976228594385
Koul 3am w 2nti b 100000 5erUnofficial: Aicha Atia,1,date= 2017-12-01T17:54:32+0000,Page Facebook= sourceFblink : 426170127508333_881976228594385
Rohi,1,date= 2017-12-01T17:12:38+0000,Page Facebook= sourceFblink : 426170127508333_881976228594385
ïº»ï» ï»² ï»‹ï» ï»´ï»ª ï»­ïº³ï» ï»¢,1,date= 2017-12-01T20:32:30+0000,Page Facebook= sourceFblink : 426170127508333_881976228594385
Khalil 9atlek mouldeek mabrouuk :*,1,date= 2017-12-01T16:22:32+0000,Page Facebook= sourceFblink : 426170127508333_881976228594385
ï·² ï»³ïº´ï» ï»¤ï»š ï»­ï»³ïº’ïºïº­ï»™ ï»“ï»´ï»š ï»‹ï»„ï»´ïº”...ïºï»Ÿïº°ï»³ï»¦,1,date= 2017-12-01T23:43:03+0000,Page Facebook= sourceFblink : 426170127508333_881976228594385
Toujours EST belle <3  #hassen,1,date= 2017-12-01T19:07:05+0000,Page Facebook= sourceFblink : 426170127508333_881976228594385
Tbarkalla Ma7lek 3aicha,1,date= 2017-12-02T06:16:58+0000,Page Facebook= sourceFblink : 426170127508333_881976228594385
Wawww,1,date= 2017-12-07T21:56:02+0000,Page Facebook= sourceFblink : 426170127508333_881976228594385
3lina w 3lik 3aichoucha,1,date= 2017-12-01T17:19:58+0000,Page Facebook= sourceFblink : 426170127508333_881976228594385
Wao wao,1,date= 2017-12-01T16:33:12+0000,Page Facebook= sourceFblink : 426170127508333_881976228594385
ï»Ÿï»¤ïºïº«ïº ïº—ï»”ï»ˆï» ï»´ï»¦ ï»›ï»ï»´ïº®ï»™ ï»£ï»¦ ïºï»Ÿïº’ï»¨ïºïº• ï»Ÿï»ïº” ïºï»Ÿïº ïº´ïºª !!!!!!!!,0,date= 2017-12-01T22:06:01+0000,Page Facebook= sourceFblink : 426170127508333_881976228594385
ï»‹ï» ï»´ï»¨ïº ï»­ï»‹ï» ï»´ï»š ğŸ˜˜ğŸ˜˜,1,date= 2017-12-01T17:11:50+0000,Page Facebook= sourceFblink : 426170127508333_881976228594385
La regina Aicha,1,date= 2017-12-01T17:09:09+0000,Page Facebook= sourceFblink : 426170127508333_881976228594385
3lina wa3lik 3aychoucha,1,date= 2017-12-01T17:02:06+0000,Page Facebook= sourceFblink : 426170127508333_881976228594385
ï»» ïº—ïº˜ïº¤ïº®ïºµ ï»» ïº—ï»¨ï»ˆïº® ï»» ï»» ï»» ï»»ØŒïº‡ïº£ïº˜ïº®ï»£ï»®ïº ïº­ï»­ïºïº£ï»œï»¢ ï»­ ï»³ïº°ï»³ï»¨ïº ï»£ï»¦ ïºï»Ÿïº¨ï»¤ïº ï»­ ï»—ï» ïº” ïºï»Ÿïº¤ï»´ïºïº€ ï»­ ïºï»¹ï»³ïº¤ïºïº€ïºïº• ïºï»Ÿïº ï»¨ïº´ï»´ïº”...ï»­ ïº‘ïº®ïº‘ï»² ï»Ÿï»ïº” ïº£ïº®ï»³ïº” ï»­ ï»«ïºï»™ ïºï»Ÿïº®ï»­ï»³ï»– ï»“ï»œï»®ï»§ïº ï»£ï»¨ï»¬ïº...ïº­ïº‘ï»² ï»³ïº˜ï»®ï»»ï»›ï»¢ ï»­ ï»£ï» ïº˜ï»˜ïºï»§ïº ï»³ï»®ï»¡ ïºï»Ÿïº¤ïº¸ïº® ï»­ï»—ïº˜ï»¬ïº ï»—ï»®ï» ï»Ÿïº®ïº‘ï»² ï»«ïº¬ï»± ï»“ï»¦ ï»­ ïºƒï»§ïºï»—ïº” ï»­ ....,0,date= 2017-11-27T20:21:27+0000,Page Facebook= sourceFblink : 426170127508333_878842252241116
ïº—ïº¤ï»´ïºïº—ï»² ï»»ï»«ï» ïº—ï»®ï»§ïº². ï»­ïº§ïºïº»ïº” ïºï»Ÿïº¸ïºïº‘ï»². ï»§ï»®ï»“ï» ï»­ïºï»Ÿï»œïº®ï»­ï»§ï»´ï»œï»´ïº® ï»£ïº¤ï»¤ïºª ïºï»»ï»§ï»”ï»Œïºï»Ÿï»².ï»­ï»›ï» ïºï»Ÿï»Œïºï»£ï» ï»´ï»¦ ïº‘ïºï»Ÿïº¤ï»®ïºïº­ ïºï»Ÿïº˜ï»®ï»§ïº´ï»²,1,date= 2017-11-27T20:51:22+0000,Page Facebook= sourceFblink : 426170127508333_878842252241116
ï»«ï»¨ïº ïº­ïºï»™ ïº—ïº’ïºï»§ï»² ï»›ïº’ï»´ïº®ïº“ ïº‘ï» ï»®ïº·ï»¢. ï»³ïº°ï»± ïº§ï» ï»´ï»¨ïº ï»§ï»˜ï»Œïºªï»­ ï»§ïº¤ïº’ï»®ï»™ ï»›ï»´ï»¤ïº ïº‡ï»§ïº˜ï»² ï»‹ï» ï»° ï»ƒïº’ï»´ï»Œïº˜ï»š ï»‹ïºïº‹ïº¸ïº”. .,0,date= 2017-11-27T20:25:35+0000,Page Facebook= sourceFblink : 426170127508333_878842252241116
ï»›ïº’ïº®ï»­ ï»³ïº ï»­ïº£ï»´ïºªïº“ ïº—ï»®ï»›ï» ï»“ï»´ï»¬ï»¢ ï»“ï»² ïº³ï»´ïº®ï»³ï»¼ï»™ØŸğŸ˜‚ğŸ˜‚âœŒğŸ»ğŸ˜œ,1,date= 2017-11-27T21:21:35+0000,Page Facebook= sourceFblink : 426170127508333_878842252241116
Wow so sexy I love it,1,date= 2017-11-28T05:37:04+0000,Page Facebook= sourceFblink : 426170127508333_878842252241116
Dommage wlh kont nchouf fik b 3in kbira 5sara,0,date= 2017-11-29T19:07:57+0000,Page Facebook= sourceFblink : 426170127508333_878842252241116
Malek Trabelsi ech kawlk fi leklasset,0,date= 2017-11-27T21:34:30+0000,Page Facebook= sourceFblink : 426170127508333_878842252241116
Toujours tu es trÃ¨s sÃ©duisante et douce ..trÃ¨s beaux yeux ..,1,date= 2017-11-28T16:15:50+0000,Page Facebook= sourceFblink : 426170127508333_878842252241116
Zeyed masetha,0,date= 2017-11-27T22:01:35+0000,Page Facebook= sourceFblink : 426170127508333_878842252241116
ï»³ïºï»‹ï»´ïº¶ ïº­ïºï»›ï»² ï»‹ïºï»—ï» ïº” ï»‹ï»¼ïºµ ï»«ïºï»Ÿï»Œïº®ïºïº€ ï»­ïºï»Ÿïº¬ïº­ïºïº€,0,date= 2017-11-28T05:51:53+0000,Page Facebook= sourceFblink : 426170127508333_878842252241116
ï»£ïºïº·ïºïº€ ï·² .. ïº­ï»­ï»‹ïº” ïºï»»ï»§ï»®ïº›ïº”,1,date= 2017-11-27T20:31:51+0000,Page Facebook= sourceFblink : 426170127508333_878842252241116
ïº£ïº®ïºï»¡ ï»‹ï» ï»´ï»š,0,date= 2017-11-27T20:27:26+0000,Page Facebook= sourceFblink : 426170127508333_878842252241116
ï»£ïº¤ï»¼ï»© ïºï»Ÿïº´ïº®ïº©ï»­ï»™ â¤ï¸,1,date= 2017-11-27T20:25:58+0000,Page Facebook= sourceFblink : 426170127508333_878842252241116
ï»£ïº¤ï»¼ï»™,1,date= 2017-11-27T20:18:58+0000,Page Facebook= sourceFblink : 426170127508333_878842252241116
"Aya chkoun y3arri akthrr ğŸ˜‚ğŸ˜‚
Chkoun zaaad ğŸ˜‚ğŸ˜‚ğŸ˜‚ğŸ˜‚",0,date= 2017-11-27T20:21:21+0000,Page Facebook= sourceFblink : 426170127508333_878842252241116
ïºï»Ÿïº ï»¤ïºï» ï»‹ïºïº‹ïº¸ïº”,1,date= 2017-11-28T16:33:43+0000,Page Facebook= sourceFblink : 426170127508333_878785035580171
ï»­ïº£ïº˜ï»° ïºï»§ïº– ï»£ï»¨ï»®ïº­ïº“,1,date= 2017-11-27T21:05:37+0000,Page Facebook= sourceFblink : 426170127508333_878785035580171
ïº©ï»­ï»£ïº ï»£ï»¨ï»®ïº­ïº“,1,date= 2017-11-27T21:04:39+0000,Page Facebook= sourceFblink : 426170127508333_878785035580171
Mwahra meziana barcha nhebek,1,date= 2017-11-29T15:51:26+0000,Page Facebook= sourceFblink : 426170127508333_878785035580171
ïºïºŸï»¤ï» ï»“ï»¨ïºï»§ïº” ï»§ïº¤ïº’ï»š,1,date= 2017-11-29T15:17:38+0000,Page Facebook= sourceFblink : 426170127508333_878785035580171
ï»‹ïº´ïº´ïº´ïº´ïº´ïº´ïº´ïº´ïº´ïº´ïº´ïº´ïº´ïº´ïº´ïº´ïº´ïº´ïº´ïº´ïº´ïº´ïº´ïº´ïº´ïº´ï»,1,date= 2017-11-28T21:08:34+0000,Page Facebook= sourceFblink : 426170127508333_878785035580171
"ï»›ï»¨ïº– ï»£ïº¤ï»¼ï»™ ï»‹ï» ï»° ï»ƒïº’ï»´ï»Œïº˜ï»š ...ï»›ï»´ï»’ ïº—ïº’ïºªï»Ÿïº– ï»£ï»Œïºïºµ ï»§ïº˜ïº’ï»Œï»®ï»™ ïº§ïºï»ƒïº® ïºï»± ï»­ïºïº£ïºª ï»³ïº¨ïº¬ ïº·ï»®ï»³ïº” ïº·ï»¬ïº®ïº“ ï»³ï»®ï»Ÿï»² ïº¿ïº®ïº ï»“ï»² ïº­ï»­ïº£ï»® ïº‘ïº®ïº·ïº”
ïºïº­ïºŸï»Š ï»›ï»´ï»¤ïº ï»›ï»¨ïº– ïº§ï»´ïº® ïºï»Ÿïºªï»§ï»´ïº ï»“ï»¨ï»´ïº ï»­ï»£ï»´ïº’ï»˜ï»° ï»›ïºï»¥ ï»£ï»®ï»»ï»«ïº .....",0,date= 2017-11-29T10:07:51+0000,Page Facebook= sourceFblink : 426170127508333_878552982270043
Aycha ton defaut c tes cheuveux ksar w wekfin essaye de faire une extension w nahi alina frange brabi,0,date= 2017-11-30T01:07:15+0000,Page Facebook= sourceFblink : 426170127508333_878552982270043
ï»“ï»² ïºï»Ÿïº ïº’ï» ï»“ï»² ïºï»Ÿïº ïº’ï» ï»³ïºïº£ïº’ï»´ïº’ï»² ï»“ï»² ïºï»Ÿïº ïº’ï»,0,date= 2017-11-29T11:28:45+0000,Page Facebook= sourceFblink : 426170127508333_878552982270043
Mira Dridi chou ch3arha ğŸ˜±,0,date= 2017-11-29T14:25:11+0000,Page Facebook= sourceFblink : 426170127508333_878552982270043
ï»“ïºïºµ ïº—ï»Œï»¤ï» ï»² ï»“ï»² ïºï»Ÿïº ïº’ï»,0,date= 2017-11-29T18:52:34+0000,Page Facebook= sourceFblink : 426170127508333_878552982270043
"yaaay ahahha l caniche kif mn tichikitou ğŸ˜ğŸ˜ğŸ˜ğŸ˜ 
j'adoooooore âœŒâœŒâœŒ",1,date= 2017-11-29T11:45:40+0000,Page Facebook= sourceFblink : 426170127508333_878081422317199
Na9dtek 9asrya ğŸ˜‚ğŸ˜‚ğŸ˜‚,0,date= 2017-11-28T19:39:51+0000,Page Facebook= sourceFblink : 426170127508333_878081422317199
ï»»ï»³ï»®ïºŸïºªï»›ï»¼ï»¡ ïºï»¥ ïºï»—ï» ï»®,0,date= 2017-11-26T18:09:18+0000,Page Facebook= sourceFblink : 426170127508333_878081422317199
Malla 7aala mokrba walhğŸ˜‹,0,date= 2017-11-29T20:17:07+0000,Page Facebook= sourceFblink : 426170127508333_878081422317199
ï»­ïº­ïºïº± ïºï»£ï»´ï»¤ïº˜ï»² ï»‹ïº®ï»“ï»¨ïº ïºï»Ÿï»² ïºï»§ïº˜ï»² ï»‹ï»¤ï» ïº– ïº—ïºïº—ï»®ïºïº ï»“ï»² ïº³ïºï»—ï»´ï»š ï»­ï·² -_-,0,date= 2017-11-30T16:16:43+0000,Page Facebook= sourceFblink : 426170127508333_878081422317199
ïºï»Ÿï»®ï»­ï»­ï»­,0,date= 2017-11-25T11:14:41+0000,Page Facebook= sourceFblink : 426170127508333_877209015737773
Kan istarti rou7ik 5ir,0,date= 2017-11-26T22:43:50+0000,Page Facebook= sourceFblink : 426170127508333_877209015737773
ï»£ï»´ïº´ïºïº€ ïº‘ï»®ï»£ï»´ïº°ïº“ Ani heeni manich metkalma :p,0,date= 2017-11-27T11:38:46+0000,Page Facebook= sourceFblink : 426170127508333_877209015737773
ï»£ï»¼ ïº£ïºï»Ÿïº” ï»“ï»´ï»¬ïºïº ïº£ïºï»Ÿïº” ï»£ïº®ïºï»£ïº” ï»“ï»² ïº­ï»­ïº£ï»¬ïºïº ï»«ï»¬ï»¬ï»ª,0,date= 2017-11-27T10:24:52+0000,Page Facebook= sourceFblink : 426170127508333_877209015737773
ïº‘ï»¼ïºµ ï»›ï»¼ïº³ï»‚ ïºïº£ï» ï»°,0,date= 2017-11-27T22:47:45+0000,Page Facebook= sourceFblink : 426170127508333_877209015737773
Ya mama ya mama,0,date= 2017-11-17T18:25:50+0000,Page Facebook= sourceFblink : 426170127508333_872092282916113
Tmoutou 3lbarani hhhh,0,date= 2017-11-17T22:25:19+0000,Page Facebook= sourceFblink : 426170127508333_872092282916113
ïº·ï»œï»®ï»¥ ï»«ïºïº«ï»¯ ïº­ïºïºŸï» ï»šØŸ,0,date= 2017-11-17T18:31:25+0000,Page Facebook= sourceFblink : 426170127508333_872092282916113
