comment_text,sentiment,date,source_url
ุฌุงุฒุฉ ูููุฑุฉ ูุญูุงูุง ุชุญูู ูู ูุญูู ุงููุจูุง ูุจูุฑ ูุงููุงุชู ุจุฑุจู ูุดุงุก ุชูุงุตู ููุฉ ุชุฑุจุญ ูู ุงูุฏููุง ูุงูุขุฎุฑุฉ ูุดุงุก ุงูููู,positive,2017-12-28,https://www.facebook.com/AttessiaTV/
ุฅุฐุง ูุงูุช ุฒูุงุฑุฉ ุฃุฑุฏูุบุงู ูุชููุณ ูููุง ุตุฏู ู ุฎูุฑ ูุงูุชุตุงุฏูุง ููุง ุญุจุฐุง ูุงููุชุฑู ุงูุงูุทุจุงุนุงุช ุงูุณูุกุฉ ุฌุงูุจุง ูุนุฑูู ุงู ุซููุณ ููุง ุณูุงุฏุชูุง ู ุงูุญูุฏ ูู,positive,2017-12-28,https://www.facebook.com/AttessiaTV/
ูุฒุงุฒ  ูููููููู   ูุญุจูู,positive,2017-12-28,https://www.facebook.com/AttessiaTV/
ุญุชูู ูุงุญุฏ ุงููู ุนูุญููููููุท,negative,2017-12-28,https://www.facebook.com/AttessiaTV/
ูุง ุงุนูุงู ุงูุนุงุฑ,negative,2017-12-28,https://www.facebook.com/AttessiaTV/
ุงููู ูุง ุชุจุงุฑูููู ุงูุฌูุนุงููู,negative,2017-12-28,https://www.facebook.com/AttessiaTV/
ุงูููุฑูุงู ููุณุชููููุงุด ูุงุณูุง,negative,2017-12-28,https://www.facebook.com/AttessiaTV/
ุณุงุฑููู ูุงุญุฏ ูู ุงูุฌูุฉ ุฅูู ููุงููู ูููุง ุญุจ ูุชุฎูุต ูููู ูุฑูุงูู ูู ูุตุจ ุงููุถูุงุช,negative,2017-12-28,https://www.facebook.com/AttessiaTV/
ูุชูููู ูู ุงููุฌูุณ ุงูุชุฃุณูุณู ูุงูุง ููุงู ููุงููู ุซูุฑูุฉ ูุงู ุชูููุชู ูู ุบูุงุก ุงููุนูุดุฉ ูุงูููุงุทู ุฅูู ุฌูุจูุง ูุงุฑุบ ู ุนุงูุด ุนูู ุงููุฏููููุฉ ูุงูุจููุฉ ุงูุชุญุชูุฉ ุงููุงุฑุซูุฉ ู ุงูุจุทุงูุฉ ุฎูุฑ .... ููุงุจ ุงููุงูุฉ ูุงุฎู ูุฎุจูุงูู ุจุงุด ุชุญุฑููุง ุนูููุง ุงูุฏุฎุงู,negative,2017-12-28,https://www.facebook.com/AttessiaTV/
ูุงู ููุนุชู ุงูุฒุทูุฉ ุฎูุฑ ูุชุณุจุจุช ูู ููุงุฑุซ ุงุฌุชูุงุนูุฉ ููุงู ููุชูู ุงูุจู ููุง ุงูุงู ุจูุง ุดููุฉ ุฎูุฑ ูู ูู ูุฑุฉ ูุฎุฑุฌูู ุฑุจุน ูุงููู ูู ููุน ุจุดุฆ,negative,2017-12-28,https://www.facebook.com/AttessiaTV/
ูุฏุฎุงู ูู ุงูุณุจูุทุงุฑุงุช ูุงูุฌูุชูุด ุชูุญููู ... ุจุงุด ุชูุฌููุง ุชูุฌููู ูู ุงูููุงูู,negative,2017-12-28,https://www.facebook.com/AttessiaTV/
ูุงู ุฎููุชูุง ูู ุชุญุณูู ุขุฏุงุก ุงููุงุณ ุฅููู ุนูุฏูุง ุนูุงูุฉ ุจุงูุฎุฏูุงุช ุงูุตุญูุฉ ูุงู ุฎูุฑ,negative,2017-12-28,https://www.facebook.com/AttessiaTV/
ูุงุณ ุชุญุจ ุนูู ุงูุชุดุบูู ูุง&ุณุชุซูุงุฑุงุช ููุด ุนูู ุญูู ูุฑููุด ูุญูุงูุช ูุงุฑุบุฉ ููููู ูุงูู ุชุฏุฎุจู ูููุงูู ูููู ุงูุถูู ุนูู ุงูุดุนุจ ุถุฑุจุฉ ูุญุฏุฉ ุฎูุฑ ูุนูุจู ุชูุงูุชูู ูุญููู ุงูุชุงูู,negative,2017-12-28,https://www.facebook.com/AttessiaTV/
ุงุญุณู ูุฑุงุฑ...ุงููู ูุญุจ ูุชููู ูุชููู ูู ุฏุงุฑู ู ููุถุฑุด ุงููุงุณ ูุนุงู,positive,2017-12-28,https://www.facebook.com/AttessiaTV/
ุญุงุฌุฉ ุจุงููุฉ ๐,positive,2017-12-28,https://www.facebook.com/AttessiaTV/
ุงุด ุฎุต ุงูุดุงุก ุงููู ุตุญูุญุฉ ูููุทูู ุฌููุฉ,positive,2017-12-28,https://www.facebook.com/AttessiaTV/
ููุณ ูุฐุง ุงูุญู,negative,2017-12-28,https://www.facebook.com/AttessiaTV/
ููุนูุฉ ุงูุฑุฃู ูุงุด ุฎุต,positive,2017-12-28,https://www.facebook.com/AttessiaTV/
ุฎุทูุฉ ุฑุงุฆุนุฉ,positive,2017-12-28,https://www.facebook.com/AttessiaTV/
ุงูููุฑ ู ุงูุจูุงูุฉ...,negative,2017-12-28,https://www.facebook.com/AttessiaTV/
ูุงู ุงููุฐุจ,negative,2017-12-28,https://www.facebook.com/AttessiaTV/
ุงุนุฒ ุดู,positive,2017-12-28,https://www.facebook.com/AttessiaTV/
ุทุฒ ุทุฒ ุทุฒ ุทุฒ  ุฏูุญู ููุง ูุฑุงุฑุงุช ูุชุงุน ุฏููุฉ ูุงุฑุบุฉ,negative,2017-12-28,https://www.facebook.com/AttessiaTV/
ุงุญุณู ุญุงุฌุฉ ุชุนููููุง,positive,2017-12-28,https://www.facebook.com/AttessiaTV/
ูููููููููููู ูููููููููููู ููู ูุฐุจ,negative,2017-12-28,https://www.facebook.com/AttessiaTV/
ููููููู ุงูุญูููุฉ ูุณุจุณู ููุง ุงูุจุฑ ุงุฑูุจูู ูู ุชููุณ ุงุชูููููู ุนููู ูุง ุงุนูุงู ุงูุนุงุฑ,negative,2017-12-28,https://www.facebook.com/AttessiaTV/
ุงูุดูุทุงู ุณูุฏูุฑุงูุจุดุฑูู ููุงูุดุงุก,negative,2017-12-28,https://www.facebook.com/AttessiaTV/
ุฃูุจุฑ ุงุฑูุงูู ุดุฏ ุงููุตุฑ,negative,2017-12-28,https://www.facebook.com/AttessiaTV/
ููุง ุงูุญูุฏ ููู ูุด ุชููุณู ๐๐๐,positive,2017-12-28,https://www.facebook.com/AttessiaTV/
ูุนููุง ุงููุคุฐู ูุงุฒู ููุฑุง ููุณููู ุชูุง ุนุงุฏู ุงูุชููุง ูุฐุงู ูุฌุนูู ุจุงุด ุงููุฑูุง ุจุตูุงุฉ ููุง ุตูุชู ุฌุนูุฑ ูุงุญุถุชูู ุงูุง ุนูุงุด ูุฐู ุงูุณุชูู ุชุฌูุงูุน ูุงุฑุบ,negative,2017-12-28,https://www.facebook.com/AttessiaTV/
ูุฏุงุด ูููุชู ุนูู ุชูุดููุด ูุญูุงู ุชูุง ูู ูุงูุช ุงูุฃุตูุงุช ุงููุฒุนุฌุฉ ู ูู ุญุฑุฉ ูู ุฑุงููุง ู ุฒูุฏ ูุญูุง ุดูุฏุฎููุง ูู ุงููุตุฑููู ูู ุชูุฑุง ุงูููููุชุฑุงุช ุนูู ุงูููุณุจูู ุชููู ููุง ุดุนุจ ูุฏุงุด ูุคูู ู ูุชูู ู ุตุงุญุจ  ุฏูู ู ุฃุฎูุงู ู ุฎุงูู ุนูู ุฅุณูุงูู ู ุงูููุงุถุฑ ู ุงูููุทู ุงูุนุงุฏู ุฅูู ูุฑุงู ูููู ุนูู ุฃุฑุถ ุงููุงูุน ุดู ูููู ุงููุฎ,negative,2017-12-28,https://www.facebook.com/AttessiaTV/
ูุงููู ุงูุงุฎุฑ ุฏููุง .... ูุฐู ุงูุจุฏุงูู ููุงุฒุงู ูุงุฒุงู .ุฑุฃูุชู ุงูุงูููุงุจ ุงูู ุงูู ูุฃุฏู,negative,2017-12-28,https://www.facebook.com/AttessiaTV/
ูุณุช ุงุฏุฑู ููู ูููู ููุจุนุถ ุดุฆ ูู ุงูุฌุฑุงุฉ ูู ููู ููุฐุง ุงูุง ูุง ุงุชูู ูุน ุงูุงุฎูุงู  ูููู ุงุธู ูุณููุฉ ูุคููุฉ ุจุงูุทููุณ ูุงููุฑุงุฆุถ ุงูุฏูููุฉ ุจุตุฑุงุญุฉ ูุฐู ุงูุณูุฏุฉ ุงุฎุทุงุช,negative,2017-12-28,https://www.facebook.com/AttessiaTV/
ูุง ุญููุฉ ููุง ููุฉ ุงูุง ุจุงููู,negative,2017-12-28,https://www.facebook.com/AttessiaTV/
ุงูุนูุจ ูุด ููู ุงูุนูุจ ููู ูุญุทููุคุฐููู ุฃุตูุงุชูู ูุงุชุตูุญ ููุงุฐุงู,negative,2017-12-28,https://www.facebook.com/AttessiaTV/
ูุง ูุทูู ุนูู ูุฐุง ุงูููุงู ุงูุนุงุฑ,negative,2017-12-28,https://www.facebook.com/AttessiaTV/
ูุน ุงูุดู ู ุงูุณุท ููุดุท ุชููุณู ุงููู ฺจุนุฑุฉ,negative,2017-12-28,https://www.facebook.com/AttessiaTV/
ุฏุงููุง ุชุญูุฉ ุทูุจุฉ ููุฑูู ' ุดููุณ' ุงูู ุนุฒูุฒุฉ 'ููุชูุณูุง'' ุทุงุฑู....,positive,2017-12-28,https://www.facebook.com/AttessiaTV/
ุฃููู ุฑุจู ูุนุงู,positive,2017-12-28,https://www.facebook.com/AttessiaTV/
ุงููู ูุชุฑุจุญู ูุง ูุฑูู ุงูุฏุจุงุบ ุงูุชูุฑ ูููุงู ุงูุฎุณุงุฑู ุงูุซุงูุซู ุนูู ุงูุชูุงูู,negative,2017-12-28,https://www.facebook.com/AttessiaTV/
ูููุด ูุงููู ุญุงุฌู ู ูุฑูู ุทููุฉ ุนุงุฏูุฉ ู ุจูุงุช ุงููู ุงุนูุงู ุชููู ุฃูุง ุงุฒูู ุทููุฉ ู ุชููุณ .   ู ูู ูุฌูุง ููุจุฒ ููู ูููุงุฌ  ูุงู ุดูู ุชูุงุถุน  ู ุชุนุฑู ุฑูุญู ุนุงุฏูุฉ ุนูุงู ุชูุจุฑ ู ุงููุฑุฌุณูุฉ,negative,2017-12-28,https://www.facebook.com/AttessiaTV/
ูุฐุจ ุงูููุฌููู ููู ุตุฏููุง ู ูุง ูุนูู ุจุงูุบูุจ ุงูุง ุตุงุญุจ ุงูุบูุจ,negative,2017-12-27,https://www.facebook.com/AttessiaTV/
ูุฐุจ ุงูููุฌููู ููู ุตุฏููุง .,negative,2017-12-27,https://www.facebook.com/AttessiaTV/
ุฌูู ูุตูุจุฉ,negative,2017-12-27,https://www.facebook.com/AttessiaTV/
ุงูุฏูุงูุฒ ููุฉ ูู ุงููุฐุจ,negative,2017-12-27,https://www.facebook.com/AttessiaTV/
ุงุณุชุบูุฑ ุงููู ูุง ููุงุฏู ุดุฑู ูุฐุง ุจุงููู,negative,2017-12-27,https://www.facebook.com/AttessiaTV/
ู ุงูุฅูุงุฑุงุช ูุง ุงุณุชุนุฑูุชุด ุจููุง,negative,2017-12-27,https://www.facebook.com/AttessiaTV/
ุณูุงู ุนูููู ูุฑุญูุฉ ุงููู ูุจุฑูุงุชู ุฃูุง ูุบุฑุจู ููู ูุญุจู ุณูุณูุฉ ุดูู ูู ุญุงู ุงููู ูุฑุญู ุณููุงู ุดุนุฑู ุทููู ุงูุนูุฑ ุงูุจุงููุฉ ูู ูุฌูู ุณูุณูุฉ ุงููููุฒุฉ ูุชุญูุงุชู ูุดุนุจ ุชููุณ ุดููู,positive,2017-12-27,https://www.facebook.com/AttessiaTV/
ุดูุฑุง ููุงุฉ ุงูุชุงุณุนุฉ ูุงุฎุชูุงุฑูู ุงูููุทุฉ ุงูู ูุตูุฑุชูุง ุงูุง ูุณููุงู ุฑุจู ูุฑุญูู ูููุนูู ุงูุดุงููู,positive,2017-12-27,https://www.facebook.com/AttessiaTV/
ูู ูุฑุญูู ุณุบูุงู ุงูุดุนุฑู ู ูุตุจุฑ ุนุงููุชู ู ูุฌุนู ูุซูุงู ุงูุฌูุฉ,positive,2017-12-28,https://www.facebook.com/AttessiaTV/
ู ูุฑุญูู..ูุฏุงุด ุฏุฎู ุงูุถุญูุฉ ุนูููุง โคโคโค๐ญ,positive,2017-12-28,https://www.facebook.com/AttessiaTV/
ูุง ุญุจูุจุชูู ูู ุฏุฒุงูุฑ ุฏุงุฑูุง ูุงูู ุชุดุงูุฏ ูููู ุฑุจู ูุฎูููู ุงู ุดุงููู ูุงููู ุนุงูููู ุฌู ูุด ููุฑูุงู ุณูุฑุชู ุจุนูููููููููุดู,positive,2017-12-27,https://www.facebook.com/AttessiaTV/
ู ุงููู ูุง ุชุญุดููุง ูุง ููุงุณ,negative,2017-12-27,https://www.facebook.com/AttessiaTV/
ูุงููู ูุฎูุจูู ุจุงูุฑุณูู ุงูููููููู,negative,2017-12-27,https://www.facebook.com/AttessiaTV/
ุทูุญ ุณุนุฏูู ูุงุฎูุงุฌ,negative,2017-12-28,https://www.facebook.com/AttessiaTV/
ููู ูุฐููู ุงููู,negative,2017-12-28,https://www.facebook.com/AttessiaTV/
ูุนูุฉ ุงููู ุนูู ููุงุฑู ุดูุณ ููุซู ุงูุทุฑุจ!.ุจุฑุง ุญู ูุชุงุจ ุนูู ุฑูุญู,negative,2017-12-27,https://www.facebook.com/AttessiaTV/
ุฎุณุงุฑุฉ ููู ุญุชุง ุงูุงุณู ..ููุฑุฉ,negative,2017-12-28,https://www.facebook.com/AttessiaTV/
ุฃููููููููููููููููููููููููููููููููููููููููููููููููู,negative,2017-12-28,https://www.facebook.com/AttessiaTV/
ููุจ ูุจููู ูุง ูุฒููุงุด ุงูุฌูุนูุงุช ุงูุชุจุดูุฑูุฉ ุงูู ุฒุงุฏูุฉ ุนูููุง ุชุตุทุงุฏ ูู ุงูุดุจุงุจ ุงููููุฑ ุจุด ูุจูุน ุฏููู ??,negative,2018-01-01,https://www.facebook.com/AttessiaTV/
ููุง ุชูุณูู ุจุงูุทุงููู ูุณูุจู ุจุงุจุงูู ูุงุญูุง ุนูููุง ุงูุนูุณ ูุจุญุซ ุชูุงูุงุช  ูุงุชูููุง ููุณุช ูู ุชูุงููุฏูุง ูุชุงุน ุงููุงุณ ูููุงุณ ุฎุฐูุง ูููู ุงูุนูู ูููุณ ุจุงุจุง ูุฑููุณ,negative,2018-01-01,https://www.facebook.com/AttessiaTV/
ุชู ููุทู ูุฐุง ุงูุซุฑูุง ูู ุชููุณ ูุญุชููู ุจุฑุงุณ ุงูุณูุฉ ุงูุง ููุด ููุง ููุง ููุฑุฉ ุจุงุด ุงุญุทููุง ูู ูุฎ ุตุบุงุฑูุง,negative,2018-01-01,https://www.facebook.com/AttessiaTV/
ุงุญูุง ูู ุชููุณ ููุง ูู ุจูุงุฏ ุงูููุงุฑุุุ ูุนููู ุงููู,negative,2018-01-01,https://www.facebook.com/AttessiaTV/
ุงุด ุฏุฎููู ุจุฑุจู ุชุฏุฎูู ูู ุญูุงุฉ ูุงุณ ูุญุงุจูู ุชุฌูุจูููุง ูุตูุจุฉ,negative,2018-01-01,https://www.facebook.com/AttessiaTV/
ูู ุณูุฉ ูุงูุช ุทูุจ ููุนุงุฏ ุนููู ุจุงูุตุญุฉ ูุงูุนุงููุฉ ูุงููุญุจุฉ ูุงูุณูุงู ููุญูู ูู ุงูุงููู ู ุทููุญุงุชู ููุนุทูู ุทูู ุงูุนูุฑ ๐๐๐๐,positive,2018-01-01,https://www.facebook.com/AttessiaTV/
ููุงุฉ ุงูููุงู ุชุชููู ููู ุงูุฎูุฑ ูููููููู,negative,2017-12-31,https://www.facebook.com/AttessiaTV/
ุนูู ุงูุฎูุฑ ูุง ุงุดุฑุงุฑ ูููููุฎ,negative,2017-12-31,https://www.facebook.com/AttessiaTV/
ูู ุนุงู ูุงูุชู ุจุงูู ุฎูุฑ ูุฏูุชู ูุชุงูููู,positive,2018-01-01,https://www.facebook.com/AttessiaTV/
ุงูุดุงููู ุจุงูุชูููู ูุงููุฌุงุญ,positive,2017-12-31,https://www.facebook.com/AttessiaTV/
ูู ุนุงู ูุงูุชู ุจุฃูู ุฎูุฑ,positive,2017-12-31,https://www.facebook.com/AttessiaTV/
ุชุญู ุนุทุฑุฉ ูุน ูู ุงููุญุจุฉ ููู ุงูุง ุงูู ุฌููุน ุงุฎูุงูู ูู ุชููุณ ุงูุญุจูุจุฉ #ูุฑุงุฏ_ุจูู ูู #ุงูุฌุฒุงูุฑ,positive,2017-12-31,https://www.facebook.com/AttessiaTV/
ุนูุงุด ูู ุดููู ุด ูู ูุณุท ูู ุฌููุจ  ุชุตูุญู ูู ูุฑุงูุจ ุงุตุงุจูู  ูุชูููู ุนูููุง,negative,2017-12-31,https://www.facebook.com/AttessiaTV/
ุนุงููู ุณุนูุฏ ู ูุฏูุฏ,positive,2018-01-01,https://www.facebook.com/AttessiaTV/
ุตุญูุญ...ูุง ููุดูู ูุงู ูููุฑุงูุจ ุงูุฌุฏุฏ...ุงูุญูุงูุฉ ุงููู ููุจุฑูุฉ ...ุธุงูุฑ ุงูุดู...ูุง ูุตุฏุงููุฉ..ู ูุง ุฒูุฑ..ู ุงุญูุง ูุฎุณุฑู ูู ุงู  ...ู ุงููููุณ...ุฎุณุงุฑุชูู...,negative,2017-12-31,https://www.facebook.com/AttessiaTV/
ุงูุนุฏูุง ูู ุงูุจุจุบุงุก ูุงู ุงูุชูููุฏ,negative,2018-01-01,https://www.facebook.com/AttessiaTV/
ุฐูู ุงุนุงูุฉ ููุด ุงุญุชุฌุงุฌุงุช ุฎุตูุตูุฉ ูููุง ููุช ุงูุชู ุฐูู ุงุนุงูุฉ,negative,2018-01-01,https://www.facebook.com/AttessiaTV/
ููุง ุซูุงูุฉ ู ููุง ูุบุฉ ุณุจุญุงู ุงููู ูุนูุง ุชูุงูุฒ ุดุงุฑุน,negative,2018-01-01,https://www.facebook.com/AttessiaTV/
ุจุฑูุงูุฌ ููุชุน ู ุซุฑูุค,positive,2017-12-31,https://www.facebook.com/AttessiaTV/
ุงูููุงุฑู ูุชุน ูููุณููู ุดูุณ  ูุฌููู ูุทูุจ ูุตุงุฏู,positive,2017-12-31,https://www.facebook.com/AttessiaTV/
ุงูุดุงุก ุงููู ููููู ุตุงุฏููู...ูุง ุนูุฏูุด ูููู ุซูุฉ.....,negative,2018-01-01,https://www.facebook.com/AttessiaTV/
ูุงู ุงุฑุจุญุช ุฑุงู ุงุฑุจุญุช ุงูุช. ูุฒู ุจูุง ูุฐุจ ูุงุณุชูุชุงุฑ ูุฏุฒุงู ุงูุญูู ูุง ูุงุด ุงููู ููู....,negative,2018-01-01,https://www.facebook.com/AttessiaTV/
ู ุงูุชููุง ูุง ุตุฏูุชูุง ุนุงุฏ. ุฌุจุชูุง ุงูุตูุฏ ูู ูุฑูู,negative,2018-01-02,https://www.facebook.com/AttessiaTV/
ูุณุชุงูู ูุงู ุงูุฏุจ,negative,2018-01-02,https://www.facebook.com/AttessiaTV/
ูุง ุฎูุฑ ูู ุงูุจุฑูุงูุฌ ุชุงูู ููุง ุฎูุฑ ูู ุงูู ูุณุชุญุณููุง ูููุง! ูุงูุจุนุฏ ูููู ุงูุงูุชุตุงุฏ ุทุงูุญ ูุจูุงุฏ ุชูุดู ุจุงูุชูุงูู ุจุฃูุซุงู ูุคูุงุก \" ุงููุซูููู \" ููุฐู ุงูุซูุงูุฉ ุณูุญุชู ุงููุฑุงุชุจ ุงูุงููู ุ ููุง ุญูู ููุง ููุฉ ุงูุง ุจุงููู !,negative,2018-01-02,https://www.facebook.com/AttessiaTV/
ุจุงูุญุฑุงู ุนุงูุฏุชูุง ูุฌู 5 ูุฑุงุช ููููู ุงุจุฏุงุน ู ุฒูุฏ ูุฒูุงูุฉ ูุงุณุฑ.ุงูู ูุง ุนุฑุณุด ุจูุญุฏุฉ ููุจููุฉ ูุชุงุน ุงุจุฏุงุน ู ุฒูู ูููุง ูุงุฐู ููุดู ูุฑูู ุฑูุญู ุชุญุช ุชุฑุงู ุจุฑุฌ ุงูุณุฏุฑูุฉ ุฎูุฑูู ูููููููููููู.,positive,2018-01-02,https://www.facebook.com/AttessiaTV/
ููููู...ุจุงุด ุชุจุฏุง ุนุงุฏ ุงูุฃุญุฒุงุจ ู ุงูููุฆุงุช ุงูุณูุงุณูุฉ  ุชุฃูุฑ ู ุชุชุขูุฑ ..ุฎูููุง ุฑุงูุถููู...ุงูุฒูุงุฏุงุช ุนูู ุงูุนุงูู ุงุฌูุน...ุงููููุฏ ุชููุณ ูููุง ุงูุณูู ู ุงูุณูุงู...ูุดูู ุงูุชููุง ุชุดูุนููุง..ู ุจุนุฏ ุชูุฑุจูุง ู ุชุถุฑุจูุง ูุฌูุก ุณูุงุณู..ูููุง ุนุงุฆูุฉ ุงูุจูุนุฒูุฒู. .ู ุชุฎูููุง ุงุญูุง ูู ุงูุฏูุงุก ูุชุฎุจุทูุง,negative,2018-01-02,https://www.facebook.com/AttessiaTV/
ูุญุจูุง ูุดูุนูุง ุงูุจูุงุฏ..ูุจุนุฏ ููุฑุจูุง ู ูุถุฑุจูุง ูุฌูุก ุณูุงุณู.. ูููุง ุนุงุฆูุฉ ุงูุจูุนุฒูุฒู. .ู ูุฎูููุง ุงุญูุง ูุชุฎุจุทูุง ูู ุงููุชู ู ุงูููุชูู,negative,2018-01-02,https://www.facebook.com/AttessiaTV/
ูุง ููุฆุฉ ู ูุง ูุฐูู ููููุง ููู ูุคุณุณุงุช ุชููุณ ุงููู ูุงู ุงููุฐุจ ู ุงูุชุจุฌุฏูู ูุง ููุฉ ุดูุฆ ู ุงูุง ุงุตุจุญุช ุงูุดู ุงูู ูู ูุนูููุฉ ุจุงุด ุชูุชุต ุบุถุจ ุงููุงุณ ุงููุธูููุฉ ู ุจุนุฏ ูุฏุฉ ุงุชูููู ูุงู ุงููุฑูฺจ . ุงููู ุบุงูุจ ุจุฑุดุฉ ูุงุณ ุงุจูุงุช ุทููุญุงุชูุง ุงุนููู ูุง ุจู ุณุฏุฑูู ููู ููุงุณู ุธูุฑุช ูููู ููู ุจุงูู ุงููุณุคูููู ุดุนุงุฑู ุงููุฐุจ ู ุงูููุงู,negative,2018-01-02,https://www.facebook.com/AttessiaTV/
ุชูุณุงุด ุนููุณุฉ ู ุญูุจุนู ุงู ุงูุจุงูุงุช ูุจููู ุ ููุฆุฉ ุงูุชูููู ู ุงููุชูุฉ. ููููุณ ูุชุตุฑูู ุนูู ููุฆุฉ ูุฎุฑุงุจ ุงุญูู ููู ูู ุชููุณ.. ุงููู ุบุงูุจ ุชููุณ ุชููุงุช ู ุทุงุญุช ุนูู ุฌูุจ,negative,2018-01-02,https://www.facebook.com/AttessiaTV/
ูุฑุฑุฑุฑุฑุฑุฑุงู ูููุณ ูุงุดูุง ุญุฑุงู ูุชููู ุนูููุง ุงููุงูุน ุจุงููู ุฃุดููุง ุงููุงูุฏุฉ ูุงูููู ุงูุดุนุจ ุจุงุด ูุณุชููุฏ ุงููู ูุง ุชุฑุจุญูู ูุงููููุณ ุงูู ุชุชุญููู ุนูููุง ูุงูุง ุชุณุฑูู ูููุง ุชุดุฑู ุจููุง ุฏูุงุก ุจุงุฐู ุงููู,negative,2018-01-02,https://www.facebook.com/AttessiaTV/
ูุง ุงูุฏููุฉ ูุฐู ูููุช ุฎุฏูุชูุง ุงููู ู ุฑุฌุนุช ูุฃุญุฏุงุซ ุงูุฎุจุฒ . ุงููู ุงููู  . ุงููู ูุง ุชุฑุจุญูู ู ูุง ุงุทูุน ุฐูุจูู ุนูุจู . ูุนุฌููู ููู ุงููุนุฒุฉ.,negative,2018-01-02,https://www.facebook.com/AttessiaTV/
ูููููููููููู ููุฆุฉ ุงูุจูุงูุฉ  ููุงุจ,negative,2018-01-02,https://www.facebook.com/AttessiaTV/
ููู ูุง ุชุจุงุฑููู ุงูู ุญุทู ุนูู ุฑุงุณ ูุฆูุฉ ุงูุฎุฑุงุจ,negative,2018-01-02,https://www.facebook.com/AttessiaTV/
ูุฐู ุงูููุฆุฉ ูู ูุงุฑุซุฉ ุนูู ุงูุดุนุจ ุงูุชููุณู ูุงุฎุชุตุงุตูุง ุงูุชุญูู ูุงููุชูุฉ,negative,2018-01-02,https://www.facebook.com/AttessiaTV/
ูููุง ูุฐุจ,negative,2018-01-02,https://www.facebook.com/AttessiaTV/
ุนูู ุุุ ููู ููู ุฃููุงู ู ุฎุฑุงูุฉ,negative,2018-01-02,https://www.facebook.com/AttessiaTV/
ููุจุณูุง ุฌู ุฅูุดุงุก ุงููู,negative,2018-01-02,https://www.facebook.com/AttessiaTV/
ุงุด ููููุง ูููุง,negative,2018-01-02,https://www.facebook.com/AttessiaTV/
ูุฏุงุด ุชูุฐุจู ููููู ุงูุญูุงุฑ ุงูุชููุณู ูุณุงูู ุงูููุฑู ุงููู ูููู ุจุงูุฑุบู ุงูุจุฑุงูุฌ ูุฐู ุงูุงุจุงุญูุฉ ูุงูุชูุฑุฌุด ุนูููุง,negative,2018-01-02,https://www.facebook.com/AttessiaTV/
ุฃููุฏ ุงุฎุชุงุฑูุง ุนููุฉ ูุฑูุถุฉ ูู ุณุจุฑ ุงูุงูุฑุงุก ูุฐุง!!!,negative,2018-01-02,https://www.facebook.com/AttessiaTV/
ูุง ุฃุดุงูุฏ ุงูุจุฑุงูุฌ ุงูุชุงููุฉ ููุง ุฃุชุงุจุนูุง ุฃุฑูุฏ ุงูุจุฑุงูุฌ ุงููุฏุงูุฉ ุงููุงุนูุฉ,negative,2018-01-02,https://www.facebook.com/AttessiaTV/
ูุฏุงุด ุชูุฐุจูุง ุนูู ุฑูุงุญูู ุงูุญูุงุฑ ูููููุณูุง ุญุชู ุญุฏุฏุฏุฏุฏ,negative,2018-01-02,https://www.facebook.com/AttessiaTV/
ุตุญูุญ ุชูุง ุญุงููุง ูู ุฃุญุณู ุงูุจุฑุงูุฌ,positive,2018-01-02,https://www.facebook.com/AttessiaTV/
ูู ุงุชูู ุงูุจุฑุงูุฌ ุงุฎุฎุฎุฎุฎุฎูุช,negative,2018-01-02,https://www.facebook.com/AttessiaTV/
ุงููุชู ุงูุฑุฏุน ุงูุฑุฏุน,negative,2018-01-02,https://www.facebook.com/AttessiaTV/
ุงูููู ูุฑุฒู ููุงููุชูุงุ ููุณ ุงูุญูุงูุฉ ุชุฎุฑู ูุงูุง ูู ุจุฑูุงูุฌ ููุงู ุงููุงุณ ุนูู ููุงุฉ ุงูุญูุงุฑ ุงูุชููุณู. ุงูุธุงูุฑ ูุงูุง ุถุงูุฑุฉ ุนูู ุงูุงุงุงุงุฎุฑ,negative,2018-01-02,https://www.facebook.com/AttessiaTV/
ุฑูุนุฉ ูุนุทููุง ุงูู ุตุญุฉ ูุญูุงูุง ุชุญุณูุง ูุชุชุตูุนุด ููุชูุงุถุนุฉ ูุงุตุงุจ ุชุนููููุง ุนุฑูุถ ูู ุชููุณ ุฎูุฑ ูู ุงูููููุฏููู ุงููู ,positive,2018-01-02,https://www.facebook.com/AttessiaTV/
ุงุฎุฎุฎุฎ ุชููู ุชููู ุนููู ุฑุฒุงู ูุจุดุน ููุธุฑู,negative,2018-01-02,https://www.facebook.com/AttessiaTV/
ูุงููููููู ุณุงููู ุงูุฑุณูุงู ูุญุจูุง ุจุฑุดุงุงุงุง ุจุฑุดุงุงุงุงุง ุฑุจู ููููู ูู ุฎุฏูุชู,positive,2018-01-02,https://www.facebook.com/AttessiaTV/
ููุชุฎุจ ุฌุงูุนุฉ ุงููุณุงุฏ ู ุณูุณุงุฑ ุงูููุชุฎุจ ูุง ููุซููุง ุซู ุชุชุฑุจุตูู ุจุงูุฏูุญุฉ ูุง ููุงุฏ ุงูุงูู ูุงู ูุตูุฑูู ูู ุงูุฃุฎูุฑ ุนูู ููุญุฉ ูุง ูุณุงุฏ ุุุ ุดุนุจ ุงูุฅูุฑููู ุงููุฏ ูุฏุนููู ุจุงููููุฉ ุงูุทูุจุฉ ู ุฑูุน ูุนูููุงุชูู ูุง ูุณุงุฏ ููููููู,negative,2018-01-02,https://www.facebook.com/AttessiaTV/
ุดููุชููุง ุงุงุจูุงุฏ ุชููุณ ุถุฏ ุงูุฏุญูู ... ูููู ุฑุงูู ููุชุฎุจ ูููุด ูุฑูู ุนูุงู ูู,negative,2018-01-02,https://www.facebook.com/AttessiaTV/
ุฒูุฌุฉ ุงูุดููุฏ ุงูุฒูุงุฑู ูุนุทุงููุงุด ุงูุฌูุณูู ููุฐุง ูู ูููู ูููุงุฑ ููุง ุชููุณู .....ูุธุงูุฑู ุตููู ุจูู ุงูุณูุณุงุฑ ูุนููู ู ุญูุฏู ุงููุฏุจ,negative,2018-01-02,https://www.facebook.com/AttessiaTV/
ุงููุญุงูู ุงููุงุดู ุจู ุฎููู ุงููู ูุง ุฑุจุญ ุญุชู ูุถูุฉ ุฑูุงุถูุฉ ุณุงุจูุง ุชูุฑุฌ ูู ุงูุชุตุงูุฑ ู ููุช ุจุงูููุฑุฉ,negative,2018-01-02,https://www.facebook.com/AttessiaTV/
ููุง ูุถุงูุญ ุญู ุฑุงุณู ููู ุชููุณู ูุขุญูุง ุฌูุงุฑุชูุง ุชุนุจูู ูุฏููุง ุชูููู ูุนููู ุดูุก ุญุชู ุงูููุดู ููุนุจ ุงูุจุฑุง ุชุฌุจูู ูุชุฎููู ุนูู ุงูุจูู.,negative,2018-01-02,https://www.facebook.com/AttessiaTV/
ูุณูููููููููููููููููุฉ ุชููุณ ุ ูุฏุงุด ุฑุฎุตููุง ุงูููู ุ ููุฏุงุด ุฑุฎุตูุง ุงูุฌูุณูุฉ ูุชุงุนูุง ! .... ุฒูุฏ ุดููู ุฒุงุฏ .... !,negative,2018-01-02,https://www.facebook.com/AttessiaTV/
ุจุงููู ุนูููู ุชูุฌูู ุชููููู ุงุด ุจุงุด ูุญุณ ูููู ุจุงูู ูู ุงููุดูุฏ ุงููุทูู ุงููู ูุงุชุฑุจุญู  ูุง     ูุจูู ูุนููู ุงูุช ุงูุฌุฑูุก,negative,2018-01-02,https://www.facebook.com/AttessiaTV/
ูููู ูุง ูุญุด ูุง ูุนูุฏูู ูุงููู ุฅูุง ูุง ููุชูููู ุนุฑู ุจุนุฏ ุนุฑู ูุง ุญุณุงุงุฏ,negative,2018-01-02,https://www.facebook.com/AttessiaTV/
ูุง ูุนููู ุงููู ูุง ุชุฑุจุญู,negative,2018-01-02,https://www.facebook.com/AttessiaTV/
ุฑุฎุตุช ุงูุฌูุณู ุงูุชููุณู ููุณุน ุชุชุนุท ููุงุช,negative,2018-01-02,https://www.facebook.com/AttessiaTV/
ุชู ุชุฌูุจ ุตูุฏ ูู ูุฐูู,negative,2018-01-02,https://www.facebook.com/AttessiaTV/
ูุชููู ุงููููุง ุชุนุงูุจ ุชููุณ ู ุฎูู ูุชุฑุดุญ ููุชุฎุจ ุขุฎุฑ ุฎูุฑ,negative,2018-01-02,https://www.facebook.com/AttessiaTV/
ูุง ุจุนููู ุงููู ูุง ุชุจุงุฑููู,negative,2018-01-02,https://www.facebook.com/AttessiaTV/
ุนุฒููู ุฎูุฑ ููู ุฃูุง ุจูุง ุฏ ูุจููุนุฉ ุงููู ูุฑุญูู ูุง ุชููุณ,negative,2018-01-02,https://www.facebook.com/AttessiaTV/
ุชุญุจ ูุนุฑู ุฃุด ูุตูุญ ูุฐุง ูุงููู ุนููุชู ุงูุนุงุฑ,negative,2018-01-02,https://www.facebook.com/AttessiaTV/
ูุง ุฎุณุงุฑุฉ ุนูู ุชููุณ ุนูู ุฎุงุทุฑ ุณู ููุงู ู ุณู ุนูุงู,negative,2018-01-02,https://www.facebook.com/AttessiaTV/
ุงููุทููุฉ ุชุฌุฑู ูู ุฏูู...,positive,2018-01-02,https://www.facebook.com/AttessiaTV/
ูุง ูุฑุญุชูุง ูุง ููุงูุง,positive,2018-01-02,https://www.facebook.com/AttessiaTV/
ูุถูุญุฉ ูุนูุงุด ุงุฑุฌุงู,negative,2018-01-02,https://www.facebook.com/AttessiaTV/
ุงููู ูุง ุชุฑุจุญู ูุง ูุนููู ุงูููุจ,negative,2018-01-02,https://www.facebook.com/AttessiaTV/
ูุจูุงุฏ ูุง ููุงุด ุงูุฑุฌุงู ุฎูู ูุนูู ุฅูู ูุญุจ ูุนููู ููุณุฎ,negative,2018-01-02,https://www.facebook.com/AttessiaTV/
ุงุชููู ุนููู ูุง ูุนููู ุงูููุจ,negative,2018-01-02,https://www.facebook.com/AttessiaTV/
ุบุงูู ุนูููุง ุงููุนูุด,negative,2018-01-02,https://www.facebook.com/AttessiaTV/
ุฃูุจุฑ ุบูุทุฉ ุนููุชูุง ูุฑูู,negative,2018-01-02,https://www.facebook.com/AttessiaTV/
ุชุงููุฉ ูุนูุฏ ุฑูุญู ูุถุญู ู ูู ูุถุญูุฉ ุชุงููุฉ ู ูููุงุช ุชุงููุฉ ู ุดุนุจ ุชุงูู ูููููู ุงููู ุชูุงูุณุฉ ูุณุจุฉ,negative,2018-01-01,https://www.youtube.com/watch?v=3LhwQv_AEok
ูุดู ูุงูููุจ ูุงุญููุฑ ู ุงูููุจูู ูุนุฑููู ู ูุดุฑููู ุจูู ูุงูู ูุฌูู ูุดุจู ููุฌู ุงูุญูุฑ ูุงุจููู ูุงุฌุนูู ูููุฃ ุงูููุจูู ุฑู ุงูุช ุชูุฃ ุฌุนูู ูุงุญููุงู,negative,2017-12-31,https://www.youtube.com/watch?v=3LhwQv_AEok
ุดููู ุฒูุฏุชูุง ูุงุจุนููุด๐,negative,2017-12-23,https://www.youtube.com/watch?v=3LhwQv_AEok
ููุงุฉ ุชุงููุฉ ู ูุงุณ ุบุงูุทู ูู ุงููุณูุง ู ูุง ุนูุฏูู ูุงู ููุฉ ุงูุชุฑุจูู ู ููุฉ ุงูุงุญุชุฑุงู ูููู ุถุญูุชูุง ุนูู ุงูููุจูุฉ ู ุบุฏูู ุชุถุญููุง ุนูู ุจุนุถูู ูุงุฐุง ูู ุฅุนูุงู ุณูุงุณุฉ ุงูุชูุฑูู ู ุจุซ ุงููุฑู ู ุงูุฌูููุงุช ูุง ุทุญุงูู ูุง ูุณุชุฎูุซูู,negative,2017-12-20,https://www.youtube.com/watch?v=3LhwQv_AEok
ุงูุตุท ุงูุณุงู ูู ุดูุงู ุงูุฑูููุง,negative,2017-12-16,https://www.youtube.com/watch?v=3LhwQv_AEok
ุชุจูู ููุจูุง ุดุงูุฎุฉ .. ูุชุจููู ููุงุฑุฉ ููุนูุฑ ูุงููุณู ูุงููุณุงุฏ <br />ูุณุชุฏู ุจูุง ูู ุจุนูุฏ ..,negative,2017-12-13,https://www.youtube.com/watch?v=3LhwQv_AEok
ุฎุฎุฎุฎุฎุฎ ุงูุชููุณู ุงูุจุฑ ูู ุงูุชุงูู ูุฏุง,negative,2017-12-12,https://www.youtube.com/watch?v=3LhwQv_AEok
ูุงุญูุง ูุงุฏูู ุจุงู ุจุงู ูุงุชููุณ,negative,2018-01-01,https://www.youtube.com/watch?v=5BYonhyWRMc
ุงูู ุชุญูุฉ ูู ุจุบุฏุงุฏ ุญูุงูุฉ ุงูุณูุงู ุฅูู ุชููุณ ุจูุฏ ุงูุฌูุงู,positive,2017-12-31,https://www.youtube.com/watch?v=5BYonhyWRMc
ุชุจูุฏููุฉ ุชููุณ ๐๐๐๐,negative,2017-12-30,https://www.youtube.com/watch?v=5BYonhyWRMc
ุนูููู ูู ุงููู ูุงุชุณุชุญููู ูุง ุชุถูุฑู ุงุณู ุงููู ูุง ููุงุฑ,negative,2017-12-28,https://www.youtube.com/watch?v=5BYonhyWRMc
ููู ุงุฏุจ,negative,2017-12-27,https://www.youtube.com/watch?v=5BYonhyWRMc
ู ุจุนุฏ ุชุณุชุบุฑุจูุง ููู ุฏูููุฉ ุงูุฅูุงุฑุงุช ุชูุจุท ูุฑุงุฑ ุชููุน ููู ุฏุฎูู ูุณุงุก ุชูุงูุณุฉ ูุฃุฑุงุถููุงุ ูู ุนูู ุงูุชุตููุฑุฉ ุงูุณูุญุฉ ุงููู ุงูุฅุนูุงู ุงูุชููุณู ููุฑู ูููุง ููุนุงูู ุนูู ุงููุฑุฃุฉ ุงูุชููุณูุฉุ ุฌุฑุฉ ุจุฑุงูุฌ ุชุงููุฉ ูุฌูุจูุง ูุงูุง ุนุงูุฑุงุช ูุงูุฎูู ุฑูุงุญูู ุ ูุฐุง ู ูููู ู ุณู ุนูุงุก ูู ุฃูุจุฑ ูุณุคูููู ุนูู ูุณุงุฏ ุฌูู ู ูุฌุชูุน ูุงููุ ุงููู ูุชููุงูู...,negative,2017-12-25,https://www.youtube.com/watch?v=5BYonhyWRMc
ุฑูุญู ูุงุนุฑุจ ูุงุนุฑุจ ุฑูุญู ุฃู ูุงุนุฑุจ ูุชูููู ูุญุฑู ููุณุทูู ุฃู ุฃู ููู ุงููู ูุฃูุจุฑ ุนูููู ูุงุนุฑุจ,negative,2017-12-24,https://www.youtube.com/watch?v=5BYonhyWRMc
ุฏููุฉ ุงูุฏุนุงุฑุฉ,negative,2017-12-24,https://www.youtube.com/watch?v=5BYonhyWRMc
ูู ูููุฉ ูุงุญุฏุฉ : ุงุจุชุฐุงู,negative,2017-12-24,https://www.youtube.com/watch?v=5BYonhyWRMc
ุญูู ๐๐๐๐๐๐๐๐๐๐๐๐๐๐๐๐๐๐๐๐๐๐๐๐๐๐๐๐๐๐,positive,2017-08-25,https://www.youtube.com/watch?v=6oAGbp5yQOU
ููุง ุจูุฏูุฑุฑ ูููููุนุนุนุนุนูุนุนูุนุนูู ูุฒู ุงูุชุจูุฏูุฑ ุฃูุซุฑ ูุงุญุฏ ุฌุงุจ ุงููุงูุน ูุชุงุนูุง ูู ุชููุณ,positive,2017-01-16,https://www.youtube.com/watch?v=6oAGbp5yQOU
ูุญุฏู ูุงุงุง ูุทูู ููููููููู,positive,2017-12-31,https://www.youtube.com/watch?v=42jPRtAgfd8
ูุญุจ ุจุฑูุงูุฌู ูุง ูุทูู ุงูุชู ุฑูู  1 ููุฐู ุญูููู ููุณุช ูุฌุงูููุฉ,positive,2017-12-30,https://www.youtube.com/watch?v=42jPRtAgfd8
ูุฑุฌุฉ ุนุงูููุฉ ๐๐,positive,2017-12-29,https://www.youtube.com/watch?v=42jPRtAgfd8
ูุญุจ ุฃูููุฉ ุจุฒุงู ุจุฒุงู,positive,2017-12-25,https://www.youtube.com/watch?v=AI4mCI7SJlY
ูุง ุงูููุฉ ุงุนุฌุจุชูู ูุงุณุฑ ุงู ุจุฑุดุง ุฑุงู ุญููุช ูููุฉ ุงูุญู ูุน ุนุฒูุฒุฉ ุงูููุฉ ูุงููุฉ ูุงูู ุฑุงูู ูุญูุฉ ุจูุช ูุญูุฉ ูุดููู ุฑูุณูุฉ ูุด ุชูุจุณ ูุจุนุฏ ูุฎูู ุนูู ุจูุงุช ุงููุงุณ,positive,2017-12-24,https://www.youtube.com/watch?v=AI4mCI7SJlY
ุฑูุนุฉ,positive,2017-01-10,https://www.youtube.com/watch?v=eDUX9p8k6ko
ุฃูุช ุฃุฌูู ุฒุงุฒุง ูู ุชููุณ,positive,2017-12-29,https://www.youtube.com/watch?v=h80_d7N1WGM
ุฒุงุฒ ุชููุณูุฉุฌููู ุชุถูุฑ ุนูู ูุฌู ุฃูู,positive,2017-12-29,https://www.youtube.com/watch?v=h80_d7N1WGM
ุงูุง ูู ุงูุฌุฒุงุกุฑ ุชุญูุงููุจูุฑุฉ ููุงุณ ุชููุณ ูุฒุงุฒุง ุงุญุณู ููุงูุฉ,positive,2017-12-28,https://www.youtube.com/watch?v=h80_d7N1WGM
ุงูุง ุฃุฎููู ูู ุงูุฌุฒุงุฆุฑ ู ุชุนุฌุจูู ุฒุงุฒุง ุจุฑุดุง ุจุฑุดุง ููู ุงูููุงููู ุงูุชูุงูุณุฉ,positive,2017-12-28,https://www.youtube.com/watch?v=h80_d7N1WGM
ุฃุจูู ุฏูุงู ูุฎุชุงุฑ ุงูุฃููุงู ุนูุฏูู,negative,2017-10-24,https://www.youtube.com/watch?v=IhcRLNWWuPs
ูู ุงูุฏูููุฉ 28:43 ุจุฏู ููุฐุจ ุนูู ุฑูุญู ู ุนูู ุงูููุจ ุจุงููููุง ู ุนูู ุงูููุชุฌ ู ุนูู ุงููุฎุฑุฌ ู ุนูู ุงูุณุงุฏุฉ ุงููุชูุฑุฌูู ูุนุนุนุนุนุนุนุนุนุนุนุนุนุนุนุนุนุนุนุนุนุน,negative,2017-04-25,https://www.youtube.com/watch?v=IhcRLNWWuPs
ุงูููู ุทูุงุฑุฉ,positive,2017-04-24,https://www.youtube.com/watch?v=IhcRLNWWuPs
ุฎุฏูุฉ ุทูุงุฑุฉ ุจุฑุงูู ูููุงุฏ,positive,2017-04-24,https://www.youtube.com/watch?v=IhcRLNWWuPs
ุชูุง ูู ููุฒู ุจุงุจุง ูููู ูุงููุงุฏูุง ูู ุงููุฏุฑุณุฉ ููุนุทููู ูุฏุงูุง ููุฑูุงูุ ูุงู ุฌุงุก ูู ุฑูุถุงู ูุงูุง ุนูุฏ ูุดู ูุฏุจ ูุชุงุจ ููุง ูุงุญุฏ ูุงุจุงุณ ุฌุจุฉ ุฑุงูู ุงูุฏููุง ูุงูุช ูุงูุนุฏุชุดุ ุดููุง ุดููุง ูุจุซ ููุฒุฑุน ูู ุงููุงุฑ ุธูุงููุฉ ูุฑุฌุนูุฉุ ูุงุญูู ููุง ููุฉ ุงูุง ุจุงููู,negative,2017-12-31,https://www.youtube.com/watch?v=jMg7Ol506yc
ูุญูุงุงุงุงุงุงู ุดูุณ,positive,2017-12-31,https://www.youtube.com/watch?v=jMg7Ol506yc
ุงุฎูุงูู ูุงุญุฏ ูููู ูุชูุณูุง ุชุชุนูู ุชุดุทุญ ุฒูู ู ุนูู ู ุชูุทู ุงูุง ูุณูููุฉ ุบูุฑ ุชุจุฏุง ุชุดุทุญ ุงูุดุทุฑ ูุฑูุญ,positive,2017-12-31,https://www.youtube.com/watch?v=jMg7Ol506yc
ูุฏุงุด ุฑุงูู ูุงุฏุง ุดูุณ ูุนุฌุจูู ุจุฒุงู ูุดูู ุดุจุงุจ,positive,2017-12-26,https://www.youtube.com/watch?v=jWloexp_HQE
ุงูุงู ูุชุจุทูุด ุงููู ูุญุชู ูุงู ุจุทูุช ุจุด ููุนุฏู ูุญุจูู,positive,2017-12-24,https://www.youtube.com/watch?v=jWloexp_HQE
ูุญูุงู ุดููุณู ููุญูุง ุฒููู,positive,2017-12-24,https://www.youtube.com/watch?v=jWloexp_HQE
ุงููุฑุถู ูุงูุฏูู ูุง ูุฎุงู ูู ุดู ูุงุงุญูุงู ููุง ุงุญูู ุทุจูุนุชู,positive,2017-12-23,https://www.youtube.com/watch?v=jWloexp_HQE
ูุฎู ุดูุงุชุฉ ูุฎู,negative,2017-12-19,https://www.youtube.com/watch?v=jWloexp_HQE
ูุญุจู ุดูุณู ูููุช ุนููู ุฃูุนุฏ ุฃูุงูุง ูุญูุงู :*,positive,2017-12-18,https://www.youtube.com/watch?v=jWloexp_HQE
ูุญูุงูุง ุงูุญููุฉ,positive,2017-12-18,https://www.youtube.com/watch?v=jWloexp_HQE
ุฑุจู ููุฏูู ุดูุณ ุงูุฏูู ูุงููู ุฃูู ูุฑุฉ ูุณูุนู ุชุญูู ููุช ูุงุฎุฐุฉ ููุฑุฉ ุฎุงูุจุฉ ุฑุจู ูุนุงู ู ูุจุนุฏู ุนุงููู ุจุงูุญู ุงุฎูุฌ ุณูุชูุฑ ุฑุจู ูุชูุจ ุนููู ู ุนูููุง,positive,2017-12-17,https://www.youtube.com/watch?v=jWloexp_HQE
ูุงุนูุงุจุงููุด ุนูุงู ูุดููู ูููููููู ุญูู โค๐๐๐๐๐,positive,2017-12-17,https://www.youtube.com/watch?v=jWloexp_HQE
ูููููุช ุนููู ูู ุงูุฌุฒุงุฆุฑ,positive,2018-01-01,https://www.youtube.com/watch?v=KpUKKf0Og1Y
ุฑูุนุฉ ุฑุจู ูุจุงุฑู,positive,2018-01-01,https://www.youtube.com/watch?v=KpUKKf0Og1Y
ุงูููุช ุนููู ูุง ุฒููุจุฉ ุชุญูุฉ ูู ุงูุฌุฒุงูุฑ ุจุงูุถุจุท ูู ุงููุงุฏู,positive,2017-12-29,https://www.youtube.com/watch?v=KpUKKf0Og1Y
ุงูุง ูููุช ุนูููู ูุงุดุนุจ ุชููุณ ุงุฎุชูู ูู ุงููุบุฑุจ,positive,2017-12-24,https://www.youtube.com/watch?v=KpUKKf0Og1Y
ูู ุฌุฒุงุฆุฑ ูููุช ุนููู ุฒููุฉ ูุตุฑูููุฉ,positive,2017-12-16,https://www.youtube.com/watch?v=KpUKKf0Og1Y
ูุง ูู ูููู ุฑุจู ูููู ูู ุงูุบูุงุก ุฑุจู ููุฏูู ู ููุฌูู ูู ุงูุนูุงุจ ููุฐู ุงูุฏุฑุฌุฉ ุงุตุจุญุชู ุชุฏุนูู ุจุฅุณู ุงููู ุฌู ุฌูุงูู ููุฒุงููุฑ ุงูุดูุทุงู,negative,2017-11-18,https://www.youtube.com/watch?v=KpUKKf0Og1Y
ุตูุชูุง ูุฌูู,positive,2017-11-16,https://www.youtube.com/watch?v=KpUKKf0Og1Y
ุงูุฌุฒุงุฆุฑ ููู ุชููููููููุช ููู ููููููููููุฑ,positive,2017-11-12,https://www.youtube.com/watch?v=KpUKKf0Og1Y
ุฒุงุฒุง ุตูุฉ ุฎุฑุงูู ูุงุงุงุงุงุงุงุงุงุงุงุงุงุงุงุงุงุงุงุงุงู.,positive,2018-01-01,https://www.youtube.com/watch?v=KXXH7wONWnM
ุชุญูุง ูุจูุฑุฉ ููุงุณ ุชููุณ ูู ุงูุฌุฒุงุกุฑ,positive,2017-12-28,https://www.youtube.com/watch?v=KXXH7wONWnM
ุชุญูุง ุชููุณ ุชุญูุง ุฒุงุฒุง,positive,2017-12-26,https://www.youtube.com/watch?v=KXXH7wONWnM
ุณูุฑุฉ ุงูุณุจุช ูุน ุงูุชุงุณุนุฉ ูุจุงู ุงูุณูุฉ ุงูุชุงุณุนุฉ ุนุงููุฉ ูุฌููุฏ ุจุฑุงูู,positive,2017-12-16,https://www.youtube.com/watch?v=KXXH7wONWnM
ุงุญูู ุญููุฉ ูุน ุฒุงุฒุง \nุชุญูุฉ ูู ุงูุฌุฒุงุฆุฑ,positive,2017-12-12,https://www.youtube.com/watch?v=KXXH7wONWnM
ูููููููููุช ุนููู,positive,2017-12-06,https://www.youtube.com/watch?v=KXXH7wONWnM
ูููุช ุนููู ูุง ุฒุงุฒ ุชุญูู ูู ุงูุฌุฒุฆุฑ ุงูู ุชููุณ,positive,2017-12-05,https://www.youtube.com/watch?v=KXXH7wONWnM
ูููุฑ,positive,2017-12-29,https://www.youtube.com/watch?v=lcKGgNTs_do
ูููุฑ ูููู ูู ููุจูุง,positive,2017-12-28,https://www.youtube.com/watch?v=lcKGgNTs_do
ุงุญุณูุช,positive,2017-12-27,https://www.youtube.com/watch?v=lcKGgNTs_do
ุจุงุฑุฏ,negative,2018-01-01,https://www.youtube.com/watch?v=nbPmvSjrXWU
ุญูู ุดูู,positive,2017-12-31,https://www.youtube.com/watch?v=nbPmvSjrXWU
ุญูู,positive,2017-12-31,https://www.youtube.com/watch?v=nbPmvSjrXWU
ุตูุชู ุฑูููููุนุฉ,positive,2017-12-30,https://www.youtube.com/watch?v=nbPmvSjrXWU
ูุงุงุฌูู ุตูุช ุญููุฏุฉ ุงููุงุบูู ูุงููู ูุงููุง,positive,2017-12-30,https://www.youtube.com/watch?v=nbPmvSjrXWU
ูุงู ุฌููู ุชุญูุงุชู ูู ุงูุฌุฒุงุฆุฑ,positive,2017-12-29,https://www.youtube.com/watch?v=nbPmvSjrXWU
ุตูุชู ุญูู,positive,2017-12-28,https://www.youtube.com/watch?v=nbPmvSjrXWU
ุฑูุนุฉ ๐๐๐๐๐,positive,2017-12-28,https://www.youtube.com/watch?v=nbPmvSjrXWU
ูุงุดุงุก ุงููู ุนูู ุตูุชูโค,positive,2017-12-28,https://www.youtube.com/watch?v=nbPmvSjrXWU
ุตูุชู ุฎุฑุง,negative,2017-12-28,https://www.youtube.com/watch?v=nbPmvSjrXWU
ุตูุชู ุญูู ููููุฏ,positive,2017-12-27,https://www.youtube.com/watch?v=nbPmvSjrXWU
ูู ุฃุตูุง ุฒููู,positive,2017-12-27,https://www.youtube.com/watch?v=nbPmvSjrXWU
ุงูุงุบูููู ุฌููููู,positive,2017-12-27,https://www.youtube.com/watch?v=nbPmvSjrXWU
ูุจุฑูู ูุจุฑูู ูุจุฑูู ๐๐๐๐๐๐ ุงูู ูุจุฑูู ุญุจูุจู ุจูุทู ุงูุดุงุก ุงููู ุฏููุง ุฑูู 111111111111111111,positive,2018-01-01,https://www.youtube.com/watch?v=nL2ds7grpT0
a.l.a ุงุญุณู ูุงุญุฏ๐๐๐,positive,2018-01-01,https://www.youtube.com/watch?v=nL2ds7grpT0
ุงูุฑุงุฏู ุงููู ุฑุงุจูุฑ ุนุฑุจู,positive,2017-12-31,https://www.youtube.com/watch?v=nL2ds7grpT0
ุงูุฑุงุจ ูุงุช,negative,2017-12-31,https://www.youtube.com/watch?v=nL2ds7grpT0
ูุณุชุงูู ูู ุงูุฎูุฑ   ุญูุตู ุงููู ูุง ูุฑูู,positive,2018-01-01,https://www.youtube.com/watch?v=REnQOtihR6o
ูู ููุชุงู ุจุนููุด ููุง ูููููุฏู ูุงูุงูุง,negative,2018-01-01,https://www.youtube.com/watch?v=REnQOtihR6o
ุงูููุซููู ุงููุจุงุฑ ุนุทุงู ุดูุงุฏุฉ ุนุธููุฉ ููููุจุฉ ุจุณุงู ุงูุญูุฑุงูู..ูุฐุง ูุงููุงุด ุจุณุงู ูู ุงูู ูุณุชุญููุง,positive,2018-01-01,https://www.youtube.com/watch?v=REnQOtihR6o
ุงูุฏูููุฉ 8:16 ุฑุงูุฏ ุนูุฏูุง ุงูุญู ุฑูู ูุงุฑุบ ูุชุญููุง ููู,negative,2018-01-01,https://www.youtube.com/watch?v=REnQOtihR6o
ูุฑูู ุงูุบุฑุจู ุงูุฃุญุณู,positive,2017-12-31,https://www.youtube.com/watch?v=REnQOtihR6o
ุฑูุนุฉ ุฑูุนุฉ ุฑูุนุฉ,positive,2018-01-01,https://www.youtube.com/watch?v=vlZPiGQRPns
ุฑูุนุฉ,positive,2017-12-19,https://www.youtube.com/watch?v=vlZPiGQRPns
ุฑุงูู ุฃุณุชุงุฐ ูุงุฆู ๐ ุชุญูุงุชู ููุฌููุน ูู ุงูุญุจูุจุฉ ุจุบุฏุงุฏ,positive,2017-10-15,https://www.youtube.com/watch?v=vlZPiGQRPns
ุดูุฏุฎูู ุดูุฎ ุชุญููุฉ,negative,2017-12-26,https://www.youtube.com/watch?v=xeLE7qCUBZc
ูุฑูู ุจู ูููุงูู  ุชุถุญู ููู ุงูุจูุฑุฉ ููุง ูุนุฑุช ููุตุทูุง,negative,2017-12-26,https://www.youtube.com/watch?v=xeLE7qCUBZc
ุดูุฑุง ููุชูุณูุง,positive,2017-12-24,https://www.youtube.com/watch?v=xeLE7qCUBZc
ุฎุฎูููุช ูุฎูุจ ุถุญูุชูุง 0:44,negative,2017-12-26,https://www.youtube.com/watch?v=xeLE7qCUBZc
ูุง ููุด ูุงููุฉ ูุง ุงูุดูุงูุฉ ุนูุงุด ูุถุฑูุจุฉ ู ุฑูุญูุง ูุงูุง ุฌูููุฑ ูุญุจูุง ??? ุงุญูุง ูุญุจ ุงููุซููู ุนู ุชูุงุถุนูู ูุงุฎูุงููู ูุด ุนู ููุฎุชูู ูููุฉ ุญูุงูู,negative,2017-12-22,https://www.youtube.com/watch?v=xeLE7qCUBZc
ูุง ุนุงุฏุฉ ูุง ุชูุฐุจูุด ุนูุงู ุงููุฐุจ  ูุงูุช ููู ุชููุฏุช ู ูููุง ูุชุฎุทุจูุง ููุด ูุฎุทุจูุง ููุง ูุนูู ููู ุชููุฏุช ู ูููุง ูููููุง ุงูููุฉ ุฎุทุจุช ูุงุฐุงูุง ุงูููุฉ ุฎุทุจุช ูุงุฐุงูุง ูุฐุง ูุงุด ุชูุตุฏ ูู ููู,negative,2017-12-30,https://www.youtube.com/watch?v=y5UrbejNIck
ูุฌูุฏุฑุฉ ููู ุงููุง,negative,2017-12-26,https://www.youtube.com/watch?v=y5UrbejNIck
ฺจุนุฑุฉ  ุจููููู ุฎุฑุฌุช ูู ูุดุฑุชูุง ูู ู ุฃููุง ุงูู ุจุนุฏูุง ุดุงุจ ูุฒูู ูููุชุงุจ ๐๐๐,negative,2017-12-23,https://www.youtube.com/watch?v=y5UrbejNIck
ุจุงููู ุนูุงู ุงูููุงู ุงูุฒุงูุฏ ู ุงููู ุญุฑุงู ุดููุง ุงููู ุดููุชูู ุนูููุง ุจุงุด ุชุญููู ููุง !ุ,negative,2017-12-23,https://www.youtube.com/watch?v=y5UrbejNIck
ูุญูุงู ุงูููุฉ ุฑุจู ุจูุถูู ูููุตุญู ูุง ุชุนุฏู ุนูู ุญุฏ ูู ูุง ุฏููุง,positive,2017-12-22,https://www.youtube.com/watch?v=y5UrbejNIck
ุชุจุฑูุงููู ุนููุง ุชุนุฑู ุชุญูู,positive,2017-12-22,https://www.youtube.com/watch?v=y5UrbejNIck
ุญุงุดุง ุฎูุชูุง ุงูุชูุงูุณุง  ุงูุงุญุฑุงุฑ ูุงุด ูุฐุง ุงูุชุจูุฏูู ูุงููู ุญุดููุง,negative,2017-12-28,https://www.youtube.com/watch?v=y5IdbDzFvWQ
ููุจุฉ ุชุญูุณ ุนูู ููุจุฉ ุณุจุญุงู ุงููู,negative,2017-12-27,https://www.youtube.com/watch?v=y5IdbDzFvWQ
ููููู ูุนููู ูู ุงูุจุงุฒ,negative,2017-12-25,https://www.youtube.com/watch?v=y5IdbDzFvWQ
ูุฑูู ุงูุฏุจุงุบ ูุงุดุงุก ุงููู,positive,2017-12-23,https://www.youtube.com/watch?v=y5IdbDzFvWQ
ุนุจุงุฏ ููุช ูู ููุณุทูู๐๐ฑ๐ญููู ูุญูู๐ุนูู ููุงุจ  ุงูุดุงุก ุงููู ูุนุทููู๐ขููุงุจ๐พ๐ฝ๐๐ููุง ุนุจุง,negative,2017-12-22,https://www.youtube.com/watch?v=y5IdbDzFvWQ
ุงูููุจ ูุนุฑู ููุจ ูุง ููุจุฉ ุจูุช ุงูููุจ ู ุงูููุจุฉ ูู ุฌุงุจูุง ููุจุฉ ุชููููู,negative,2017-12-22,https://www.youtube.com/watch?v=y5IdbDzFvWQ
ุฅุชูู ุนูู ูุฌูููู ูุง ูุฌุงุฑ,negative,2017-12-31,https://www.youtube.com/watch?v=nCpBaDhGyLM
ูุงููู ูููุชุด ูุชุตูุฑ ูู ุชููุณ ุชูุตู ููุฐุง ุงูุงูุญุทุงุท ูู ุจุฑุงูุฌูุง ุงููู ููุฏููู\nูุงููู ุบุงุถุชูู ุนูุฑู ุฏููุฉ ุนุฑุจูุฉ ุชูุดุฑ ุงููุณุงุฏ  ูู ุฅุนูุงููุง ูุดุนุจูุง \nุชุฑูุฏูู ุงูุชุดุจู ุจุงูุบุฑุจ  ูุง ุฃุณูุงู ุฃุฎุชูู ูู ุงูุฌุฒุงุฆุฑ,negative,2017-12-30,https://www.youtube.com/watch?v=nCpBaDhGyLM
ููุงุฉ ุงูุนุทุงููู,negative,2017-12-30,https://www.youtube.com/watch?v=nCpBaDhGyLM
ุงูุชูุงูุณุฉ ูุนุฑูููู ุฑุฎุงุณ,negative,2017-12-30,https://www.youtube.com/watch?v=nCpBaDhGyLM
ููุตุชู ูุงุจูุฑุฉ,negative,2017-12-29,https://www.youtube.com/watch?v=nCpBaDhGyLM
ุชููู ุนูู ุงูููุงุฏุฌ ุงูููุญุทุฉ ุงุฎูุงููุง,negative,2017-12-29,https://www.youtube.com/watch?v=nCpBaDhGyLM
ุงูุฑุฎุณ ุจุฑุฌููู,negative,2017-12-29,https://www.youtube.com/watch?v=nCpBaDhGyLM
ุงูุชููุณูุงุช ุงูุซุฑ ูุชุญุฑุฑุงุช ูู ุงููุทู ุงูุนุฑุจู ุญุชู ุงู ูุตุฑ ุจูุฏ ุงู90 ููููู ูููุฑ ููููุฑู ูุณุชุนูููู ุจุงูุชููุณูุงุช ูู ุงููุงููู ูุงููู ุนูู ุงุณุชุนุฏุงุฏ ุชุงู ุจุงูุชุนุฑู ูุงููุดุงูุฏ ุงูุณุงุฎูู ุจูุง ุญูุงุก ุซูุงูู ูุฑูุณูู ุจุญุชู,negative,2017-12-29,https://www.youtube.com/watch?v=nCpBaDhGyLM
ููุงุช ุฏุนุงุฑุง,negative,2017-12-27,https://www.youtube.com/watch?v=nCpBaDhGyLM
ูููู ูุฐุง ูุดุฑ ุงูุฑุฐููุฉ,negative,2017-12-27,https://www.youtube.com/watch?v=nCpBaDhGyLM
ูุญูุงูุง ูููุณููู๐ธ๐ผ ูุด ููุฑูุงู ูุง ูุจูุฉ,positive,2017-04-15,https://www.youtube.com/watch?v=CgW8mAsWdgY
ุจุงููุฉ ูุฑูุถุฉ ูุณูููุฉ ุนูุฏูุง ุงููุตุงู ูู ุดุฎุตูุชูุง,negative,2017-12-30,https://www.youtube.com/watch?v=GLxFqKawmO0
ุตุจุงุช ุจุณุจุน ููุงุงุงุงุงุงุงุงุงุงุงูู ููุง ุญูุง,negative,2017-12-28,https://www.youtube.com/watch?v=GLxFqKawmO0
ุฃุจูุงุฏ ุชุนุจุงุช ุจุงูููุงูุท,negative,2017-12-27,https://www.youtube.com/watch?v=GLxFqKawmO0
ูู ูุฐู ุงููุฌูู ุงููุงุณูุฉ. ูุฌุจ ุงู ุชููู ูุน ุฏุงุนุด,negative,2017-12-22,https://www.youtube.com/watch?v=GLxFqKawmO0
ูุงู ูุฐุจ ูู ุจูุงุฏ,negative,2017-12-14,https://www.youtube.com/watch?v=GLxFqKawmO0
ูุทูู ุงูุนุจุฏูู ุงูููุฑูุถ ุงูุช ุชุณุชูุจู ุถูููู ูู ุงูุจุงุจ ูุด ุชุณูุงูู ูุฑู ุงูุจูุฑู ูุฎุงุตุฉ ููุง ูููู ูุงูุฉ ููู ุฑุคูู ุจู ุนูุฑ,negative,2017-12-15,https://www.youtube.com/watch?v=_M3prCVnLGg
ุงูุบูุงูุฉ ุงูู ุจุงูุฅุณุจุงููุฉ ุญุงุฌุฉ ุฑูุนุฉ,positive,2017-12-15,https://www.youtube.com/watch?v=_M3prCVnLGg
ุจุฑุณูู ูู ูุชูุฑุฌ ููู ุชูุฑูุฏูู ุจุฑุงูู ูุงุตู  ูุงุฌุญ,positive,2017-12-17,https://www.youtube.com/watch?v=7o_JogolYt4
ูุนูู.. ุนูุฏู ูู ูุฎู ..ู ุฑุจู ูุฑุญู ูุตุฑ ุงูุฏูู ุจู ูุฎุชุงุฑ,positive,2017-12-16,https://www.youtube.com/watch?v=7o_JogolYt4
ูุง ุฑุจู ูุงูุตูู ูุณุงุทู ุงุญูุง,negative,2017-12-16,https://www.youtube.com/watch?v=7o_JogolYt4
ุจุชูููู ูุง ูุทูู ููุฏ ุงูุฎุธุฑุงุก,positive,2017-12-15,https://www.youtube.com/watch?v=7o_JogolYt4
ูููู ุงูุฑูุงุญู ูุงู ุงููุดุงุฒ ุงูุบูุงูุฉ ูุฒุฏูุง ุฎูุช,negative,2017-12-30,https://www.youtube.com/watch?v=TcsUHE_61mE
ููุงูุดูุง ุจุงูุฎุงุฑุฌ ๐๐  ุงุฑูุงุจููู ุณุฑุงู ูุฌุฑูุฉ,negative,2017-12-29,https://www.youtube.com/watch?v=TcsUHE_61mE
ุตุบุฑูุง ูู ุงูุดุนุงุฑ ูุงุณุฑ ูุจูุฑ ููููุนุฑ,negative,2017-12-17,https://www.youtube.com/watch?v=qVGETacZYys
ููุฏ ุจูุงุฏู ุฎูุณ ูุฎููุณ ุนููู ููุทูู ุงูุนุจุฏูู ูููุช ุนููู ุฎุงุทุฑ ูุนูุฏูุด ุงูุชูุณููุฉ๐,positive,2017-12-24,https://www.youtube.com/watch?v=Iewe9vZnE-Y
ุชุญุจ ุชุณูุน ุงูุฑุงุจ ูู ุฏุงุฑู ูุชุณูุนู ูููุฏู ุนููู ุจู ุงูุฑุงุฏู  ( ูุตูุญุฉ ูุชุฑุจูุง ูู ูุงูุจ ุบูุงูุฉ )ู,positive,2017-12-22,https://www.youtube.com/watch?v=lfltwD7QQHA
ูุงูู ููุงู ูุงููู,positive,2017-12-18,https://www.youtube.com/watch?v=lfltwD7QQHA
ููุงู ุฌูุงู ุงููุฏุงูู ุตุญูุญ ู ุงูุซุฑ ุนูููุฉ ู ุงุชุณุงู ูุน ุงููุณููุฉ,positive,2017-12-15,https://www.youtube.com/watch?v=tj0O6enSIFw
ูุงููู ุฎูุฑ ูู ุงูุง ุงููุงุณุท ุงูุชุงูู ูููู ุงููุฑุชุงูู ..ุงููู ููุฑุง ูู ูู ุดุฆ ูุงููุฑูุฉ ูุนูุฏู ุญุชู ุนูุงูุฉ ุจุงูุชูุดูุท ู ุงูุงุนูุงู ..ุนูู ุงูุงูู ูุทูู ุนูุฏู ุณูุงุณุฉ ูู ุงูุญูุงุฑ,positive,2017-12-14,https://www.youtube.com/watch?v=tj0O6enSIFw
ุจุฑูุงูุฌ ุฑุงูุน ูุทูู,positive,2017-12-11,https://www.youtube.com/watch?v=tj0O6enSIFw
ูุทูู ุงููุฌูู ููุงูู ุตุญูุญ ุงูุณุงู ูุชุซูู ููุชููุง ุชููุชูู ุนูุงูุงูุงูุงุด,positive,2017-12-11,https://www.youtube.com/watch?v=tj0O6enSIFw
ุงูููุซููู ุงูุชูุงูุณุฉ ุนุงูููู ูููุง ูุซูููู ููููุง ูููุชูู ุจุงูุนุฑุจู ูุง ูุทูููููุด . ุฌูุงู ุงููุฏูู ูุชููู ููููุง ูุดุนูู ููู !!!,negative,2017-12-09,https://www.youtube.com/watch?v=tj0O6enSIFw
ุจุญุฐุง ููุนูู,positive,2017-12-21,https://www.youtube.com/watch?v=Los24EL7f5w
ูุนูู ุตุงุญุจู,positive,2017-12-21,https://www.youtube.com/watch?v=Los24EL7f5w
ุถุงูุฑ ูุง ูุทูู ูููู ูุงูู ูููู ูุงูู ุฏุงูู ูุญุฏู,positive,2017-12-18,https://www.youtube.com/watch?v=Los24EL7f5w
ูุชุณุชุญู ูุณุงุนุฏุฉ  ูุจุฑูุงูุฌ ูุญุชุฑู ุงูุซุฑ ุดููู ููุงููููุ \nูุจุงููุณุจุฉ ููุจุฑูุงูุฌ ูุฐุง ุฑูุนุฉ ูุทูู ุจุฑุงูู ุจุฑุงูู ูุญุจูู ุจุฑุดุง ุถุงูุฑ ุจุฑุดุง ูุชุนูู ุฌู ูู ุงูุนุงุฏุฉ,positive,2017-12-21,https://www.youtube.com/watch?v=Los24EL7f5w
Machallah Allikoum fi l'Emmission surtout Chammoussa houwa illi mhalliha ????????,positive,2017-12-28,https://www.facebook.com/AttessiaTV/
CLASS,positive,2017-12-28,https://www.facebook.com/AttessiaTV/
Elkol 3al7ite,negative,2017-12-28,https://www.facebook.com/AttessiaTV/
"wallaahii fdhaayaah , saber fenneen w motreb kbiiiir , eme lokhrriine chnouwwee mahallhom mel eeraaab , nekiiraat fenniiyya w telewwoth semii kbiiiir",negative,2017-12-28,https://www.facebook.com/AttessiaTV/
Kolhom behyin mais je prefere zaza nhbk brch ??????,positive,2017-12-28,https://www.facebook.com/AttessiaTV/
Chlayekk kol,negative,2017-12-28,https://www.facebook.com/AttessiaTV/
Bravo ร la garde nationale d avoir arrรชtรฉ ce corrompu .!,positive,2017-12-28,https://www.facebook.com/AttessiaTV/
"Heureusement qu ils ont rรฉussi a l arrรชter, vaut mieux tard que jamais, bravo ร nos forces sรฉcuritaires .!",positive,2017-12-28,https://www.facebook.com/AttessiaTV/
5edmoubihem el met7eyline,negative,2017-12-28,https://www.facebook.com/AttessiaTV/
3isabat sourak fil.kerwen tisrak w tit5alas mil wathayak fi zibla,negative,2017-12-28,https://www.facebook.com/AttessiaTV/
Espรฉrant bien,positive,2017-12-28,https://www.facebook.com/AttessiaTV/
ch5ass !!!,positive,2017-12-28,https://www.facebook.com/AttessiaTV/
Cest bien inchallah a3la e9rib,positive,2017-12-28,https://www.facebook.com/AttessiaTV/
Fi touness impossible tenjah lahkaya,negative,2017-12-28,https://www.facebook.com/AttessiaTV/
Hhhhh bien we nidham ahla haja,positive,2017-12-28,https://www.facebook.com/AttessiaTV/
Hhhhh ki youslou ya3mlou hedhi tetsama dawla bl 7a9,positive,2017-12-28,https://www.facebook.com/AttessiaTV/
A7ssen,positive,2017-12-28,https://www.facebook.com/AttessiaTV/
la hawla w la 9ouat ella billah mosiba el mra hedhi,negative,2017-12-28,https://www.facebook.com/AttessiaTV/
Tfouuuhh 3liik ..m3a kamel e7tirameti likom,negative,2017-12-28,https://www.facebook.com/AttessiaTV/
si vous savez au Japan le nuclรฉaire qui circule et la dictature pour que les citoyens ne parlent de rien,negative,2017-12-27,https://www.facebook.com/AttessiaTV/
5al2wn2 fthi7a ins2 ili fi 5lij w masr w 8irou irajil tay7oulou 9adrou fi tounis limra hiy2 ili lmith2l b2ch y9oulou 3andh2 rajil,negative,2017-12-27,https://www.facebook.com/AttessiaTV/
Bouzynk,positive,2017-12-27,https://www.facebook.com/AttessiaTV/
n ne voit pas suffisamment Aziza ds ces publications mahlaha elle a beaucoup de sรฉrรฉnitรฉ une grande dame,positive,2017-12-27,https://www.facebook.com/AttessiaTV/
"Un trรจs beau feuilleton et trรจs rรฉussi,les tรฉlรฉspectateurs continuent ร le regarder avec plaisir, Allah yarhmou Sofiane Chaari.",positive,2017-12-28,https://www.facebook.com/AttessiaTV/
allah yarhemou <3 <3 <3,positive,2017-12-27,https://www.facebook.com/AttessiaTV/
Allah yar7mek soufien w enchalla mathwak el jann,positive,2017-12-27,https://www.facebook.com/AttessiaTV/
Ya amine mahzla ka gyes maset lemission wl tawa badalt chaine tellement rakabli la3sab w9oloulou yet3alm yahki ya3ti fl 3iwadh za3ma fama chkoun y9oul'rabi ki ysob saba chbeba wlara khayba 'ya3tih saba nchlh,negative,2017-12-27,https://www.facebook.com/AttessiaTV/
Chibbe wel 3ibe,negative,2017-12-27,https://www.facebook.com/AttessiaTV/
Pfffff mamstou,negative,2017-12-28,https://www.facebook.com/AttessiaTV/
mnin tjeb fel msata ya b3alouch :-/,negative,2017-12-27,https://www.facebook.com/AttessiaTV/
ma93ad ma3maltou wallitou tfasdou fi el sghar avec la culture papa noel,negative,2018-01-01,https://www.facebook.com/AttessiaTV/
Men jabouhalna sa5ta hadi koul mera jeboulna fesla 5ehhh 3lik manesta3fouch beh bou omnik noรซl ????????,negative,2018-01-01,https://www.facebook.com/AttessiaTV/
???????? ma3nich msad9a,negative,2018-01-01,https://www.facebook.com/AttessiaTV/
Mala zbala Walahi a3malto riha????????,negative,2018-01-01,https://www.facebook.com/AttessiaTV/
etfoh 3alikom,negative,2018-01-01,https://www.facebook.com/AttessiaTV/
Mchalah ya3tikoum isah louwled w koul we7id mcharik,positive,2018-01-01,https://www.facebook.com/AttessiaTV/
walah ya3tikom essaha bilha9,positive,2018-01-01,https://www.facebook.com/AttessiaTV/
Trรจs bon travail pro,positive,2018-01-01,https://www.facebook.com/AttessiaTV/
Djo Nabli 3a9ba likk ya 5ouyaa,positive,2018-01-01,https://www.facebook.com/AttessiaTV/
Trรจs trรจs bien,positive,2017-12-31,https://www.facebook.com/AttessiaTV/
Meilleurs vลux bonne et heureuse annรฉe 2018.,positive,2017-12-31,https://www.facebook.com/AttessiaTV/
Brabbi 7aja bark ! Parler en franรงais ne veut rien dire ! Ma fhemtech 3lech elli hetha yabda yet9anza7 bech y5arej el kelma w y5arajha mkasra ! 3leh za7 3maltoulna el jeyer W yecer rahou mergiiiinnnnn ye5i tfarjou 9bal ma thabtou contenu ! 7alou YouTube w choufou des amateur chya3mlou,negative,2018-01-01,https://www.facebook.com/AttessiaTV/
5iiiiiit malla 7ala. ...La yezzi ta9lid w la yezzi mergiiiiiiiin 3ale5er ??,negative,2017-12-31,https://www.facebook.com/AttessiaTV/
Good job,positive,2017-12-31,https://www.facebook.com/AttessiaTV/
Il faut trouver autre chose. C est du ta9lid.,negative,2018-01-01,https://www.facebook.com/AttessiaTV/
Apparemment les Tunisien ne sont pas fort en relookage d'automobile,negative,2018-01-01,https://www.facebook.com/AttessiaTV/
baniola = tgou3ir,negative,2018-01-01,https://www.facebook.com/AttessiaTV/
hhh mabrouuk 3aliik ye rouuug ???,positive,2018-01-01,https://www.facebook.com/AttessiaTV/
Ange,positive,2018-01-01,https://www.facebook.com/AttessiaTV/
bilehi ya baniola 3lech temchiw ken lilkraheb jdod sal7ou kraheb ili3marha kbira wala 7ata barnamej biloujouh w m3aref 3lech tekdhbou 3ala la3bed,negative,2017-12-31,https://www.facebook.com/AttessiaTV/
Wzid lelkroz 3ando golf 5 wma3andouich bach isala7 w9olo mosda9iya elkol ketheb,negative,2018-01-01,https://www.facebook.com/AttessiaTV/
yikdhbo 3la enes,negative,2018-01-01,https://www.facebook.com/AttessiaTV/
M3allem,positive,2017-12-31,https://www.facebook.com/AttessiaTV/
Bon courage chakallou,positive,2017-12-31,https://www.facebook.com/AttessiaTV/
brabi sakerlou famou 3ebd le7mid gheyes yeser 9bi7 fi klemou ... de5el fi tofla habiba ye5i wala yefti a9be7 wa7ed zoufri fi klemou houwa cha5s hetheka,negative,2017-12-31,https://www.facebook.com/AttessiaTV/
Y a mare de voir c est tetes de rater,negative,2017-12-31,https://www.facebook.com/AttessiaTV/
L'emission!!hhhhhhh programme 3al 7it w oumour jeddia taya7 3likom ????,negative,2018-01-02,https://www.facebook.com/AttessiaTV/
Bravo,positive,2018-01-02,https://www.facebook.com/AttessiaTV/
Kamel tweti m3allem,positive,2018-01-02,https://www.facebook.com/AttessiaTV/
Top top top kamel toueti bravo l'รฉmission,positive,2018-01-02,https://www.facebook.com/AttessiaTV/
Hhhhh wallah vraiment bravo pourtant krahtah mel rouba mta3 rรฉveillant elli 7adhret beha fi barnamej weld l fehri,positive,2018-01-02,https://www.facebook.com/AttessiaTV/
J'adore sa voie,positive,2018-01-02,https://www.facebook.com/AttessiaTV/
Mostahil tkoun fanana  southa 3al hitt,negative,2018-01-02,https://www.facebook.com/AttessiaTV/
3assouuuul,positive,2018-01-02,https://www.facebook.com/AttessiaTV/
Bravo,positive,2018-01-02,https://www.facebook.com/AttessiaTV/
Tounis tbedlit 3bedha,negative,2018-01-02,https://www.facebook.com/AttessiaTV/
Medem il 3a9liya 9dima ou yijbdoy fi la7keyet il fergha. La3morna bech nit9admou ken il 7i9d meli 9loubhom. Fakrou fil 7adir. Winees ili 3aycha fil 7athith. Wek iser9a sihem mechia witeabi filiflous 3ale dhar il fou9ara wele fihom rajil. Iwa9afha 3and hadha,negative,2018-01-02,https://www.facebook.com/AttessiaTV/
ivd objet entre les mains du khalifa pour detourner notre histoire politique et blanchir les crimes de nahdha pour enfin dedommager d ' avantage les criminels assassins,negative,2018-01-02,https://www.facebook.com/AttessiaTV/
Estanew mena thwra jdida bech ta7re9 el akhdhar wel yebess entouma teser9ou fina 3ini 3inik estanew,negative,2018-01-02,https://www.facebook.com/AttessiaTV/
miskina tounis walla ????,negative,2018-01-02,https://www.facebook.com/AttessiaTV/
5iiiiiiiit 5iiiiit 5iiiiiit 5iiiiiiiiit la3net ellah 3le hal mandher la7ref,negative,2018-01-02,https://www.facebook.com/AttessiaTV/
JAHL MCIBA,negative,2018-01-02,https://www.facebook.com/AttessiaTV/
Of of milimsata fi fransa fadou milimsata mte7a yawa jet itfadid fi twensa mene9sin ken limhabla,negative,2018-01-02,https://www.facebook.com/AttessiaTV/
mamstaha,negative,2018-01-02,https://www.facebook.com/AttessiaTV/
Wlh te3jebnyyy ??,positive,2018-01-02,https://www.facebook.com/AttessiaTV/
C'est incroyable Ils font tout pour ridiculiser notre pays . Maaloul dรฉgage espรจce de vendu.,negative,2018-01-02,https://www.facebook.com/AttessiaTV/
Wken ne5srou tab9a fdhi7a,negative,2018-01-02,https://www.facebook.com/AttessiaTV/
Ba3loul ya fรฉchel ya samsar,negative,2018-01-02,https://www.facebook.com/AttessiaTV/
Ta7 sa3dek ya tounes... pff,negative,2018-01-02,https://www.facebook.com/AttessiaTV/
Makhybo,negative,2018-01-02,https://www.facebook.com/AttessiaTV/
Good news .. he'z a good player,positive,2018-01-02,https://www.facebook.com/AttessiaTV/
Mala hala ma3loul 3amelha dar bouh,negative,2018-01-02,https://www.facebook.com/AttessiaTV/
Bien venu koly,positive,2018-01-02,https://www.facebook.com/AttessiaTV/
Tfouh 3likom,negative,2018-01-02,https://www.facebook.com/AttessiaTV/
ce program tv est nul !,negative,2017-12-22,https://www.youtube.com/watch?v=3LhwQv_AEok
hhhhhh respect baalouch??????,positive,2017-12-14,https://www.youtube.com/watch?v=3LhwQv_AEok
raouaaaaaaaa ahla sitcom tounsi,positive,2018-01-01,https://www.youtube.com/watch?v=6oAGbp5yQOU
Bravo !,positive,2018-01-01,https://www.youtube.com/watch?v=42jPRtAgfd8
bravooooooo lotfi,positive,2018-01-01,https://www.youtube.com/watch?v=42jPRtAgfd8
Bravo,positive,2017-12-31,https://www.youtube.com/watch?v=42jPRtAgfd8
Nimporte quoi!!!!!!!!!!!!,negative,2017-12-31,https://www.youtube.com/watch?v=42jPRtAgfd8
bravo,positive,2017-12-30,https://www.youtube.com/watch?v=42jPRtAgfd8
masta lasta...Abdelli se prend pour un grand show man (mounachet) alors qu'il n'est qu'un clown triste (mouherrej)...Il ne fait rire que les simples d'esprit...Ceux-lร sont d'ailleurs tellement simples d'esprit qu'ils le font grassement vivre ร leurs dรฉpens...car tout flatteur vit aux dรฉpens de celui qui l'รฉcoute...,negative,2017-12-30,https://www.youtube.com/watch?v=42jPRtAgfd8
Mouzika Bnina yesser  Gamra Band - I'm Outta Love,positive,2017-12-29,https://www.youtube.com/watch?v=42jPRtAgfd8
me3lem Lotfi,positive,2017-12-29,https://www.youtube.com/watch?v=42jPRtAgfd8
Sidekick-Deep fear kharjit 2008 ya bouhรฉli,negative,2017-12-23,https://www.youtube.com/watch?v=AI4mCI7SJlY
Kif dima top bravo,positive,2017-12-22,https://www.youtube.com/watch?v=AI4mCI7SJlY
Ya5i wa9tรฉch walรฉw les รฉmissions mtรฉ3na tรฉfhin l hadarja -_-,negative,2017-12-22,https://www.youtube.com/watch?v=AI4mCI7SJlY
Pourquoi tous ses maquillages oumayma Ben Hafseya tu as que 23 ans Putin on dirait tu as 35 ans,negative,2017-12-22,https://www.youtube.com/watch?v=AI4mCI7SJlY
Kol chai fhemtou walh ken amine walh iji kol chai ila animateur walh 5iiit mamstek,negative,2017-12-22,https://www.youtube.com/watch?v=AI4mCI7SJlY
yah yah macha allah sa voi est magnifique macha allah,positive,2018-01-01,https://www.youtube.com/watch?v=h80_d7N1WGM
The amazing ZAZA <3 <3 <3..,positive,2018-01-01,https://www.youtube.com/watch?v=h80_d7N1WGM
love,positive,2017-12-29,https://www.youtube.com/watch?v=h80_d7N1WGM
Allah allah 3lik y'a zaza,positive,2017-12-29,https://www.youtube.com/watch?v=h80_d7N1WGM
bravo zaza moch normal,positive,2017-12-28,https://www.youtube.com/watch?v=h80_d7N1WGM
W7ADEKOM WLAD BLEDI TA7YA TOUNES,positive,2017-12-26,https://www.youtube.com/watch?v=h80_d7N1WGM
JAW TOUNSI BIEN BIEN,positive,2017-12-26,https://www.youtube.com/watch?v=h80_d7N1WGM
Zaza tbarkallah 3lik,positive,2017-12-25,https://www.youtube.com/watch?v=h80_d7N1WGM
taw hethi 5edma  rouge 3ala beu el karhba sa9toha 7ata yji ybi3 me tetbe3louch \n5edmet **,negative,2018-01-01,https://www.youtube.com/watch?v=IhcRLNWWuPs
ya m3alem berrasmi ta7ki clio 4 WTF ??? wbrabi kif badeltou lcouleur rakom dhentouha lkol  \n5edmet toula 0,negative,2017-04-24,https://www.youtube.com/watch?v=IhcRLNWWuPs
zรฉyรฉd g3ar \nzidouha jantes fel a5dhรฉr a7la,negative,2017-04-24,https://www.youtube.com/watch?v=IhcRLNWWuPs
Makber rasek ye welid,negative,2017-12-31,https://www.youtube.com/watch?v=jMg7Ol506yc
leatitia tu est tres moche et tes tenues sont tres mal choisis tres degeulas,negative,2017-12-31,https://www.youtube.com/watch?v=jMg7Ol506yc
malla houkech wallahi .. vous distribuez des oscars hahahah Baalouch et Chams dรฉcident ?? hahaha ya chams nominรฉ et eliminรฉ cยดest pas la meme chose . normalement ca doit etre interdit quelque ignorants qui disent qui est le meilleur acteur ou chanteur en Tunisie et za3ma za3ma kan 5allit ba3louch walla Chams taw ykoun houwa le meilleur en 2017 hahah billehi na7ou el bhama w soyez un peu spontanรฉ meme les jeux sont preparรฉs Chams aprรจs 2 questions il sait c ets un paquet cadeau sur sa tete et Laetitia boule de cristale hahahahah wallah bhayem w t7ibbou tbahmou el 3bed w sa77a likoum famma 3bed machi fi balhoum birrasmi . bref soyez un peu professionnels spontanรฉs et preparez bien les soirรฉes wallahi c est du n importe quoi 9allou oscar ti au moins invitez les wallahi habbaltouni bil bhama wallah,negative,2017-12-31,https://www.youtube.com/watch?v=jMg7Ol506yc
berjoulia amin gara yesser fachal w yesser bla bla bla et surtout msata w hazรจn t7in,negative,2017-12-31,https://www.youtube.com/watch?v=jMg7Ol506yc
Fazadtouha rubrique mtaa tala3ni,negative,2017-12-31,https://www.youtube.com/watch?v=jMg7Ol506yc
chems dine je taime trooop que dieux te protege ya chames,positive,2018-01-01,https://www.youtube.com/watch?v=jWloexp_HQE
wlhy kont me n7ebeksh ema k rakazt maak lyouma 9adeh hasytek sensible w fragile aaks les apparences <3 w eeli 3jebny fik dyma rabi fi fomeeek :) boonne continuations,positive,2017-12-31,https://www.youtube.com/watch?v=jWloexp_HQE
Nheb nefhem li wra chams tkach55 chnowa li ydh7ak feha vraiment impoli,negative,2017-12-27,https://www.youtube.com/watch?v=jWloexp_HQE
Courage chemssou on t'aime bcoup,positive,2017-12-23,https://www.youtube.com/watch?v=jWloexp_HQE
Aala fikra shams tbors9i wld bledi o nhebou barsha o soutou yhabl,positive,2017-12-21,https://www.youtube.com/watch?v=jWloexp_HQE
El mejri a7sen riyadhi.,positive,2017-12-31,https://www.youtube.com/watch?v=JwuiS64PoAc
les chroniqueurs mรชme pas 7afdhin 2asami les nominรฉs w yakiw 3lihom t9oul lebsa ya5tar fiha.moustawayet,negative,2017-12-31,https://www.youtube.com/watch?v=JwuiS64PoAc
9osou alih dhaw gayรฉs....,negative,2017-12-31,https://www.youtube.com/watch?v=JwuiS64PoAc
BRAVO L'รฉmission,positive,2017-12-30,https://www.youtube.com/watch?v=JwuiS64PoAc
Trรฉs bien merci beaucoup,positive,2017-12-25,https://www.youtube.com/watch?v=KpUKKf0Og1Y
bravo bravo bravo zina,positive,2017-12-17,https://www.youtube.com/watch?v=KpUKKf0Og1Y
raw3a,positive,2017-12-14,https://www.youtube.com/watch?v=KpUKKf0Og1Y
animaux,negative,2017-12-09,https://www.youtube.com/watch?v=KpUKKf0Og1Y
ana.berkanni..9asrinya.wa3ra.. top.top,positive,2017-12-07,https://www.youtube.com/watch?v=KpUKKf0Og1Y
Bent bledi rak dima mnawrtina ya zina lmezyana,positive,2017-12-01,https://www.youtube.com/watch?v=KpUKKf0Og1Y
fffffffffff wallahe matehchemou,negative,2017-11-16,https://www.youtube.com/watch?v=KpUKKf0Og1Y
ZAza ya  m3ALma,positive,2017-12-31,https://www.youtube.com/watch?v=KXXH7wONWnM
A7la zaza namout 3alik,positive,2017-12-31,https://www.youtube.com/watch?v=KXXH7wONWnM
Merci Zaza,positive,2017-12-22,https://www.youtube.com/watch?v=KXXH7wONWnM
bravo zaza,positive,2017-12-14,https://www.youtube.com/watch?v=KXXH7wONWnM
Sanfour y a ghali,positive,2018-01-01,https://www.youtube.com/watch?v=lcKGgNTs_do
3awdto 100 mara <3,positive,2017-12-30,https://www.youtube.com/watch?v=lcKGgNTs_do
m3alem sanfara,positive,2017-12-29,https://www.youtube.com/watch?v=lcKGgNTs_do
oye oye sa7a frรจre,positive,2017-12-29,https://www.youtube.com/watch?v=lcKGgNTs_do
M3allem vraiment,positive,2017-12-29,https://www.youtube.com/watch?v=lcKGgNTs_do
*NICE I LIKE IT*,positive,2017-12-28,https://www.youtube.com/watch?v=lcKGgNTs_do
a7la freestyle sma3tou bravoo,positive,2017-12-28,https://www.youtube.com/watch?v=lcKGgNTs_do
Balti number one,positive,2018-01-01,https://www.youtube.com/watch?v=nL2ds7grpT0
.. yab9a el castro a9wa rappeuur,positive,2018-01-01,https://www.youtube.com/watch?v=nL2ds7grpT0
samayra wa7dou!!!,positive,2017-12-22,https://www.youtube.com/watch?v=qRzzq8kTS2o
i love the bagpipe music,positive,2017-11-17,https://www.youtube.com/watch?v=qRzzq8kTS2o
brvooooooooooo.samir??????,positive,2017-11-12,https://www.youtube.com/watch?v=qRzzq8kTS2o
ena n7eb Karim w ha4eka 3lech n7esou afthel we7ed fehom,positive,2018-01-01,https://www.youtube.com/watch?v=REnQOtihR6o
Bassem a7sen commedine,positive,2018-01-01,https://www.youtube.com/watch?v=REnQOtihR6o
Amine rak beeeeeeessil barcha w blech bik kenit tkoun 5ir mala tafah w mounefi9 pfffff....,negative,2018-01-01,https://www.youtube.com/watch?v=REnQOtihR6o
8:15 tfol r9ad???????? w tofla 9aymeto?? a ce point kobyy??????????,negative,2018-01-01,https://www.youtube.com/watch?v=REnQOtihR6o
Raw3a,positive,2017-08-28,https://www.youtube.com/watch?v=vlZPiGQRPns
bravo latisia,positive,2017-12-31,https://www.youtube.com/watch?v=xeLE7qCUBZc
hhhhh llla marym ma t3rfch les kabare  7ata twns sd9o ya far5a hhhhh 9adch kathb,negative,2017-12-30,https://www.youtube.com/watch?v=xeLE7qCUBZc
I love Laetitia!... She is the best  :),positive,2017-12-29,https://www.youtube.com/watch?v=xeLE7qCUBZc
Vive letisya,positive,2017-12-28,https://www.youtube.com/watch?v=xeLE7qCUBZc
w lo5ra hal rousiiya ach mhazha lel jcc sama7ni,negative,2017-12-26,https://www.youtube.com/watch?v=xeLE7qCUBZc
tjibou lbarrania bech yetmanykou alina? nchalah labess !,negative,2017-12-23,https://www.youtube.com/watch?v=xeLE7qCUBZc
Yakhi hala yakhi n'importe quoi,negative,2017-12-21,https://www.youtube.com/watch?v=xeLE7qCUBZc
hhhhh mala bakhsa,negative,2017-12-18,https://www.youtube.com/watch?v=xeLE7qCUBZc
Ma7leha bent na3ima ljeni,positive,2017-12-28,https://www.youtube.com/watch?v=y5UrbejNIck
mahlah baalouch,positive,2017-12-25,https://www.youtube.com/watch?v=y5UrbejNIck
Anmouuuut a3la a tensiyat,positive,2017-12-25,https://www.youtube.com/watch?v=y5UrbejNIck
akther wa7da n7ebha ????,positive,2017-12-23,https://www.youtube.com/watch?v=y5UrbejNIck
yezi ba3louch tu exagere pas ya7liiiiiiliiiiiii ya7liiiliii 3al fr,negative,2017-12-22,https://www.youtube.com/watch?v=y5UrbejNIck
yecer yecer jadoura ya oumaima w5ayty,negative,2017-12-22,https://www.youtube.com/watch?v=y5UrbejNIck
Yaa chkun ytfakker fatuma taa chufli hal choo ki kebret fisaa heyya mahlhaa???,positive,2017-12-22,https://www.youtube.com/watch?v=y5UrbejNIck
hhhhhhhhhhhh bjadha hadhi wella tfadlek ???????  m3alem ba3louch,positive,2017-12-28,https://www.youtube.com/watch?v=y5IdbDzFvWQ
Tfou 3la twanssa,negative,2017-12-29,https://www.youtube.com/watch?v=nCpBaDhGyLM
Walahi homa sa2louha o hiya jawibit bnaya fi imkaniyatha bich tichri sabat akik wala tosrif akik hiya 7ora flousha,positive,2017-12-26,https://www.youtube.com/watch?v=GLxFqKawmO0
top meryam nhabak,positive,2017-12-23,https://www.youtube.com/watch?v=GLxFqKawmO0
dima tehki kan bel flous ya3tik falous yon9oblek 3inek,negative,2017-12-14,https://www.youtube.com/watch?v=GLxFqKawmO0
blhi 9olha 3lch 3mla Ro7ak haka fama 3abid mal9tach Bach tachro 5obas wanti tosraf fi 5OO dinar fi nahr wal sabit yali 7 malin yamchi wa7do wala yotalb,negative,2017-12-05,https://www.youtube.com/watch?v=GLxFqKawmO0
Mnin jebtoha el bitchez mariem hedheya,negative,2017-12-04,https://www.youtube.com/watch?v=GLxFqKawmO0
Gamra band bravo,positive,2018-01-01,https://www.youtube.com/watch?v=_M3prCVnLGg
J'aime la qualitรฉ des invitรฉs j'espรจre que รงa continuera ??,positive,2017-12-19,https://www.youtube.com/watch?v=_M3prCVnLGg
Ena 3amla langue des signes w 9rani abed mon3em yaser mtrobi w calme 3alekher ya hasra,positive,2017-12-16,https://www.youtube.com/watch?v=_M3prCVnLGg
Bonne continuation Bravo a la chanteuse de la fin j ai adorรฉ,positive,2017-12-16,https://www.youtube.com/watch?v=_M3prCVnLGg
abdelli comme d'habitude bon continuation,positive,2017-12-16,https://www.youtube.com/watch?v=_M3prCVnLGg
We ya3tikoum sa7a. Walit netfarej kan fi abdelli show. We jiboulna nes tahki 3al histoire tunis,positive,2017-12-15,https://www.youtube.com/watch?v=_M3prCVnLGg
kolchy yetsalla7 ken el monteur t7essou yesser te3eb.. en + fahmouhom les jeux meloul mch wa9tha,negative,2017-12-15,https://www.youtube.com/watch?v=_M3prCVnLGg
un tres bon choix d'invitรฉs,positive,2017-12-15,https://www.youtube.com/watch?v=_M3prCVnLGg
a333333333     khiiiiiiit,negative,2017-12-28,https://www.youtube.com/watch?v=7o_JogolYt4
7laa 3ebdelii wa7laa chowwtime rabi iwaf9ek ??,positive,2017-12-25,https://www.youtube.com/watch?v=7o_JogolYt4
Lotfi lm3alm,positive,2017-12-20,https://www.youtube.com/watch?v=7o_JogolYt4
barnemej kolou m9aled 3ala \"the tonight show ta3 Jimmy fallon,negative,2017-12-16,https://www.youtube.com/watch?v=7o_JogolYt4
Bonne continuation lotfi. Emissione parfaite tres simpatique..animation formidabile.. tres professionel barcha techwi9..w tchedd lmouchรจhed..,positive,2017-12-15,https://www.youtube.com/watch?v=7o_JogolYt4
Ya rabi kadech mahleeeeeeek Bravo!,positive,2017-12-15,https://www.youtube.com/watch?v=7o_JogolYt4
lotfiiiiiiiiiii m3aleeeeeeeeeeeeeem,positive,2017-12-15,https://www.youtube.com/watch?v=7o_JogolYt4
bravo \ngreat TV programme \nbig respect from great Britain,positive,2017-12-15,https://www.youtube.com/watch?v=7o_JogolYt4
sorrek mta3 wi4ni labes ahsin,negative,2017-12-15,https://www.youtube.com/watch?v=7o_JogolYt4
Je suis fier de toi m cousine,positive,2017-12-30,https://www.youtube.com/watch?v=TcsUHE_61mE
ma7leha lbattbouta 5amsa w5mis 3leha,positive,2017-12-30,https://www.youtube.com/watch?v=TcsUHE_61mE
J'ai une question et je voulais vraiment avoir une rรฉponse :pourquoi on imite toujours les autres ? oui je parle de cette รฉmission elle est totalement copiรฉe de l'รฉmission de jimmy Fallon !!!,negative,2017-12-30,https://www.youtube.com/watch?v=TcsUHE_61mE
Elle est รฉnorme machaAllah je l'encourage entre jerbiyette ???,positive,2017-12-29,https://www.youtube.com/watch?v=TcsUHE_61mE
tres sympa :),positive,2017-12-29,https://www.youtube.com/watch?v=TcsUHE_61mE
C'est hyper marrant de regarder รงa quand tu parle pas arabe parce que tu suis pas les phrases mais tu comprend quand mรชme le sujet grรขce ร l'utilisation de vocabulaire franรงais :),positive,2017-12-29,https://www.youtube.com/watch?v=TcsUHE_61mE
Elle repรจte toujours le mรชme sketch ????,negative,2017-12-29,https://www.youtube.com/watch?v=TcsUHE_61mE
bint li asl ma tamilch kifik ya 3ahira,negative,2017-12-26,https://www.youtube.com/watch?v=qVGETacZYys
ya khamja bah oui mahich inas ilkol taki bi liklem izayed,negative,2017-12-26,https://www.youtube.com/watch?v=qVGETacZYys
Lotfi madhabik ma3adch ta7ki bel franรงais kassartlou kraymou!,negative,2017-12-23,https://www.youtube.com/watch?v=qVGETacZYys
ma7lรฉha,positive,2017-12-23,https://www.youtube.com/watch?v=qVGETacZYys
zolat e monteur des coupes mch f blasethom jemlaa zeda w les  liaison bin les scรจnes 5Aybin barsha,negative,2017-12-20,https://www.youtube.com/watch?v=qVGETacZYys
hhhh jaim boko lemession  ''' lotfiii bravo et bn continuation ''' 7alitttttttt lbarnamj,positive,2017-12-19,https://www.youtube.com/watch?v=qVGETacZYys
Jdr cette fille Top maram ???,positive,2017-12-17,https://www.youtube.com/watch?v=qVGETacZYys
lotfii maalem,positive,2017-12-17,https://www.youtube.com/watch?v=qVGETacZYys
Sanfour ya m3alam ?????,positive,2018-01-02,https://www.youtube.com/watch?v=Iewe9vZnE-Y
jeyeb laabed bech ttdha7ek laabed aalehom ?!!! 7ad mahou aamel menek ras meel  ya f9ir fi mokhek,negative,2018-01-02,https://www.youtube.com/watch?v=Iewe9vZnE-Y
rapou i5arajni men dinya yaaaser proooo,positive,2018-01-01,https://www.youtube.com/watch?v=Iewe9vZnE-Y
Menzeliano number 1,positive,2017-12-29,https://www.youtube.com/watch?v=Iewe9vZnE-Y
1 of the best rappers in Tunisia .. ??? big up !,positive,2017-12-25,https://www.youtube.com/watch?v=Iewe9vZnE-Y
Klay a9wa rapeur 3andou cha5sito w ma3labelou b 7ad ye3jebni baaaarcha,positive,2018-01-02,https://www.youtube.com/watch?v=lfltwD7QQHA
Klay ya m3thbhom ????,positive,2017-12-25,https://www.youtube.com/watch?v=lfltwD7QQHA
Klay rani m3ak w raw 3andk jmhour y7ebbk 3alle5r w mnhom ena na7fth ma7soub ghnak lkol bravo akther rappeur ye3jebni ????????ma t5af mn 7ad w wasel w yefarrejha rabi,positive,2017-12-23,https://www.youtube.com/watch?v=lfltwD7QQHA
b1 dit jamel,positive,2017-12-14,https://www.youtube.com/watch?v=tj0O6enSIFw
kamcha jahala w jbour w sat7eyin y3andou fi rajel mtha9ef mseken wlh ydha7kou,negative,2017-12-12,https://www.youtube.com/watch?v=tj0O6enSIFw
bravooo lotfii,positive,2017-12-10,https://www.youtube.com/watch?v=tj0O6enSIFw
ma7lรฉhom zaa7 nmout 3lihom \u003c3 lmoumathlin hรฉthouma wallahi twa7chthom 3ale5er,positive,2017-12-09,https://www.youtube.com/watch?v=tj0O6enSIFw
jamal wlh klemek s7i7,positive,2017-12-09,https://www.youtube.com/watch?v=tj0O6enSIFw
Ya3tikom sa77a. Jaw mizyan. Ama ynajem ykoun 5ir. Deja ya3jebni barsha barnamej jimmy fallon bahi elli t3amlet version tounsya. Ama la7etht lotfi mazelt mit3awed 3la korsi les invites de telle faรงon tes2el w tjaweb lol bn moch hekaka ama thyof ma7koush barsha. W bnesba ljamel klama ma39oul mayest7a9esh radet lfi3l mta3kom 7asb klamek mafamash tatyi7 9dar lthoyof !!!! N7abo nchofoh chay hatha. Appart รงa bravo.,positive,2017-12-09,https://www.youtube.com/watch?v=tj0O6enSIFw
Bravo continue comme รงa ??,positive,2017-12-22,https://www.youtube.com/watch?v=Los24EL7f5w
m3alem sa7bi keep up,positive,2017-12-18,https://www.youtube.com/watch?v=Los24EL7f5w
cadrage 5ayeb barcha,negative,2017-12-17,https://www.youtube.com/watch?v=Los24EL7f5w
Bravo,positive,2017-12-16,https://www.youtube.com/watch?v=Los24EL7f5w
Lotfi ekhdem a la rouhek w matejbedch siyedek kol wehed ya3ref 9adrou semi fehri m3almm w yab9a m3alemmmmm t7essou Hatta kif yahki classe w inti t3ayet w tgoul fiklem maset w 9bi7 w fibelk 9be7tek dhmar BN chance,negative,2017-12-16,https://www.youtube.com/watch?v=Los24EL7f5w
Bravo,positive,2017-12-16,https://www.youtube.com/watch?v=Los24EL7f5w