comment_text,sentiment_category,date,source_url
Pauvre ***,0," Dec 7, 2017",https://www.youtube.com/watch?v=IJcL2RHfk28
Ù…Ù†Ø´Ø·  ****,0," Dec 7, 2017",https://www.youtube.com/watch?v=IJcL2RHfk28
Ù…Ù…Ø«Ù„  ****,0," Dec 7, 2017",https://www.youtube.com/watch?v=IJcL2RHfk28
Ø¯ÙŠÙƒÙˆØ±ÙŠ,0," Dec 7, 2017",https://www.youtube.com/watch?v=IJcL2RHfk28
Ù…ÙˆØ³ÙŠÙ‚ØªÙŠ,0," Dec 7, 2017",https://www.youtube.com/watch?v=IJcL2RHfk28
Ø¬Ù…Ù‡ÙˆØ±ÙŠ,0," Dec 7, 2017",https://www.youtube.com/watch?v=IJcL2RHfk28
Ø´ÙˆÙÙˆØ§ Ø§Ù„Ø¹Ø±Ø¨ Ø´Ù†ÙˆØ© Ø§Ù‡ØªÙ…Ø§Ù…Ø§ØªÙ‡Ù… ...ÙØ¹Ù„Ø§ Ø£Ù…Ø© Ù†Ø§Ø¦Ù…Ø© Ø¥Ø­Ù†Ø§ ØªÙˆØ© ÙÙŠ Ø£ÙƒØ¨Ø± Ù…ØµÙŠØ¨Ø© Ù„Ù„Ø£Ù…Ø© Ø§Ù„Ø¥Ø³Ù„Ø§Ù…ÙŠØ© Ø§Ù„ÙƒÙ„ Ù†ÙˆØ±Ù…Ø§Ù„Ù…ÙˆÙ† Ø±Ø§Ù†Ø§ ÙÙŠ Ø­Ø¯Ø§Ø¯ Ù…ÙˆØ´ Ù†Ø¶Ø­ÙƒÙˆØ§ ÙˆÙ†Ù„Ø¹Ø¨ÙˆØ§ ÙˆÙ†ÙØ¯Ù„ÙƒÙˆØ§ ÙˆÙ†ØªÙØ±Ø¬ÙˆØ§ Ø¹Ù„Ù‰ Ø§Ù„Ù…ÙŠÙˆØ¹Ø© ÙˆØ§Ù„ØªÙØ§Ù‡Ø§Øª ...,0,"7 dÃ©cembre, 20:54",https://www.facebook.com/AttessiaTV/videos/733408660186222/
Ø¹Ù„Ø§Ø´ ØªØ¶Ø­ÙƒÙˆ Ø¹Ù„Ù‰ Ø¨Ù‡Ø§Ù…ØªÙƒÙ… Ø´ÙˆÙÙˆ Ø§Ø®ÙˆØ§Ù†ÙƒÙ… Ø§Ù„ÙÙ„Ø³Ø·Ù†ÙŠÙŠÙ† Ùˆ Ø§Ù„Ù…Ø³Ù„Ù…ÙŠÙ† ÙÙŠ Ø¨ÙˆØ±Ù…Ø© Ù‡Ø§ÙŠ Ù†Ù†Ø¯Ø¨Ù‡Ù… Ø¹Ù„ÙŠÙƒÙ…,0,"7 dÃ©cembre, 20:54",https://www.facebook.com/AttessiaTV/videos/733408660186222/
Ayat Ben Ahmed  ÙØ§Ø´ Ø±Ø¨ÙŠ Ù…Ø¹Ø§Ù‡Ù… Ø¨Ø§Ø´ ÙŠØ­Ø±Ø± Ø§Ù„Ù‚Ø¯Ø³ Ø²Ø§ÙŠØ¯ Ø¹Ø§Ù‡Ø±Ø§Øª Ù…ÙŠØªÙ„Ø§Ù…Ø´ Ø¹Ù„ÙŠÙƒÙ…,0,"7 dÃ©cembre, 20:54",https://www.facebook.com/AttessiaTV/videos/733408660186222/
Ø§ÙˆÙ„ Ø­Ù„Ù‚Ù‡ Ø¨Ø¯Ø§Ù‡Ø§Ø¨Ø§Ù„Ø®Ù…Ø¬ Ù…ØªØ§Ø¹Ùˆ ÙˆØ§Ù„ØºØ´Ù‡ Ø¬Ø§ÙŠØ¨Ù‡Ø§ Ø¨Ø§Ù„Ù‚Ø¨Ø§Ø­Ù‡ Ø¨Ø§Ù„Ø±Ø³Ù…ÙŠ .....ÙˆØ³Ø® Ù„Ù‚Ù†Ø§Ø© Ø§Ù„ØªØ§Ø³Ø¹Ù‡,0,"7 dÃ©cembre, 20:54",https://www.facebook.com/AttessiaTV/videos/733408660186222/
Bde b 9ilet torbiya la3ibha weld 7ouma 3arbi w raye9 ti 9oum bayet jir tnafa3 w i7chem rak rwijel 5ater rojla kes7a 3lik,0,"7 dÃ©cembre, 20:54",https://www.facebook.com/AttessiaTV/videos/733408660186222/
Ya7 bini yarrah ghates lotfi men awel 7al9a bel ghacha welklem elmerzi pffffffff,0,"7 dÃ©cembre, 20:54",https://www.facebook.com/AttessiaTV/videos/733408660186222/
Ø´Ù†ÙˆØ§ Ù‡Ø§ Ù„Ø­Ø§Ù„Ø© Ù‡Ø¯ÙŠ,0,"7 dÃ©cembre, 20:54",https://www.facebook.com/AttessiaTV/videos/733408660186222/
Makech mta3 talfza,0,"7 dÃ©cembre, 20:54",https://www.facebook.com/AttessiaTV/videos/733408660186222/
Ù…Ø§Ø³Ø·Ø© Ø§Ù„Ø­Ù„Ù‚Ø© ÙƒÙŠÙÙƒ ÙŠØ§ Ù„Ø·ÙÙŠ,0,"7 dÃ©cembre, 20:54",https://www.facebook.com/AttessiaTV/videos/733408660186222/
Gedech 5raaaaaaaa,0,"7 dÃ©cembre, 20:54",https://www.facebook.com/AttessiaTV/videos/733408660186222/
Oltof ye rab,0,"7 dÃ©cembre, 20:54",https://www.facebook.com/AttessiaTV/videos/733408660186222/
Tounes ya kedheba,0,"7 dÃ©cembre, 20:54",https://www.facebook.com/AttessiaTV/videos/733408660186222/
Ù…Ø§ Ø³Ø·,0,"7 dÃ©cembre, 20:54",https://www.facebook.com/AttessiaTV/videos/733408660186222/
Hall masit,0,"7 dÃ©cembre, 20:54",https://www.facebook.com/AttessiaTV/videos/733408660186222/
Ù…Ø§Ø³Ø· Ùˆ Ø³Ø®ÙŠÙ,0,"7 dÃ©cembre, 20:54",https://www.facebook.com/AttessiaTV/videos/733408660186222/
Ya rien je n'entend rien,0,"7 dÃ©cembre, 20:54",https://www.facebook.com/AttessiaTV/videos/733408660186222/
Ù‡Ù†Ø§ Ù†Ø³ØªÙ†Ùˆ,0,"7 dÃ©cembre, 20:54",https://www.facebook.com/AttessiaTV/videos/733408660186222/
Ù…Ø§ÙÙŠ ØµÙˆØª,0,"7 dÃ©cembre, 20:54",https://www.facebook.com/AttessiaTV/videos/733408660186222/
Ø´Ùˆ Ù‡Ø§Ø¯,0,"7 dÃ©cembre, 20:54",https://www.facebook.com/AttessiaTV/videos/733408660186222/
Ø§ØªÙƒÙ„Ù…,0,"7 dÃ©cembre, 20:54",https://www.facebook.com/AttessiaTV/videos/733408660186222/
"( Ø³Ø§Ù…Ø­ÙŠÙ†Ø§ ÙŠØ§ Ù‚Ø¯Ø³ )
Ø¨Ø§Ù„Ù„Ù‡ Ø³Ø§Ø§Ø§Ø§Ø§Ù…Ø­ÙŠÙ†Ø§ !!",0,"7 dÃ©cembre, 20:54",https://www.facebook.com/AttessiaTV/videos/733408660186222/
Ã‰mission -18 ans,0,"7 dÃ©cembre, 20:54",https://www.facebook.com/AttessiaTV/videos/733408660186222/
Mansaddak ken man3annak,0,"7 dÃ©cembre, 20:54",https://www.facebook.com/AttessiaTV/videos/733408660186222/
Tiiiiit lekbir pp,0,"7 dÃ©cembre, 20:54",https://www.facebook.com/AttessiaTV/videos/733408660186222/
Ø¯Ø®Ù„ Ø§Ù…Ø²Ø·Ù„ Ù…Ù† Ø£ÙˆÙ„ Ù†Ù‡Ø§Ø± ÙŠØ§ ÙˆÙ„Ø§ Ø­Ø§Ù„,0,"7 dÃ©cembre, 20:54",https://www.facebook.com/AttessiaTV/videos/733408660186222/
Ù…Ø§Ø³Ø· Ù„Ø§Ø³Ø·,0,"7 dÃ©cembre, 20:54",https://www.facebook.com/AttessiaTV/videos/733408660186222/
Yaser y3ayet,0,"7 dÃ©cembre, 20:54",https://www.facebook.com/AttessiaTV/videos/733408660186222/
plateau adhlm zidou shwaya lumiere,0,"7 dÃ©cembre, 20:54",https://www.facebook.com/AttessiaTV/videos/733408660186222/
Nchallah ken yebdda,0,"7 dÃ©cembre, 20:54",https://www.facebook.com/AttessiaTV/videos/733408660186222/
Ù…Ø§Ø³Ø·,0,"7 dÃ©cembre, 20:54",https://www.facebook.com/AttessiaTV/videos/733408660186222/
Ù…Ø§Ø³Ø·,0,"7 dÃ©cembre, 20:54",https://www.facebook.com/AttessiaTV/videos/733408660186222/
Masset lasset,0,"7 dÃ©cembre, 20:54",https://www.facebook.com/AttessiaTV/videos/733408660186222/
Sonia pas bien,0,"7 dÃ©cembre, 20:54",https://www.facebook.com/AttessiaTV/videos/733408660186222/
Maaaast,0,"7 dÃ©cembre, 20:54",https://www.facebook.com/AttessiaTV/videos/733408660186222/
ÙŠØ¹Ø·ÙŠÙƒ ÙŠØ§Ù„Ø·ÙÙŠ Ù‚Ø¯Ø§ÙƒØ´ Ù…Ø§ØµØ·ØŸ,0,"7 dÃ©cembre, 20:54",https://www.facebook.com/AttessiaTV/videos/733408660186222/
Maset last ma 3jebnich jimla yeser kather lin msat 0,0,"7 dÃ©cembre, 20:54",https://www.facebook.com/AttessiaTV/videos/733408660186222/
Ø­ØµØ© lemession Ù„ÙŠ ØªØ¹Ù„Ù‚ Ø¹Ù„ÙŠÙ‡Ø§ Ø§Ø³ÙŠ Ù„Ø·ÙÙŠ Ø®ÙŠØ± Ù…Ù† Ø­ØµØªÙƒ ÙŠØ§ Ø³Ø§Ù…Ø· ÙŠØ§ Ù…Ø¹Ø¯Ø© ğŸ˜•,0,"7 dÃ©cembre, 20:54",https://www.facebook.com/AttessiaTV/videos/733408660186222/
Ù…Ø§ÙŠØ±ÙˆÙ‚Ù„ÙŠØ´ ÙØ§Ù„ØªÙ…Ø«ÙŠÙ„ Ø§Ø­Ø³Ù† Ø´ÙˆÙŠÙ‡ ÙˆÙŠØ¯Ø¹ÙˆØ´ Ø´ÙˆÙŠÙ‡,0,"7 dÃ©cembre, 20:54",https://www.facebook.com/AttessiaTV/videos/733408660186222/
na9esssssssssss ddjjj   ya wellllldyyyyyyyy ddjjjjjj jeboulna,0,"7 dÃ©cembre, 20:54",https://www.facebook.com/AttessiaTV/videos/733408660186222/
ama na9es ddj  ya im3lem jeboulna ddj,0,"7 dÃ©cembre, 20:54",https://www.facebook.com/AttessiaTV/videos/733408660186222/
5onnar Twansa,0,"7 dÃ©cembre, 20:54",https://www.facebook.com/AttessiaTV/videos/733408660186222/
Ok,0,"7 dÃ©cembre, 20:54",https://www.facebook.com/AttessiaTV/videos/733408660186222/
Ok,0,"7 dÃ©cembre, 20:54",https://www.facebook.com/AttessiaTV/videos/733408660186222/
masaaaaaaaaaÃ at,0,"7 dÃ©cembre, 20:54",https://www.facebook.com/AttessiaTV/videos/733408660186222/
Ù†ÙˆÙÙ€Ù„ Ø§Ù„ÙˆØ±ØªÙ€Ø£Ù†ÙŠ Ø¨Ø±Ø£Ù…Ù€Ø¬Ùˆ Ø§Ù„ÙƒÙ€Ù„ Ø§ØªØ³Ù€Ø±Ù‚Øª ğŸ˜‚ğŸ˜‚,0,"7 dÃ©cembre, 20:54",https://www.facebook.com/AttessiaTV/videos/733408660186222/
Ù„Ø·ÙÙŠ Ø§Ùˆ Ø¹Ø¨Ø¯ Ø§Ù„Ø±Ø²Ø§Ù‚ Ø§Ù„Ø´Ø§Ø¨ÙŠ ÙŠØ­ÙƒÙˆØ§ Ø§Ùˆ Ø§Ù†Ø§ Ø¨Ø·Ù„ÙŠØ¹ØªÙŠ Ù†ÙƒØ±Ù‡ Ù‡Ø¯Ø±Ø© Ù‡Ù‡Ù‡ ğŸ˜‚ğŸ˜‚,0,"7 dÃ©cembre, 20:54",https://www.facebook.com/AttessiaTV/videos/733408660186222/
massa5 wo barnemjou 3all 7iit jeib kamcha 5majj froukh na3lbouh wo bou waldin bouh,0,"7 dÃ©cembre, 20:54",https://www.facebook.com/AttessiaTV/videos/733408660186222/
Kont netmana tjibou fekra jdidaa mais pas grave hana mazzelna nchoufou,0,"7 dÃ©cembre, 20:54",https://www.facebook.com/AttessiaTV/videos/733408660186222/
Mahouch ma39oul el3alem elkol lehi bel9adhiya alfilastiniya wa7na chay5un,0,"7 dÃ©cembre, 20:54",https://www.facebook.com/AttessiaTV/videos/733408660186222/
Koulhoum mastin,0,"7 dÃ©cembre, 20:54",https://www.facebook.com/AttessiaTV/videos/733408660186222/
Ye 3mbou hel massa5 w elli kifou,0,"7 dÃ©cembre, 20:54",https://www.facebook.com/AttessiaTV/videos/733408660186222/
Ø§ÙŠÙ† Ù„Ø§Ø¨ØªÙƒØ§Ø± Ùˆ Ø§ÙŠÙ† Ø§Ù„Ø¹Ø¨Ù‚Ø±ÙŠØ© Ø§Ù„Ø¬Ø¯ÙŠØ¯Ø©  ÙÙŠ Ù‡Ø°Ø§ Ø§Ù„Ø¨Ø±Ù†Ø§Ù…Ø¬ ØŸØŸØŸÙ„Ù„Ø§Ø³Ù ÙƒÙ„Ù‡ Ø²ÙŠ Ø¨Ø¹Ø¶Ù‡!!!Ø±ØºÙ… Ø§Ù„ÙŠ ÙÙŠÙ‡ ÙŠØ§Ø³Ø± Ù…ÙˆØ§Ø¶ÙŠØ¹ ØªÙ‚Ø¯Ø± ØªÙÙŠØ¯ Ø¨ÙŠÙ‡Ø§ Ø§Ù„Ø´Ø¹Ø¨ Ø§Ù„ØªÙˆÙ†Ø³ÙŠ...ğŸ‡¹ğŸ‡³ğŸ¨ğŸ¸ğŸš´ğŸ¿ğŸ‡ğŸ½ğŸ‚ğŸ¤¸â€â™€ï¸ğŸ›¶ğŸ¡ğŸ›¤ğŸºğŸ› âš–ï¸ğŸğŸ“–,0,"7 dÃ©cembre, 21:14",https://www.facebook.com/AttessiaTV/videos/733419516851803/
Ø¯Ø§Ø®Ù„ ØªØ³Ø¨ ÙÙŠ Ù†ÙˆÙÙ„ ÙˆÙÙŠ Ø³Ø§Ù…ÙŠ Ø§Ù„ÙÙ‡Ø±ÙŠ Ø¹Ù„Ù‰ Ø£Ø³Ø§Ø³ Ø§Ù†Øª Ø·ÙˆÙ… ÙƒØ±ÙˆØ² Ù…Ù„Ø§ Ø­Ù‚Ø¯ ÙÙŠÙƒ Ø¨Ù‡ØªÙ†ÙŠ Ø¬ÙŠØ¨Ùˆ Ø­Ø§Ø¬Ù‡ Ø¬Ø¯ÙŠØ¯Ø© Ø¹Ù„Ø§Ø´ Ø§Ù„ØªÙ‚Ù„ÙŠØ¯,0,"7 dÃ©cembre, 21:14",https://www.facebook.com/AttessiaTV/videos/733419516851803/
Ø£Ù†Ø§ Ù…Ø§ Ù†ØªÙØ±Ø¬ ÙÙŠÙ‡ Ø®Ø§Ø·Ø± Ù†Ø¹Ø±ÙÙˆ ÙÙŠ ØªÙ‚Ø¯ÙŠÙ… Ø§Ù„Ø¨Ø±Ø§Ù…Ø¬ ÙØ§Ø§Ø§Ø§Ø§Ø§Ø´Ù„ ... Ø§Ù„Ù„Ù‡ ØºØ§Ù„Ø¨ Ø§Ù„ÙƒÙ…Ø§Ù„ Ù„Ù„Ù‡ ÙˆØ­Ø¯Ù‡ !!!,0,"7 dÃ©cembre, 21:14",https://www.facebook.com/AttessiaTV/videos/733419516851803/
DÃ©coration laabes k bch taamel prog jdid jiib afkaaar jdidaa masta barcha raaw,0,"7 dÃ©cembre, 21:14",https://www.facebook.com/AttessiaTV/videos/733419516851803/
Ø§Ù„Ù‚Ø¯Ø³ Ø¹Ø§ØµÙ…Ø© Ø§Ù„Ù…Ø³Ù„Ù…ÙˆÙ† Ù‡Ø²ØªÙ‡Ø§ Ø¥Ø³Ø±Ø§Ø¦ÙŠÙ„ ÙˆØ§Ø­Ù†Ø§ Ù†ØªÙØ±Ø¬ ÙÙŠ Ø§Ù„Ù…Ø±ØªØ²Ù‚Ø©,0,"7 dÃ©cembre, 21:14",https://www.facebook.com/AttessiaTV/videos/733419516851803/
Ù…Ø§Ø³Ø·  Ù„Ø§Ø³Ø·,0,"7 dÃ©cembre, 21:14",https://www.facebook.com/AttessiaTV/videos/733419516851803/
ØªØ§ÙÙ‡,0,"7 dÃ©cembre, 21:14",https://www.facebook.com/AttessiaTV/videos/733419516851803/
Ù†ÙˆÙÙ„ ÙŠØ·ÙŠØ± Ø¨ÙŠÙƒ Ø·ÙŠØ±Ø§Ù†,0,"7 dÃ©cembre, 21:14",https://www.facebook.com/AttessiaTV/videos/733419516851803/
ØªØ§ÙÙ‡ Ùˆ ØªØªÙØ±Ø¬Ùˆ ÙÙŠÙ‡Ù…  ØŸØŸØŸØŸ,0,"7 dÃ©cembre, 21:14",https://www.facebook.com/AttessiaTV/videos/733419516851803/
kif wajhou,0,"7 dÃ©cembre, 21:14",https://www.facebook.com/AttessiaTV/videos/733419516851803/
Ù…Ø§Ø³Ø· Ù„Ø§Ø³Ø·,0,"7 dÃ©cembre, 21:14",https://www.facebook.com/AttessiaTV/videos/733419516851803/
Il ignore vraiment (( qu est ce qu elle dit les paroles de cette chanson ))),0,"7 dÃ©cembre, 21:14",https://www.facebook.com/AttessiaTV/videos/733419516851803/
ÙˆØ§Ù„Ù„Ù‡ Ø¨Ø±Ø§Ù…Ø¬ÙƒÙ… Ø§Ù„ÙƒÙ„ ØªØ§ÙÙ‡Ø© ÙˆØ§Ù„Ù…ØªÙØ±Ø¬ Ù‡Ùˆ Ø§Ù„ÙŠ Ø­Ø§Ù„Ùˆ ÙŠØ³Ø®Ù Ù…Ø³ÙƒÙŠÙ†,0,"7 dÃ©cembre, 21:14",https://www.facebook.com/AttessiaTV/videos/733419516851803/
ÙˆÙ‚Øª Ø­ØªÙ‰ Ù‡Ùˆ Ù„Ø§Ø­ÙˆÙ„Ø©ÙˆÙ„Ø§Ù‚ÙˆØ©Ø§Ù„Ø§Ø¨Ø§Ù„Ù„Ù‡,0,"7 dÃ©cembre, 21:14",https://www.facebook.com/AttessiaTV/videos/733419516851803/
Ø¨Ø±Ù†Ø§Ù…Ø¬ ØºØ´Ø© ÙˆÙ‚Ù„Ø© ØªØ±Ø¨ÙŠØ© ÙƒÙŠÙ…Ø§ Ù„Ø¨Ø§Ø³ ğŸ‘ğŸ»,0,"7 dÃ©cembre, 21:14",https://www.facebook.com/AttessiaTV/videos/733419516851803/
Hatha kan 5thach Bent elmzali ma ye5dim  chay,0,"7 dÃ©cembre, 21:14",https://www.facebook.com/AttessiaTV/videos/733419516851803/
Ø§ÙˆÙˆÙˆÙ‡ Ù…Ù…Ø³Ø·Ùƒ,0,"7 dÃ©cembre, 21:14",https://www.facebook.com/AttessiaTV/videos/733419516851803/
Ù…Ø§Ø³Ø·ØŒ .Ø¯Ø§Ø®Ù„Ù‡Ø§ Ø¨Ø§Ù„Ø¹ÙŠØ§Ø· ØªÙƒØ³ÙŠØ± Ø§Ù„Ø±Ø§Ø³,0,"7 dÃ©cembre, 21:14",https://www.facebook.com/AttessiaTV/videos/733419516851803/
Ù…Ù„Ø§ Ø´Ù„Ø§ÙŠÙƒ,0,"7 dÃ©cembre, 21:14",https://www.facebook.com/AttessiaTV/videos/733419516851803/
Barnamejj ziro,0,"7 dÃ©cembre, 21:14",https://www.facebook.com/AttessiaTV/videos/733419516851803/
Ø§Ù„Ù„Ù‡ ÙŠØ±Ø­Ù…Ùƒ ÙŠØ§ ØªÙˆÙ†Ø³,0,"7 dÃ©cembre, 21:14",https://www.facebook.com/AttessiaTV/videos/733419516851803/
Mamset jad bouuuuk,0,"7 dÃ©cembre, 21:14",https://www.facebook.com/AttessiaTV/videos/733419516851803/
"Lotfi matnajamch tkoun Ken comÃ©dien ou acteur, tanchit khatik jemla wrakom fehmine tanchit bilghalet, fehminou chkoun ytayya7 ala lekhor fi 9illet torbia wilklem zeyed alors que c pas Ã§a du tout.",0,"7 dÃ©cembre, 21:14",https://www.facebook.com/AttessiaTV/videos/733419516851803/
Ø¯Ø§Ø®Ù„Ù‡Ø§ Ø¯ÙŠØ±Ø§ÙƒØª Ø¨Ù„ØºØ© Ø§Ù„ØºØ´Ø©...Ø¬Ø§Ø¨ Ø§Ù„ØµÙŠØ¯ Ù…Ù† ÙˆØ°Ù†Ùˆ Ù„Ø§ Ù…ÙˆØ´ Ù…Ù† ÙˆØ°Ù†Ùˆ Ù…Ù†.....Ø®Ø´Ù…Ùˆ..Ø´Ø¨ÙŠÙƒ Ù…Ø§ÙƒØ´ Ù…ØªØ±Ø¨ÙŠ Ùˆ ØªØ¸Ø­Ùƒ ÙÙŠ Ù„Ø¹Ø¨Ø§Ø¯ ÙƒØ§Ù† Ø¨Ø§Ù„Ø¨Ù„Ø§Ø¯Ø© Ùˆ Ù‚Ù„Ø© Ø§Ù„ØªØ±Ø¨ÙŠØ© Ùˆ ÙƒÙ„Ø§Ù… Ø§Ù„ØºØ´Ø©...Ù†Ù‚Øµ Ù…Ø§Ù„Ø¨Ù„Ø§Ø¯Ø© Ùˆ Ø§Ù„Ù‚Ø¨Ø§Ø­Ø© Ø±Ø§Ùƒ Ø®Ø±ÙŠØª ÙÙŠÙ‡...Ùˆ Ø£Ø®Ø¯Ù… Ø¹Ù„Ù‰ Ø±ÙˆØ­Ùƒ Ø±Ø§Ø¬Ù„ Ùˆ Ù†Ø¸ÙŠÙ Ùˆ Ø¹ÙÙŠÙ Ùˆ Ø±Ø¨ÙŠ Ù…Ø¹Ø§Ùƒ...Ù„Ø§Ø²Ù… ØªØ®Ø¯Ù… Ø¨Ù‚Ù„Ø© Ø§Ù„ØªØ±Ø¨ÙŠØ© Ù…ØªØ§Ø¹Ùƒ ÙŠØ§ Ø®Ø§Ù…Ø¬..Ù…Ù† ÙˆÙ‚ÙØªÙƒ Ùˆ Ø·Ø±ÙŠÙ‚Ø© ÙƒÙ„Ø§Ù…Ùƒ Ùˆ ØªØ¹ÙˆÙŠØ¬ ÙÙ…Ùƒ Ø¸Ø§Ù‡Ø± ÙƒÙ„ÙˆØ´Ø§Ø± Ùˆ Ù…ØªØ¬ÙŠØ´ Ù„Ø§ Ø¥Ø¹Ù„Ø§Ù…ÙŠ Ùˆ Ù„Ø§ Ù…Ù†Ø´Ø· Ùˆ Ù„Ø§ Ø­ØªÙ‰ Ø´ÙŠØ¡ ØªØ¬ÙŠ ÙƒØ§Ù† Ø¨ÙŠØ§Ø¹ Ø´Ø±Ø§Ø¨,0,"7 dÃ©cembre, 21:14",https://www.facebook.com/AttessiaTV/videos/733419516851803/
ØªÙ…Ø®Ø¶ Ø§Ù„Ø¬Ø¨Ù„ ÙÙˆÙ„Ø¯ ÙØ§Ø± Ø¨Ùˆ ØªÙ…ÙŠØ±Ø©...ğŸ€ğŸğŸ€ Ù…Ù† Ù‚Ù„Ø© Ø§Ù„Ø¨Ø±Ø§Ù…Ø¬ Ø¬Ø§ÙŠØ¨ÙŠÙ† ÙƒØ§Ù† Ø§Ù„ÙƒÙˆØ¨ÙŠ ÙƒÙˆÙ„ÙŠ Ùˆ Ø²ÙŠØ¯ ØªÙØ§Ù‡Ø© Ùˆ Ù…Ø³Ø§Ø·Ø© Ù…Ø´ Ù†Ø±Ù…Ø§Ù„...Ø¹Ø§Ù„Ù… ÙˆØ§ÙƒÙ„ Ø¨Ø¹Ø¶Ùˆ Ø¹Ù„Ù‰ ÙÙ„Ø³Ø·ÙŠÙ† Ùˆ Ø§Ù†Øª ØªÙ‡Ø±Ø¬ ÙƒÙŠ ÙƒÙ„ÙˆÙ† Ø§Ù„ÙŠ Ù‚Ø§Ù… Ù…Ù†ÙˆÙ… Ù…Ù† ØºÙŠØ± Ù…Ø§ ÙŠØ´Ø±Ø¨ Ù‚Ù‡ÙˆØ©...ğŸ˜ğŸ˜,0,"7 dÃ©cembre, 21:14",https://www.facebook.com/AttessiaTV/videos/733419516851803/
Ø§Ù„ÙƒÙ„Ù‡Ø§ Ù…Ø­Ø¸Ø±Ø§ ÙƒÙˆÙ…Ù†ØªØ§Ø± Ø¨Ø§Ø´ ØªØ³Ø¨ Ù‡ÙƒØ§ÙƒØ© Ù…Ø§ ØºÙŠØ± Ø³Ø¨Ø¨ Ùˆ Ù‡ÙˆÙ…Ø§ Ø§Ù„ÙƒÙ„Ù‡Ù… ÙŠØªÙØ±Ø¬Ùˆ ğŸ˜‚ğŸ˜‚ğŸ˜‚,0,"7 dÃ©cembre, 21:14",https://www.facebook.com/AttessiaTV/videos/733419516851803/
"ØªØªÙ„Ø¹ÙˆØ´ÙŠ Ù„Ù„Ø³Ù…Ø§Ø¡ ÙˆØªÙ‡Ø¨Ø·ÙˆØ§ Ù…Ø§ÙƒÙˆÙ…Ø´ Ø¨Ø§Ø´ ØªÙ†Ø¬Ø­ÙˆØ§ Ø¨Ø§Ù„Ø¨Ø±Ø§Ù…Ø¬ Ø§Ù„ÙØ§Ø´Ù„Ø© ÙˆØ§Ù„Ù…Ø§Ø³Ø·Ø© ÙˆØ§Ù„ØªØ§ÙÙ‡Ø© ÙˆØ§Ù„Ù…Ø³Ø±ÙˆÙ‚Ø© Ù…ØªØ§Ø¹ÙƒÙ… Ø¹Ù„Ù‰ Ø®Ø§Ø·Ø± Ø§Ù„Ù‚Ù†Ø§Ø© Ø§Ù„ÙˆØ­ÙŠØ¯Ø© ÙÙŠ ØªÙˆÙ†Ø³ Ø§Ù„Ù‚ÙˆÙŠØ© ÙÙŠ Ø§Ù„Ø¨Ø±Ø§Ù…Ø¬ Ù‡ÙŠ Ø§Ù„Ø­ÙˆØ§Ø± Ø§Ù„ØªÙˆÙ†Ø³ÙŠ Ø¨Ø§Ù„Ø±ØºÙ… Ø¥Ù„ÙŠ Ø¨Ø¹Ø¶ Ø¨Ø±Ø§Ù…Ø¬Ù‡Ø§ Ù…Ø³Ø±ÙˆÙ‚Ø© Ø¥Ù„Ø§ Ø£Ù†Ù‡Ø§ Ù„Ù‚Ø§Øª Ù†Ø¬Ø§Ø­ ÙƒØ¨ÙŠØ± ÙˆØ£ÙƒØ«Ø± Ù…Ù† 5 Ø³Ù†ÙŠÙ† ÙˆÙ‡ÙŠ Ù‚Ø§Ø¹Ø¯Ø© ØªØ­Ù‚Ù‚ ÙÙŠ Ø£Ø¹Ù„Ù‰ Ù†Ø³Ø¨ Ø§Ù„Ù…Ø´Ø§Ù‡Ø¯Ø© ÙˆØ®Ø§ØµØ© ÙÙŠ Ø´Ù‡Ø± Ø±Ù…Ø¶Ø§Ù† Ø§Ù„Ù…Ø¹Ø¸Ù… ÙˆÙ‡Ø°Ø§ Ù„ÙƒÙ„ÙˆØ§ Ø¹Ù„Ù‰ Ø®Ø§Ø·Ø± Ø­Ø¨Øª ØªØ¬ÙŠØ¨ Ø­Ø§Ø¬Ø© Ø¬Ø¯ÙŠØ¯Ø© ÙˆØ¨Ø±Ø§Ù…Ø¬ ÙˆÙ…Ø³Ù„Ø³Ù„Ø§Øª Ø¬Ø¯ÙŠØ¯Ø©                    
Ø¨Ø§Ù„Ø±ØºÙ… Ø¥Ù„ÙŠ ÙˆÙ‚ØªÙ‡Ø§ ÙƒØ§Ù†Øª Ù…Ø¹Ø§Ù‡Ø§ Ù‚Ù†ÙˆØ§Øª Ø¶Ø®Ù…Ø© ÙˆÙ‚ÙˆÙŠØ© Ù…Ø«Ù„ Ø­Ù†Ø¨Ø¹Ù„ ÙˆØ§Ù„ÙˆØ·Ù†ÙŠØ©.                                
Ù‡Ø§ÙŠ Ù†Ø³Ù…Ø© Ù…Ø«Ù„Ø§ Ø­ØªÙ‰ Ù‡ÙŠØ§ ÙƒÙŠÙÙƒÙ… Ø­Ø¨Øª ØªÙ†Ø§ÙØ³ Ø§Ù„Ø­ÙˆØ§Ø± Ø§Ù„ØªÙˆÙ†Ø³ÙŠ ÙˆÙ†Ø¬Ø­Øª  ...  ØªØ¨Ø¹ØªÙ‡Ø§ ÙˆØ¹Ù…Ù„Øª Ø¨Ø±Ø§Ù…Ø¬ ÙƒÙŠÙÙ‡Ø§ ÙŠÙˆÙ…ÙŠØ§ Ø£Ù…Ø§ Ø¨Ø±Ø§Ù…Ø¬Ù‡Ø§ Ù…Ø§ Ù„Ù‚Ø§ØªØ´ Ù†Ø¬Ø§Ø­ ÙƒØ¨ÙŠØ± (ÙØ´Ù„Øª ØªÙ‚Ø±ÙŠØ¨Ø§) ÙƒÙŠ Ø¹Ø±ÙØª Ù…Ø§Ù‡ÙŠØ´ Ø¨Ø§Ø´ ØªÙ†Ø¬Ø­ Ø¨Ø§Ù„Ø¨Ø±Ø§Ù…Ø¬ Ù…ØªØ§Ø­Ù‡Ø§ Ø¯ÙˆØ±ØªÙ‡Ø§ Ù…Ø³Ù„Ø³Ù„Ø§Øª Ø¨Ø¯Ø§Øª Ø¨Ø³ÙŠØªÙƒÙˆÙ… Ù†Ø³ÙŠØ¨ØªÙŠ Ø§Ù„Ø¹Ø²ÙŠØ²Ø© ÙˆØ¥Ù„ÙŠ Ø­ØªÙ‰ Ù„Ø±Ù…Ø¶Ø§Ù† Ø§Ù„Ø³Ù†Ø§ Ø­Ù‚Ù‚ Ù†Ø³Ø¨ Ù…Ø´Ø§Ù‡Ø¯Ø© Ø¹Ø§Ù„ÙŠØ© (Ø±ØºÙ… Ø§Ù†Ø®ÙØ§Ø¶Ù‡Ø§) ÙˆÙ…Ø¨Ø¹Ø¯ ÙˆÙ„Ø§Øª ØªØ¬ÙŠØ¨ ÙÙŠ Ø§Ù„Ù…Ø³Ù„Ø³Ù„Ø§Øª Ø§Ù„ØªØ±ÙƒÙŠØ© Ø§Ù„Ø¶Ø§Ø±Ø¨Ø© ÙÙŠ ØªØ±ÙƒÙŠØ§ ÙˆØ¥Ù„Ù‰ Ø¹Ù…Ù„ÙˆØ§ Ù†Ø³Ø¨ Ù…Ø´Ø§Ù‡Ø¯Ø© Ù‚ÙˆÙŠØ© Ø¬Ø¹Ù„Øª Ø§Ù„Ù‚Ù†Ø§Ø© ÙÙŠ ØµØ¯Ø§Ø±Ø© ØªØ±ØªÙŠØ¨ Ø§Ù„Ù‚Ù†ÙˆØ§Øª Ù…Ù† Ø­ÙŠØ« Ù†Ø³Ø¨ Ø§Ù„Ù…Ø´Ø§Ù‡Ø¯Ø© ÙƒØ§Ù…Ù„ Ø§Ù„Ø¹Ø§Ù… Ø¨Ø®Ù„Ø§Ù Ø±Ù…Ø¶Ø§Ù† Ø¥Ù„ÙŠ Ø§Ù„Ø­ÙˆØ§Ø± Ø§Ù„ØªÙˆÙ†Ø³ÙŠ  ØªØ³ØªØ­ÙˆØ° ÙÙŠÙ‡ Ø¹Ù„Ù‰ Ø§Ù„ØµØ¯Ø§Ø±Ø© ÙˆØ¥Ù†ØªÙˆÙ…Ø§ Ø²Ø§Ø¯Ø§ ÙƒÙŠ ØªØ­Ø¨ÙˆØ§ Ø§Ù„Ù‚Ù†Ø§Ø© Ù…ØªØ§Ø¹ÙƒÙ… ØªÙˆÙ„ÙŠ ØªØªÙ†Ø§ÙØ³ Ù…Ø¹  Ù†Ø³Ù…Ø© ÙˆØ§Ù„Ø­ÙˆØ§Ø± Ø¹Ù„Ø§Ø´ Ù…Ø§ ØªØ¬ÙŠØ¨ÙˆØ´ Ø­Ø§Ø¬Ø© Ø¬Ø¯ÙŠØ¯Ø© ÙˆÙ…Ø®ØªÙ„ÙØ© ÙˆÙÙƒÙˆØ§ Ø¹Ù„ÙŠÙƒÙ… Ù…Ù„ÙŠ Ù‚Ø§Ø¹Ø¯ÙŠÙ† ØªØ¹Ù…Ù„ÙˆØ§ ÙÙŠÙ‡ ÙƒØ§Ù† Ø¨Ø§Ø´ ØªÙ‚Ø¹Ø¯ÙˆØ§ Ù‡ÙƒØ§ Ù…Ø§ÙƒÙˆÙ…Ø´ Ø¨Ø§Ø´ ØªØ¹Ù…Ù„ÙˆØ§ Ø­ØªÙ‰ Ø´ÙŠ Ø¨Ø§Ù„Ø¹ÙƒØ³ Ø¨Ø§Ø´ ØªØ®Ù„ÙŠÙˆ Ø§Ù„ØªÙˆØ§Ù†Ø³Ø© Ø¥Ù„ÙŠ ÙŠØªØ¨Ø¹ÙˆØ§ ÙÙŠÙƒÙ… ÙŠÙ‡Ø±Ø¨ÙˆØ§ Ø¹Ù„ÙŠÙƒÙ….",0,"7 dÃ©cembre, 21:14",https://www.facebook.com/AttessiaTV/videos/733419516851803/
W tab9a elhiwar etounssi 3o9da ll jemyy3  fi lkher 3 4 7al9at nej7in w ba3ed taw tenykou enoum kif amine gara zamilkom hhh @attessia,0,"7 dÃ©cembre, 21:14",https://www.facebook.com/AttessiaTV/videos/733419516851803/
Ù…Ù„Ø§ ÙØ¶Ø§ÙŠØ­ Ùˆ Ù‚Ù„Ø© ØªØ±Ø¨ÙŠØ© Ù‡Ø§Ùˆ Ù†ÙˆÙÙ„ Ø·Ù„Ø¹ Ù…ØªØ±Ø¨ÙŠ Ø¹Ù„ÙŠÙƒ Ø´ÙˆØ§ÙŠØ§ ÙƒÙ„ÙƒÙ… Ø´ÙƒØ§Ø±Ø© ÙˆØ§Ù„Ø¨Ø­Ø±,0,"7 dÃ©cembre, 21:14",https://www.facebook.com/AttessiaTV/videos/733419516851803/
"ÙÙŠ Ø¨Ø§Ù„Ù‡Ù… Ø§Ù„Ø¨Ø±Ø§Ù…Ø¬ Ù…Ø§ ØªÙ†Ø¬Ø­ ÙƒØ§Ù† Ø¨Ø§Ù„ÙƒÙ„Ø§Ù… Ø§Ù„Ø¨Ø°ÙŠØ¡ ÙˆØ§Ù„ÙØ§Ø±Øº.
Ø§Ù„Ù‰ Ø­Ø¯ Ø§Ù„Ø§Ù† Ø§Ù„Ù…Ù†Ø´Ø· Ø§Ù„ÙˆØ­ÙŠØ¯ Ø§Ù„Ù„ÙŠ Ù‚Ø¯Ù… Ø¨Ø±Ø§Ù…Ø¬ Ø«Ù‚Ø§ÙÙŠØ© Ùˆ Ø±ÙŠØ§Ø¶ÙŠØ© Ùˆ Ø§Ø¬ØªÙ…Ø§Ø¹ÙŠØ© ÙˆØ°Ø§Øª Ø¬ÙˆØ¯Ø© Ø¹Ø§Ù„ÙŠØ© Ù‡Ùˆ Ù†Ø¬ÙŠØ¨ Ø§Ù„Ø®Ø·Ø§Ø¨ Ø§Ù„Ù„Ù‡ ÙŠØ±Ø­Ù…Ùˆ",0,"7 dÃ©cembre, 21:14",https://www.facebook.com/AttessiaTV/videos/733419516851803/
Wine bech ihezna el e3lem ettounssi yekhi hedhi edimokrateya we takadom we horeyet el e3lem brabi nraj3ou hsabettna chihuahua rana ala chafir el howa ...,0,"7 dÃ©cembre, 21:14",https://www.facebook.com/AttessiaTV/videos/733419516851803/
Ya lotfi enti srafet srafet zid a3mel pub lel9ahwa eli 7alitha jdida besmek...barcha 9be7a wbarcha msata ti 7atta 9tv bech tetna7a mtalfva kol lilet 5miis...m3a l3ayla matnjmech tetfarej fiha :/,0,"7 dÃ©cembre, 21:14",https://www.facebook.com/AttessiaTV/videos/733419516851803/
Twa9a3t bech netfarej 3la 7aja tdha7ek mn lotfi mais d'hommage bel7a9 maaaaaset l programme w lotfi maya3rafch ynachet w fchel wlbarnemej bech yefchel raghm eni nhebou lotfi wydha7ni mais sur scÃ¨ne akahaw..tajrba fechla dhahra,0,"7 dÃ©cembre, 21:14",https://www.facebook.com/AttessiaTV/videos/733419516851803/
"tu cries trop Lotfi on ne peux  pas suivre ton Ã©mission.
Je crois que tu dois passer plus de temps Ã  visionner les talk show amÃ©ricains pour rÃ©ussir ton Ã©mission.
Jusqu'Ã  maintenant c'est un flop.
Amicalement",0,"7 dÃ©cembre, 21:14",https://www.facebook.com/AttessiaTV/videos/733419516851803/
Ye masit ye wildi rak matdha7akch walahi la3dhim inti 7altik tbaki 3malt il 5al ye miiiiiiiiiiido Achtak chouf 7aja o5ra e5demha 5ali idho7k limalih howa  a9wa dawr 3maltou midou edheke ili yweti chaklik,0,"7 dÃ©cembre, 21:14",https://www.facebook.com/AttessiaTV/videos/733419516851803/
"Ø·Ø±ÙŠÙ‚Ø© Ø¥Ø·Ù„Ø§Ù‚ Ø§Ù„Ø¨Ø²Ù‚Ù‡..Ø¹Ù„Ù‰ Ø¹Ø¨Ø§Ø¯ ÙƒÙŠÙ…Ø§ Ù‡Ø°Ø§ 

1- ØªÙ‚ÙˆÙ… Ø¨Ø¹Ù…Ù„ÙŠØ© Ø´Ù‡ÙŠÙ‚ Ø¨Ø¹Ù…Ù‚ Ù…Ù† Ø§Ù„Ø§Ù†Ù ÙˆØ§Ù„Ø¨Ù„Ø¹ÙˆÙ… Ù…Ø¹ Ø¨Ø¹Ø¶Ù‡Ù… Ø§Ù„Ø¨Ø¹Ø¶ 
2- ØªØ®Ø±Ø¬ Ø§Ù„Ø¨Ø²Ù‚Ø© Ø¥Ù„Ù‰ Ø¨ÙŠØª Ø§Ù„Ù†Ø§Ø±  ( Ø§Ù„ÙÙ… ) Ù…Ø¹ ØµÙˆØª  Ø§Ø­Ø­Ø­Ø­Ø®Ù‚  
3- ØªÙ‚ÙˆÙ… Ø¨Ø§Ù„ØªØ³Ø¯ÙŠØ¯ Ø¹Ù„Ù‰ Ø§Ù„ÙˆØ¬Ù‡ ØªÙ…Ø§Ù…Ø§  
4-ØªØ±Ø¬Ø¹ Ø±Ø§Ø³Ùƒ Ù„ÙˆØ±Ø§ Ø´ÙˆÙŠ   
5- ØªØ·Ù„Ù‚ Ø§Ù„Ø¨Ø²Ù‚Ø© Ø¨Ø³Ø±Ø¹Ø© Ø§Ù„Ø¶ÙˆØ¡  Ù…Ø¹ Ø¯ÙØ¹ Ø§Ù„Ø±Ø£Ø³ Ø¨Ø§ØªØ¬Ø§Ù‡ Ø§Ù„Ø£Ù…Ø§Ù… (Ø§Ù„Ù‡Ø¯Ù)  Ù…Ø¹ ØµÙˆØª ØªÙÙˆÙˆÙˆÙˆ..... ÙˆØªÙƒÙˆÙ† Ø£ØµØ¨Øª Ø§Ù„Ù‡Ø¯Ù ğŸ˜²ğŸ˜‰ğŸ˜‰",0,"7 dÃ©cembre, 21:14",https://www.facebook.com/AttessiaTV/videos/733419516851803/
Ù„Ø¹Ù†Ø© Ø§Ù„Ù„Ù‡ Ø¹Ù„ÙŠÙ‡  ÙˆØ¹Ù„ÙŠ Ù…Ù† ÙˆÙƒÙ„Ù‡ Ù„ÙŠØµÙ„ Ø§Ù„ÙŠ Ù‡Ø°Ù‡ Ø§Ù„Ø´Ø§Ø´Ø© Ø§Ù†Ù‡ Ù…Ø¬Ø±Ø¯ Ø²Ù†Ø¯ÙŠÙ‚ Ù†Ø³ÙŠ Ø§Ù†Ù‡ ÙÙŠ Ø­Ø¶Ø±Ø© Ù…Ø´Ø§Ù‡Ø¯ÙŠÙ† ÙÙŠÙ‡Ù… Ø§Ù„ÙƒØ¨ÙŠØ± ÙˆØ§Ù„ØµØºÙŠØ± ÙˆØ§Ù„Ø§Ø® ÙˆØ§Ù„Ø§Ø®Øª Ø§Ù† Ù…Ø§ Ø£ØªØ§Ù‡ Ø§Ù„Ø¨Ø§Ø±Ø­Ø© Ø´ÙŠØ¡ ÙŠÙ†Ø¯ÙŠ Ù„Ù‡ Ø§Ù„Ø¬Ø¨ÙŠÙ† Ø­ÙŠÙ†Ù…Ø§ Ø¢ØªÙŠ Ø¨Ù„Ù‚Ø·Ø© Ù…Ù† Ø­ÙˆØ§Ø± Ù…Ø¹ Ù‚Ø§Ø³Ù… ÙƒØ§ÙÙŠ ÙˆØ£ØµØ± Ø¹Ù„ÙŠ Ø§Ø¹Ø§Ø¯ØªÙ‡Ø§ Ù…Ø±Ø© Ø«Ø§Ù†ÙŠØ© .,0,"7 dÃ©cembre, 21:14",https://www.facebook.com/AttessiaTV/videos/733419516851803/
ya mon7att ya sefil ya 7a9ir tfouuuuuuuh alik wa3la i3lem l3ar wahf yhizkom ech kthirto lihmoum,0,"7 dÃ©cembre, 21:14",https://www.facebook.com/AttessiaTV/videos/733419516851803/
"Ø¨Ø±Ù†Ø§Ù…Ø¬ ØªØ§Ø§Ø§Ø§Ø§Ø§Ø§Ø§ÙÙ‡ Ùˆ Ø¸Ø§Ù‡Ø± Ù…Ù† Ø§Ù„Ø­Ù„Ù‚Ø© Ù„ÙˆÙ„Ø§ Ø¨Ø´ ÙŠÙØ´Ù„ ÙƒÙŠÙ…Ø§ Ø§Ù„Ù„ÙŠ Ù‚Ø¨Ù„Ùˆ
Ø®Ø³Ø§Ø±ØªÙƒ ÙŠØ§ Ù„Ø·ÙÙŠ",0,"7 dÃ©cembre, 21:14",https://www.facebook.com/AttessiaTV/videos/733419516851803/
Sad9ouni bde ye3dem El ma5lou9 hetha. Chniya El 7ala hethi wechnouwa eta9dim t9oul fi bat7a... Wken fama t7ana Rahi tsa9ef 3la hal bouheli hetha...,0,"7 dÃ©cembre, 21:14",https://www.facebook.com/AttessiaTV/videos/733419516851803/
Ø®Ø± Ø·Ø± Ø§Ù†Øª ÙˆØ§Ù„Ù…Ù†Ø´Ø·ÙŠÙ† Ø§Ù„ØªÙ„ÙØ²Ø§Øª Ø§Ù„ØªÙˆÙ†Ø³ÙŠÙ‡ Ø§Ù„Ø®Ø§ØµÙ‡ Ùˆ Ø§Ù„Ø¹Ù…ÙˆÙ…ÙŠÙ‡ .. Ø·Ø² ÙÙŠÙƒÙ… Ùˆ ÙÙŠ Ø§Ø¹Ù„Ø§Ù…ÙƒÙ… .. Ø§Ù„Ø­ÙƒÙˆÙ…Ù‡ ØªØ³Ø±Ù‚ .. Ø§Ù„Ø§Ø¹Ù„Ø§Ù… ÙŠØ³Ø±Ù‚ .. ØªÙ„Ø³Ø§Ø±Ù‚ ÙŠØ³Ø±Ù‚ Ùˆ Ø§Ø­Ù†Ø§ Ù…Ø¨Ù‡Ù…ÙŠÙ† Ù…Ø¹Ø§ÙƒÙ… .. ÙÙŠÙƒÙ… .. Ø¹Ù„ÙŠÙƒÙ… .. Ù…Ù„Ø®Ø± ØªÙÙˆÙ‡ Ø¹Ù„ÙŠÙƒÙ…,0,"7 dÃ©cembre, 21:14",https://www.facebook.com/AttessiaTV/videos/733419516851803/
Ø§Ù„Ù„Ù‡ ÙŠÙ„Ø¹Ù†Ùƒ Ùˆ ÙŠÙ„Ø¹Ù† Ø§Ù„Ø¨Ø±ÙˆÙŠØ·Ø© Ø³Ø¨Ø¨ Ù†ÙƒØ¨ØªÙ†Ø§ Ù‡ÙŠ Ø§Ù„ØªÙŠ Ø¨Ù„ØªÙ†Ø§ ÙˆØ¯Ù…Ø±Øª Ø§Ø®Ù„Ø§Ù‚Ù†Ø§ ÙˆØ¹Ø§Ø¯ØªÙ†Ø§ Ø§Ù„Ø·ÙŠØ¨Ø©,0,"7 dÃ©cembre, 21:14",https://www.facebook.com/AttessiaTV/videos/733419516851803/
ØªÙˆØ§ ÙƒÙŠ Ù‚Ø¯Ù‘Ø± Ø¹Ù„ÙŠÙƒ Ø±Ø¨ÙŠ ÙˆØ³Ø±Ù‚Øª ÙÙƒØ±Ø© Ø¨Ø±Ù†Ø§Ù…Ø¬ Ù…Ø§Ùˆ Ø§Ø³Ø±Ù‚ Ø­Ø§Ø¬Ø© Ù…Ø§ Ø¹Ù†Ø¯Ù†Ø§Ø´ Ø§Ø¹Ù…Ù„Ùˆ Ù…Ø¬Ù‡ÙˆØ¯ Ø­ØªÙ‰ ÙÙŠ Ø§Ù„Ø³Ø±Ù‚Ø© Ø´Ù†ÙŠÙ‘Ø© Ø²Ø¯ØªÙ†ÙŠ ÙƒÙ…Ø´Ø§Ù‡Ø¯ ÙƒÙŠ ØªØ¹Ù…Ù„ÙŠ Ù„Ø§Ø¨Ø£Ø³ Ø¨ÙŠØ³ ÙˆØ£Ù…ÙŠÙ† Ø¹Ø§Ù…Ù„ Ø£Ù…ÙˆØ± Ø¬Ø¯ÙŠØ© Ø¨ÙŠØ³ Ø¨ØµØ±Ø§Ø­Ø© Ø§Ù„ØªØ§Ø³Ø¹Ø© 0 Ù…Ø¬Ù‡ÙˆØ¯ Ù„Ù„Ø£Ø³Ù Ù„Ù… ØªØ¶Ù Ø´Ø¦ Ù„Ù„Ù…Ø´Ù‡Ø¯ Ø§Ù„Ø§Ø¹Ù„Ø§Ù…ÙŠ,0,"7 dÃ©cembre, 21:14",https://www.facebook.com/AttessiaTV/videos/733419516851803/
Ø¨Ø§Ù„Ø±Ø³Ù…ÙŠ Ø­Ø±Ù‚Øª Ù†Ø¬Ø§Ø­Ùƒ Ù…ØªØ§Ø¹ Ù‚Ø¯Ø§Ø´ Ù…Ù† Ø¹Ø§Ù… Ø¨Ù‡Ø§ Ø§Ù„ØªÙ‡Ø±ÙŠØ¬ Ø¥Ù„ÙŠ ØªØ¹Ù…Ù„ ÙÙŠÙ‡ !! Ø®Ø³Ø§Ø§Ø§Ø§Ø±ØªÙƒ ÙƒÙ†Øª Ø¯ÙŠÙ…Ø§ Ù…ØªØ£Ù„Ù‚ Ø§Ù…Ø§ Ø§Ù„ÙƒÙ„ Ø·Ø§Ø­ ÙÙŠ Ø§Ù„Ù…Ø§Ø¡ Ø›!!,0,"7 dÃ©cembre, 21:14",https://www.facebook.com/AttessiaTV/videos/733419516851803/
Ø§Ù‚Ø³Ù… Ø¨Ø§Ù„Ù„Ù‡ Ø§Ù…Ø³Ø· Ø¨Ø´Ø± Ø´ÙØªÙˆ ÙÙŠ Ø­ÙŠØ§ØªÙŠ Ùˆ Ø§Ù„ØºØ±ÙŠØ¨Ø© Ø§Ù„Ø¹Ø¨Ø§Ø¯ ØªØµÙÙ‚Ù„Ùˆ Ø¹Ù„Ù‰ Ø§Ù„Ù…Ø³ØªÙˆÙ‰ Ø§Ù„Ù‡Ø§Ø¨Ø· Ù…ØªØ§Ø¹Ùˆ Ùˆ Ù‚Ù„Ø© Ø§Ù„ØªØ±Ø¨ÙŠØ© Ù…ØªØ§Ø¹Ùˆ,0,"7 dÃ©cembre, 21:14",https://www.facebook.com/AttessiaTV/videos/733419516851803/
Ø¨Ø§Ø±Ù‰ Ø¨Ø§ ÙƒÙ„Ø¨ ÙŠØ§ Ø­ÙŠÙˆØ§Ù† ØªØ­Ø³Ø§Ù… Ø±ÙˆØ­Ùƒ ØªØ¶Ø­Ùƒ Ø§Ù†Øª Ù…Ø³Ø® Ø§Ù„Ù‰ ØªØ­ÙƒÙŠ ÙÙŠÙ‡ Ø¨Ø§Ø´ Ø§Ø¶Ø­Ùƒ Ø§Ù„Ù†Ø§Ø³ Ù†Ø³Ù…Ø¹Ùˆ ÙÙŠÙ‡ ÙÙŠ Ø´Ø§Ø±Ø¹ ÙƒÙ„ ÙŠÙˆÙ… Ù…ÙˆØ´ Ù…Ù†Ùƒ Ù…Ù† Ø§Ù„Ø¬Ø¨ÙˆÙƒ Ù„ØªÙ„ÙØ²Ù‰,0,"7 dÃ©cembre, 21:14",https://www.facebook.com/AttessiaTV/videos/733419516851803/
Ù„ØºØ© Ø§Ù„Ø´Ø§Ø±Ø¹ Ùˆ Ø¹Ø¯Ù… Ø§Ù„Ø§Ø­ØªØ±Ø§ÙÙŠØ© ...Ø®Ø§Ø·Ø± ÙÙ…Ø§ ÙØ±Ù‚ Ø¨ÙŠÙ† Ø§Ù„Ø³Ø±Ù‚Ø© Ùˆ Ø¨ÙŠÙ† Ø´Ø±Ø§Ø¡ Ø­Ù‚ÙˆÙ‚ Ø§Ù„Ø¨Ø« ÙŠØ§ Ù„Ø·ÙÙŠ,0,"7 dÃ©cembre, 21:14",https://www.facebook.com/AttessiaTV/videos/733419516851803/
"Ù…Ù„Ø§ Ù‚Ø²Ø§Ø¯Ø± Ù…Ø±Ø®Ø³Ù‡Ù… Ø§Ù„Ù†Ø§Ø³ Ø§Ù„ÙƒÙ„ ØªÙƒØ±Ù‡Ù… ÙˆÙ‡Ù…Ø§ Ù†Ù‡Ø§Ø± ÙƒØ§Ù…Ù„ Ù…Ø§Ø¯ÙŠÙ† ÙˆØ¬ÙˆÙ‡Ù… ÙÙŠ Ø§Ù„ØªÙ„ÙØ²Ø© 
Ù‡Ø°ÙŠÙƒØ§ Ù‡ÙŠØ§ ÙƒÙŠÙ…Ø§ ÙŠÙ‚ÙˆÙ„Ùˆ ( Ø§Ù„Ù‚..)
Ø¹ÙŠÙ†Ø§Ù‡Ø§ ØµØ­ÙŠØ­Ø© Ù‡Ù‡Ù‡Ù‡Ù‡ Ø¹Ù…Ù„ØªÙˆ Ø§Ù„Ø¹Ø§Ø±.. Ù…Ù„Ø§ Ù‚Ø²Ø§Ø¯Ø±",0,"7 dÃ©cembre, 21:14",https://www.facebook.com/AttessiaTV/videos/733419516851803/
Ø¨Ù„Ø§Ù‡ÙŠ Ø¹Ù„ÙŠ Ø§Ø´ÙƒÙˆÙ† Ø¨Ø§Ø´ Ø§Ù†Ù„ÙˆÙ…Ùˆ Ø¹Ù„ÙŠ Ø¹Ù„Ø§ Ø§Ù„Ø´Ø§Ø¨ÙŠ  Ù„Ø·ÙÙŠ Ø§Ù„Ø¹Ø¨Ø¯Ù„ÙŠ Ù†ÙˆÙÙ„ Ø§Ù„ÙˆØ±ØªØ§Ù†ÙŠ Ø¹Ø¨Ø¯ Ø§Ù„Ø±Ø²Ø§Ù‚ Ø§Ù„Ø´Ø§Ø¨ÙŠ Ù…Ø±ÙŠÙ… Ø§Ù„Ø¯Ø¨Ø§Øº Ø§Ù…ÙŠÙ†Ø© ÙÙ…Ù†ÙŠÙ† Ù„Ø·ÙÙŠ Ø§Ù„Ø¹Ù…Ø§Ø±ÙŠ Ø§Ù„ØºÙ†ÙˆØ´ÙŠ Ø§Ù„Ø³Ø¨Ø³ÙŠ Ø´Ù…Ø³ Ø§Ù„Ø¯ÙŠÙ† Ø¨Ø§Ø´Ø§..... Ø§Ù„ÙˆØ§Ø­Ø¯ ÙŠØ´ÙˆÙ Ø´Ù‚Ù Ø¨Ø§Ù‡ÙŠ ÙŠØ­Ø±Ù‚ ÙˆÙƒÙ‡Ùˆ,0,"7 dÃ©cembre, 21:14",https://www.facebook.com/AttessiaTV/videos/733419516851803/
Ø¨Ø±ÙŠ ÙŠØ¹Ø·ÙŠÙƒÙ… Ø§Ù„Ø³Ø§Ø­Ù‚ ÙˆØ§Ù„Ù„Ø§Ø­Ù‚ Ù…Ù…ØµØªÙƒÙ… Ø¨ÙƒÙ„ÙƒÙ… Ø³Ø±Ø§Ù‚ ÙˆÙ…Ø³Ø®ÙŠÙ† ÙˆÙ…Ø§ ÙŠØªÙØ±Ø¬ ÙÙŠÙƒÙ… ÙƒØ§Ù† Ø¥Ù„Ù‰ ÙƒÙŠÙÙƒÙ…,0,"7 dÃ©cembre, 21:14",https://www.facebook.com/AttessiaTV/videos/733419516851803/
Ø§ÙƒØ«Ø± Ø´Ø¹Ø¨ ÙƒØ³ÙˆÙ„ Ùˆ Ø¨Ø§Ù„Ø§Ù…Ø§Ø±Ø© Ù…Ø§ ÙÙ…Ø§Ø´ Ø¨Ø±Ù†Ø§Ù…Ø¬ Ø¹Ù†Ø¯Ùˆ Ø·Ø§Ø¨Ø¹ Ø§Ø¨Ø¯Ø§Ø¹ÙŠ ØªÙˆÙ†Ø³ÙŠ 100% ÙƒÙ„Ù‡Ø§ Ù…Ø³Ø±ÙˆÙ‚Ø© Ù…Ù† Ø§Ù„Ù‚Ù†Ø§ÙˆØ§Ø© Ø§Ù„ÙØ±Ù†Ø³ÙŠØ© ØŒ Ø§Ù…Ø§ Ø¹Ù„Ø§ÙƒÙ„ ÙƒØ§Ù† Ø¹Ù…Ù„Øª Ø¯ÙŠÙƒÙˆØ± Ù…Ø²ÙŠØ§Ù† Ø§ÙƒØ«Ø± Ùˆ Ø¬Ø¨Øª Ø´Ø¨Ø§Ø¨ Ù†Ø§ÙØ­ÙŠÙ† Ùˆ Ø¹Ù†Ø¯Ù‡Ù… Ø±Ø¤ÙŠØ© Ù…Ø²ÙŠØ§Ù†Ø© Ø±Ø§Ùˆ Ø¬Ø§ Ø§Ù„Ø¨Ø±Ù†Ø§Ù…Ø¬ Ø®ÙŠØ± Ù…Ù† Ù‡ÙƒØ§ Ùˆ Ù…Ù…ÙƒÙ† Ø¨Ø±Ø´Ø§ ÙŠØ·ÙŠØ­ Ø¹Ù„Ù‰ Ø¨Ø±Ø´Ø§ Ø¨Ø±Ø§Ù…Ø¬ Ø¨Ø­ÙƒÙ… Ø§Ù„Ø´Ø¹Ø¨ÙŠØ© Ù„ÙŠ ØªØªÙ…ØªØ¹ Ø¨ÙŠÙ‡Ø§,0,"7 dÃ©cembre, 21:14",https://www.facebook.com/AttessiaTV/videos/733419516851803/
Lbere7 netfarej fih ena w baba sad9ouni 7chemt 3al le5er fibeli ydha7ek ye5i tla3 kolou 9elet torbia,0,"7 dÃ©cembre, 21:14",https://www.facebook.com/AttessiaTV/videos/733419516851803/
Ù„Ø§ Ø­ÙˆÙ„ Ø§Ù„Ù„Ù‡ Ùˆ ÙŠØ¨Ù‚Ù‰ Ø§Ù„Ø³Ø¤Ø§Ù„ Ø§Ù„ÙŠ Ø¹Ø¬Ø²Ùˆ Ø¹Ù„ÙŠÙ‡ Ø§Ù„Ø¹Ù„Ù…Ø§Ø¡ ÙƒÙŠÙØ§Ø´ ÙÙ…Ù‡ ØªÙˆØ§Ù†Ø³Ø© ÙŠØ¶Ø­ÙƒÙ‡Ù… Ù‡Ø°Ø§,0,"7 dÃ©cembre, 21:14",https://www.facebook.com/AttessiaTV/videos/733419516851803/
Mset waiheid fi touns ya maset yalaset allah la trabeh kanet etesaa ili amloulek hel barnemej,0,"7 dÃ©cembre, 21:14",https://www.facebook.com/AttessiaTV/videos/733419516851803/
C minable d attaquer tes collÃ¨gues pour faire rire le public en plus c du copier coller et ss aucune valeur ajoutÃ©e.contente toi du cinema w ched blastek,0,"7 dÃ©cembre, 21:14",https://www.facebook.com/AttessiaTV/videos/733419516851803/
Borjolia lotfi inti m3alem fi tamthil wfi stundup ama comme animateur laweh 3lik b3id barcha,0,"7 dÃ©cembre, 21:14",https://www.facebook.com/AttessiaTV/videos/733419516851803/
Rak maset laset ...w5alik fi talthil kol wahed yched haja eli yefhem feha,0,"7 dÃ©cembre, 21:14",https://www.facebook.com/AttessiaTV/videos/733419516851803/
Brnamej tfaha ou inti sahbi kif tsra9 ousra9 haja jdida mouch haja m9alda ou mwjouda fiy tounes jyeb haja ou5ra ou mou5talfa sadi9ii,0,"7 dÃ©cembre, 21:14",https://www.facebook.com/AttessiaTV/videos/733419516851803/
Ø§Ù†Øª. Ø§Ù†ØªÙ‡ÙŠØª ÙƒÙ…Ø³Ø±Ø­ÙŠ ÙƒÙ…ÙŠØ¯ÙŠ Ø±ØºÙ… ØªØ­ÙØ¶ÙŠ  Ø¨Ø¯Ø®ÙˆÙ„Ùƒ Ø¹Ø§Ù„Ù… Ø§Ø®Ø± Ø¨Ø¹ÙŠØ¯ Ø¹Ù„ÙŠÙƒ Ø§Ù„ØªÙ†Ø´ÙŠØ· Ø­Ø±ÙØ© ÙˆÙ…ÙˆÙ‡Ø¨Ø© ÙˆØ«Ù‚Ø§ÙØ© ÙˆØ§Ø¯Ø¨ Ø®Ø§ØµØ©,0,"7 dÃ©cembre, 21:14",https://www.facebook.com/AttessiaTV/videos/733419516851803/
"Ø¨Ù‡Ø§Ù…Ø©..Ø¯ÙŠÙÙŠØ¯ Ù„ÙŠØªØ±Ù…Ù† Ø³Ø§Ø±Ù‚ Ù…Ù† Ø¬ÙŠÙ…ÙŠ ÙØ§Ù„ÙˆÙ† !!!!!!!
Ø¹Ù„Ù‰ Ø§Ù„Ø§Ù‚Ù„ Ù†ÙˆÙÙ„ Ø¹Ù†Ø¯Ùˆ Ø§Ù„Ø­Ù‚ÙˆÙ‚ Ùˆ Ø­Ø¶Ø± Ù…Ø¹ Ù„ÙŠØªØ±Ù…Ù† ..Ø§Ù†Øª Ø´Ø§ÙˆØ±Øª Ø¬ÙŠÙ…ÙŠ ÙØ§Ù„ÙˆÙ† Ùˆ Ø´Ø±ÙŠØª Ø§Ù„Ø­Ù‚ÙˆÙ‚..!!",0,"7 dÃ©cembre, 21:14",https://www.facebook.com/AttessiaTV/videos/733419516851803/
Ø£Ø´Ø±Ø¨ ÙŠØ§ Ù†ÙˆÙÙ„ Ø¥Ù†Ù…ØªÙŠ Ùˆ Ø§Ù„Ø´Ù„Ø© Ù…ØªØ§Ø¹Ùƒ ØŒ Ø£Ù…Ø§ Ø­ÙƒØ§ÙŠØ© Ø§Ù„Ø´ÙŠØ® ÙÙˆØ²ÙŠ ØªÙˆ Ù†Ø±Ø¬Ø¹ÙˆÙ„Ù‡Ø§ Ù…Ø±Ø© Ø£Ø®Ø±Ù‰,0,"7 dÃ©cembre, 21:14",https://www.facebook.com/AttessiaTV/videos/733419516851803/
Ù‚Ù†Ø§Ø© Ø§Ù„ØªØ§Ø³Ø¹Ø© Ù‚Ù†Ø§Ø© ÙØ´Ù„Ø© ÙˆØ¬Ø±Ø¨ ÙƒÙŠÙØ§Ø´ ØªÙ†Ø¬Ø­ Ø¨Ø§Ù„Ø¨ÙŠØ§Ø¯Ù‚ Ø§Ù„ÙŠ ØªØ¬ÙŠØ¨ ÙÙŠÙ‡Ù… ÙˆÙ„Ù† ØªÙ†Ø¬Ø­ Ù…Ù‡Ù…Ø§ Ù„Ø§ Ù„Ø·ÙÙŠ ÙˆÙ„Ø§Ø§Ù…ÙŠÙ† ÙˆÙ„Ø§ØºÙŠØ±Ùˆ,0,"7 dÃ©cembre, 21:14",https://www.facebook.com/AttessiaTV/videos/733419516851803/
"ÙˆØ§Ù„Ù„Ù‡ Ù‡Ø§Ùƒ Ù‚Ù„ØªÙ‡Ø§ ÙˆØ­Ø¯Ùƒ Ø­Ø¨Øª Ø§Ù„Ù‚Ø±Ø¯ Ù…Ù† Ø°ÙŠÙ„Ùˆ
Ø§Ù…Ø§ Ø§Ù„Ø£Ø³Ø¯ Ù…ØªÙ†Ø¬Ù…Ø´ Ø¯Ø¬ÙŠØ¨Ùˆ .
Ø±Ø§Ùƒ Ø±Ø²ÙŠÙ† Ù…ØªØ¸Ø­ÙƒØ´ Ø§Ù†Ø§ Ù…Ù†ÙŠØ´ ÙØ§Ù‡Ù… Ù„Ø¹Ø¨Ø§Ø¯ Ø´Ù†ÙˆØ§ 
Ù„ÙŠ Ø¸Ø­ÙƒÙ‡Ù… .
ÙØ±Ù‚ Ø¨Ø¹ÙŠØ¯ Ø¨ÙŠÙ†Ùƒ ÙˆØ¨ÙŠÙ† Ù†ÙˆÙÙ„ Ø§Ù„ÙˆØ±ØªØ§Ù†ÙŠ Ø¨Ø±Ù†Ø§Ù…Ø¬ Ø¨Ø§Ø±Ø¯ 
Ø­Ù‚Ùƒ Ø­Ø·ÙŠØª ÙƒÙ†ÙˆÙ† Ø³Ø®Ù†Øª Ø¨ÙŠÙ‡",0,"7 dÃ©cembre, 21:14",https://www.facebook.com/AttessiaTV/videos/733419516851803/
Ù†Ø­Ø³Ùˆ ØµØ±Ø§Ø¹ ØºÙŠØ± Ø´Ø±ÙŠÙ .ÙƒØ§Ù† Ø§Ø­Ø³Ù† Ø§Ù†Ùˆ Ù†Ø®Ø¯Ù…ÙˆØ§ Ø§ÙƒØ«Ø± Ùˆ ØªÙ‚Ø¯Ù… Ø§Ù„ØªØ§Ø³Ø¹Ø© Ø¨Ø±Ø§Ù…Ø¬ Ø¬Ø¯ÙŠØ¯Ø© ØªØ«Ø±ÙŠ Ø¨ÙŠÙ‡Ø§ Ø§Ù„Ø³Ø§Ø­Ø© Ù…ÙˆØ´ ØªÙ‚Ù„ÙŠØ¯ ÙˆØ§Ø¶Ø­ .Ùˆ ÙŠØ§Ø§Ù„Ø¹Ø¨Ø¯Ù„ÙŠ Ø§Ù†Ø§ Ù†Ø­Ø¨Ùƒ Ø¨Ø±Ø´Ø§ Ø§Ù…Ø§ Ø®Ø§Ø·ÙŠÙƒ Ø§Ù„ØªÙ‚Ø¯ÙŠÙ… Ø¹Ù„Ù‰ Ø®Ø§Ø·Ø± Ø­Ø³ÙŠØªÙƒ ØªÙ‚Ø¯Ù… ÙÙŠ Ù…Ø³Ø±Ø­ÙŠØ© .Ù…ÙˆØ´ ØªÙ†Ø´Ø· Ùˆ ÙƒØ§Ù†Ùƒ Ù…ØªØ´Ù…Øª ÙÙŠ Ø§Ù„Ø­ÙˆØ§Ø± Ùˆ Ø¬Ø§ÙŠ Ø´Ø§Ø±ÙŠ Ø§Ù„Ø´Ø¨ÙˆÙƒ .Ù„Ø§Ø²Ù…Ùƒ Ø¨Ø±Ø´Ø§ Ø±Ø²Ø§Ù†Ø© Ùˆ Ù†Ù‚Øµ Ø´ÙˆÙŠØ© Ù…Ù† Ø§Ù„ÙƒÙ„Ø§Ù… Ùˆ Ø§Ù„Ø§ÙŠØ­Ø§Ø¡ Ø§Ù„Ù…Ø¨Ø·Ù†,0,"7 dÃ©cembre, 21:14",https://www.facebook.com/AttessiaTV/videos/733419516851803/
"kad majabou naoufel wi yafrah bih hadha ech ikoul alih , mela hala fik kan chadit itamthil kirilik wi nakess min klem il tafeh",0,"7 dÃ©cembre, 21:14",https://www.facebook.com/AttessiaTV/videos/733419516851803/
"Ø¨Ø±Ù†Ø§Ù…Ø¬ Ù‡Ø°Ø§ ÙŠØªÙØ±Ø¬Ùˆ ÙÙŠÙ‡ ÙƒØ§Ù† Ø¬Ù…Ø§Ø¹Ø© ÙÙŠ Ø¨Ù„Ø¹Ø© ğŸ˜
Ù‚Ù…Øª ÙÙŠ Ø§Ù„Ø§Ù†Ø­Ø·Ø§Ø· Ùˆ Ù‚Ù„Ø© ØªØ±Ø¨ÙŠØ©
Ø®Ø³Ø§Ø±ØªÙƒ ÙŠØ§ Ù„Ø·ÙÙŠ ğŸ˜¥",0,"7 dÃ©cembre, 21:14",https://www.facebook.com/AttessiaTV/videos/733419516851803/
Hamel w 5amej w weldik akber homel jebou wa7ed 5amej w masa5 kifk inchalah nasma3 b5abrek ya hamel,0,"7 dÃ©cembre, 21:14",https://www.facebook.com/AttessiaTV/videos/733419516851803/
"Ù…Ø¹Ù†Ø§Ù‡Ø§ Ø­ØªÙ‰ ÙƒØ§Ù† ØªØ®Ø²Ø± Ø¨Ø¹ÙŠÙ†ÙŠÙƒ ØªÙ†Ø¬Ù… ØªØ«Ø¨Øª Ø´ÙƒÙˆÙ† Ø¹Ù†Ø¯Ù‡ Ø§Ù„Ø´ÙŠØ¨ ÙÙŠ Ø´Ø¹Ø±Ù‡ Ø¨Ø§Ø´ ØªØ¹Ø±Ù Ø´ÙƒÙˆÙ† ""Ø³Ø±Ù‚"" Ù…Ù† Ø´ÙƒÙˆÙ†...
Ø¨Ø±Ø§ Ù„Ø·ÙÙŠ ÙˆØ®ÙŠ ØªÙ„Ù‡Ø§ Ø¨Ù‚Ù‡ÙˆØªÙƒ Ùˆ ÙŠØ²ÙŠÙƒ..",0,"7 dÃ©cembre, 21:14",https://www.facebook.com/AttessiaTV/videos/733419516851803/
ÙŠØ§ Ù„Ø·ÙÙŠ Ø§Ù†Øª Ù…Ø¹Ù„Ù… ÙƒØ¨ÙŠÙŠÙŠÙŠÙŠØ± Ù„Ø§ÙƒÙ† Ù…Ø´ ÙÙŠ ÙƒÙ„ Ø´Ù‰Ø¡ Ø§Ù†Øª ÙƒÙ…ÙŠØ¯ÙŠ ÙƒØ¨ÙŠØ± ÙˆØ§Ù†Ø­Ø¨ÙˆÙƒ Ù„Ø§ÙƒÙ† Ø§Ù„ØªÙ†Ø´ÙŠØ· Ù„ÙŠÙ‡ Ù†Ø§Ø³Ùˆ ÙˆØ§Ù†Øª Ø¬Ø±Ø¨Øª Ù‚Ø¨Ù„ ÙˆØ§Ù…ÙˆØ±Ùƒ Ù…Ø§ Ù…Ø´Ø§ØªØ´ Ù…Ù„ ØªØ±Ø®ØµØ´ Ø±ÙˆØ­Ùƒ Ø±Ø§Ù‡Ùˆ Ø®Ø§Ø·ÙŠÙŠÙŠÙŠÙŠÙƒ,0,"7 dÃ©cembre, 21:14",https://www.facebook.com/AttessiaTV/videos/733419516851803/
Jibit issid min.... 5achmou vraiment t es qu un pauvre con trou de cul 9lil taribya,0,"7 dÃ©cembre, 21:14",https://www.facebook.com/AttessiaTV/videos/733419516851803/
Ø­ØªÙ‰ Ø§Ù„Ø³Ø±Ù‚Ø© Ù…Ø§ ÙŠØ¹Ø±ÙÙˆØ´ ÙŠØ³Ø±Ù‚ÙˆØ§ Ø­Ø§Ø¬Ø© ØªØµÙ„Ø­ ØŒ ÙŠØ³Ø±Ù‚ÙˆØ§ Ø¨Ø¨Ù‡Ø§Ù…Ø©ØŒ  ÙƒÙŠ Ø±Ø§Ø¯ Ø¹Ù„ÙŠÙƒ Ø±Ø¨ÙŠ Ø£Ø³Ø±Ù‚ Ø­Ø§Ø¬Ø© ØªØµÙ„Ø­ Ùˆ Ø§Ø¹Ø±Ù ÙƒÙŠÙØ§Ø´ ØªÙ‚Ø¯Ù…Ù‡Ø§ ØŒ ÙŠØ§Ø®ÙŠ Ù„Ù„Ø¯Ø±Ø¬Ø© Ù‡Ø°Ù‡ Ù…Ø§ Ø¹Ù†Ø¯ÙƒÙ…Ø´ Ø£ÙÙƒØ§Ø± Ø¨Ø±Ø§Ù…Ø¬ Ø¬Ø¯ÙŠØ¯Ø© ØŒ Ø¨Ø±Ù†Ø§Ù…Ø¬ ØªØ§ÙÙ‡ Ùˆ ØªÙ‚Ø¯ÙŠÙ… Ø£ØªÙÙ‡ Ùˆ ÙƒÙ„Ø§Ù… Ù…ØªØ§Ø¹ Ø´Ø§Ø±Ø¹ .......,0,"7 dÃ©cembre, 21:14",https://www.facebook.com/AttessiaTV/videos/733419516851803/
wallahi ken 3amalet 7aja jdida errou7ik 5ir - 20 chaines mÃªme programme. ufffff,0,"7 dÃ©cembre, 21:14",https://www.facebook.com/AttessiaTV/videos/733419516851803/
Ø¨Ø§Ø¨ÙˆØ±Ùƒ Ø²ÙØ± ÙŠØ§ÙØ²ØºÙˆÙ„ Ø³ÙŠØ¨ Ø¹Ù„ÙŠÙƒ Ù…Ù† Ù‡Ø§Ù„Ø±ÙˆÙŠÙ‚ ÙˆØ±ÙˆØ­ Ø¥Ø®Ø¯Ù… Ø®Ø¯Ù…Ø© Ø£Ø®Ø±Ù‰,0,"7 dÃ©cembre, 21:14",https://www.facebook.com/AttessiaTV/videos/733419516851803/
"ÙˆÙØ§Øª Ø¹Ù„ÙŠÙ‡ ÙÙ„ÙˆØ³ Ø§Ù„Ù…Ù‡Ø±Ø¬Ø§Ù†Ø§Øª Ø§ÙƒÙ‡Ùˆ Ø§Ø¯Ø¨Ø± ÙÙŠ Ø´ÙˆÙŠØ© Ù…ØµØ±ÙˆÙ 
Ø³ÙŠØ¨ Ø¹Ù„ÙŠÙƒ ØµØ§Ø­Ø¨ÙŠ ÙˆØ§Ù„Ù„Ù‡ Ø¨Ø±ØºÙ… ÙƒØ±Ù‡ÙŠ Ù„Ù†ÙˆÙÙ„ Ø¥Ù„Ø§ Ø£Ù†Ùƒ Ù…ØªÙˆØµÙŠÙ„ÙˆØ´ Ø§ÙƒÙˆØ± Ø¨ÙŠÙƒ Ùˆ Ø¨Ø¹Ø´Ø±Ø© Ù…Ù†Ùƒ",0,"7 dÃ©cembre, 21:14",https://www.facebook.com/AttessiaTV/videos/733419516851803/
mouch eli yji ynajem yo9ne3e fchelet 9bale fil ta9dim netmanelek el naje7 ama tfarejet fik ya dhnoubi,0,"7 dÃ©cembre, 21:14",https://www.facebook.com/AttessiaTV/videos/733419516851803/
Zayed el5amej 5amej na9sin 9ilet haya fi t v bech tzidouna ha elblid etafeh so5ti el3ibdeli,0,"7 dÃ©cembre, 21:14",https://www.facebook.com/AttessiaTV/videos/733419516851803/
Walahi elmostawa elli hkit bih enta ou abd chebbi saaaaa9et hasbouna allah wa na3ma elwakil,0,"7 dÃ©cembre, 21:14",https://www.facebook.com/AttessiaTV/videos/733419516851803/
C'est pas ton domaine et tu ne peux enlever la veste de comÃ©dien c debil et mastaaaa et tu veux prendre ta revanche non tu ne peux pas,0,"7 dÃ©cembre, 21:14",https://www.facebook.com/AttessiaTV/videos/733419516851803/
Ù„Ø·ÙÙŠ Ù…Ø§ ØªÙ†Ø¬Ù…Ø´ ØªÙƒÙˆÙ† ÙƒØ§Ù† Ø±Ù‚Ø§Øµ Ù…Ø¹ Ø³Ù‡Ø§Ù… Ø¨Ù„Ø®ÙˆØ¬Ø© ÙˆØ§Ù„Ø§ Ø¹Ø¶Ùˆ ÙÙŠ Ø¬Ù…Ø¹ÙŠØ© Ø´Ù…Ø³,0,"7 dÃ©cembre, 21:14",https://www.facebook.com/AttessiaTV/videos/733419516851803/
Rak mast laset tisel witjawib wahdek.ilkhayen tinkhzou mraf9ou .ichiiit 3anek,0,"7 dÃ©cembre, 21:14",https://www.facebook.com/AttessiaTV/videos/733419516851803/
"Ù†ØµÙŠØ­Ø© Ù…Ù† Ù…ØªÙØ±Ø¬ Ù„Ø§ Ø¹Ù†Ø¯Ùˆ Ù„Ø§ Ù†Ø§Ù‚Ø© ÙˆÙ„Ø§Ø¬Ù…Ù„ Ù‚Ø§Ø¹Ø¯ ØªØ­Ø±Ù‚ ÙÙŠ Ø±ÙˆØ­Ùƒ Ø®Ù„ÙŠÙƒ Ù…Ù…Ø«Ù„ ÙˆØ§ØµÙ…Øª .
ÙˆÙ…Ù† Ø¨Ø¹Ø¯ Ù…Ø§ ØªÙØ´Ù„ Ù…Ø§ ØªØ¬ÙŠØ´ ØªÙ‚ÙˆÙ„ Ø¹Ù…Ù„Øª ØªØ¬Ø±Ø¨Ø© ÙˆÙ†Ø±Ù…Ø§Ù„ Ø§Ù„ÙØ´Ù„",0,"7 dÃ©cembre, 21:14",https://www.facebook.com/AttessiaTV/videos/733419516851803/
Bsaraha feha w 3leha thama ethahek w thama lmsata m3a l3elem enou lotfi l3bdeli maythaheknich barcha,0,"7 dÃ©cembre, 21:14",https://www.facebook.com/AttessiaTV/videos/733419516851803/
9anet el Hiwar e Tounsi Bach to93od el numÃ©ro 1 ou Lotfi ma jab chay m'en 3andou kolou copiÃ© coller comme tout vos programme d'ailleurs,0,"7 dÃ©cembre, 21:14",https://www.facebook.com/AttessiaTV/videos/733419516851803/
"Samahny braby maandkomesh afkaar jdyyda? Lezem tab9ao tesr9ou o t3awdou mÃªme idÃ©e.
  ""Tehryyj"" 3omrou meken tanshyt svp .",0,"7 dÃ©cembre, 21:14",https://www.facebook.com/AttessiaTV/videos/733419516851803/
Mal *** batrwen we la3abh fiy sa5arwe 3ayalat tatfarj hawe hay ba7ad lama3alam,0,"7 dÃ©cembre, 21:14",https://www.facebook.com/AttessiaTV/videos/733419516851803/
kann blidde w andou fazette edha7ak w ma7lah tawa ya lotfi rak blid mais walitte MASETTE LASETTE,0,"7 dÃ©cembre, 21:14",https://www.facebook.com/AttessiaTV/videos/733419516851803/
Zetlaaaa mella 7ela fer7enine beha elkelma e5ater Ben Ali  ken emsakerlek foumek,0,"7 dÃ©cembre, 21:14",https://www.facebook.com/AttessiaTV/videos/733419516851803/
wallahi masa5 zayd kol e3lam l3ar fi tounis bled machya lhawya fi joret la3lem wlawmer li ya5thou faha men 3and l8areb,0,"7 dÃ©cembre, 21:14",https://www.facebook.com/AttessiaTV/videos/733419516851803/
Ø§ÙˆÙ„ Ø¨Ø±Ù†Ø§Ù…Ø¬ ØªÙ„ÙØ²ÙŠÙˆÙ†ÙŠ ØºÙŠØ± Ø¹Ø§Ø¦Ù„ÙŠ Ù„Ø§ Ø§Ø®Ù„Ø§Ù‚ ÙˆÙ„Ø§ Ù…Ù†Ø·Ù‚ ÙŠØ§Ø¹Ø¨Ø¯Ù„ÙŠ Ø§Ø±Ø§Ù†Ø§ Ù†Ø§Ø³ Ù…Ø­ØªØ±Ù…ÙŠÙ† ÙˆØ®Ø§ØµØ© Ø§Ù‡Ø§Ù„Ù‰Ùƒ ÙÙŠ Ø§Ù„Ø¬Ù†ÙˆØ¨ ÙˆØ¹Ù„Ù‰ ÙƒÙ„ Ø¨ÙŠÙ†Ø§ØªÙ†Ø§ commande,0,"7 dÃ©cembre, 21:14",https://www.facebook.com/AttessiaTV/videos/733419516851803/
Wlh y #lotfiii 5atikkkk etanchittt sada9nii entiiiiii matnajem etkoun kenn #comÃ©dien,0,"7 dÃ©cembre, 21:14",https://www.facebook.com/AttessiaTV/videos/733419516851803/
Khsara 7ra9et khedmet snin b barnamej fechel ma jeee chaaaayyy w maseeeet 3alekher,0,"7 dÃ©cembre, 21:14",https://www.facebook.com/AttessiaTV/videos/733419516851803/
ÙˆÙ„Ø¯ Ù‚Ù„Ø§Ù„ÙŠÙ† ÙƒØ§Ù† ÙŠØ´Ø·Ø­ Ø³Ù…Ø±Ù Ù‡Ùˆ Ø¹Ø§Ø¯Ù„ Ø¨ÙˆØ¯ÙŠÙŠ ÙÙŠ ØµØ¨Ø§Ø· 4 Ø«Ù†ÙŠØ§ ØªÙˆ Ù‚Ø§Ù„Ùƒ Ø£Ù†Ø§ Ù…Ø³Ø±Ø­ÙŠ Ù‡Ù„ Ù‚Ø±Ø§Ø¡Ø© Ø§Ù„Ù…Ø³Ø±Ø­ Ø£Ù†Ø§ ÙÙŠØ¨Ø§Ù„ÙŠ Ø¥Ù†ØªÙŠ Ø´Ø·Ø§Ø­ Ù…Ø§ Ù‡Ø°Ø§ ÙŠØ§ Ù‡Ø°Ø§,0,"7 dÃ©cembre, 21:14",https://www.facebook.com/AttessiaTV/videos/733419516851803/
Ù„Ø·ÙÙŠ Ø§Ù„Ø¹Ø¨Ø¯Ù„ÙŠ Ù‡Ø¯ÙŠÙƒØ© Ø­ÙŠØ§ØªÙˆ ÙˆØªØµØ±ÙØ§Øª ÙÙŠ Ø§Ù„Ø¯Ù†ÙŠØ§ ÙˆÙ„Ø§ÙÙŠ Ø§Ù„ØªÙ„ÙØ²Ø© Ø¥Ù„ÙŠ Ø¹Ø¬Ø¨Ùˆ ÙˆÙ„ÙŠ Ù…Ø¹Ø¬Ø¨ÙˆØ´ ÙŠÙƒØ³Ø± Ø±Ø§Ø³Ùˆ Ø¹Ù„Ù‰ Ø§Ù„Ø­ÙŠØ· ÙˆÙ†Ù‚Øµ Ù…Ù† Ø³Ø¨ ÙˆÙ‚Ù„Ø© Ø§Ù„Ø­Ø¦,0,"7 dÃ©cembre, 21:14",https://www.facebook.com/AttessiaTV/videos/733419516851803/
"c pas l'homme qui prend la merde c la merde qui prend l'homme, moi la merde elle m'a pris etc.........ET DONC Vous pouvez faire la parallÃ¨le !!",0,"7 dÃ©cembre, 21:14",https://www.facebook.com/AttessiaTV/videos/733419516851803/
"oooooooohhhhh oooooohhhhh ya rabbbbiii ! baaziz Ã  chanter une chanson qui s'appel ""la merde"" samhouni pour le terme mais il disais :",0,"7 dÃ©cembre, 21:14",https://www.facebook.com/AttessiaTV/videos/733419516851803/
Ø§Ù‚Ù„ Ù…Ø§ ÙŠÙ‚Ø§Ù„ Ø§Ø­Ù…Ù‚ Ø§Ù‚Ø±Ø¹ ÙˆØ²Ù†Ø¨Ø§ÙˆÙŠ,0,"7 dÃ©cembre, 21:14",https://www.facebook.com/AttessiaTV/videos/733419516851803/
Ø§Ù„Ù…Ø´ÙƒÙ„ Ù…Ø´ Ø´ÙƒÙˆÙ† Ø³Ø§Ø±Ù‚ Ø´ÙƒÙˆÙ† Ø£Ù…Ø§ Ø§Ù„Ù…Ø´ÙƒÙ„ Ø´ÙƒÙˆÙ† ÙØ§Ø´Ù„ Ùˆ Ù…Ø§ ÙŠØ¬ÙŠ Ø´ÙŠ Ùˆ Ø´ÙƒÙˆÙ† Ù†Ø§Ø¬Ø­ Ùˆ ÙŠÙ‚Ø±ÙŠÙ‚ Ùˆ ÙŠØ¹Ù„Ù…Ùƒ Ø§Ù„ØªÙ†Ø´ÙŠØ· ÙŠØ§ ÙØ§Ø´Ù„ Ø¨ÙŠÙ† Ù‚ÙˆØ³ÙŠÙ†,0,"7 dÃ©cembre, 21:14",https://www.facebook.com/AttessiaTV/videos/733419516851803/
"Ù…Ø§ ÙÙ…Ø§Ø´ Ø§Ù„Ø¬Ø¯ÙŠØ¯ØŒ ØªÙ‚Ù„ÙŠØ¯ Ù…Ø¹ Ø´ÙˆÙŠØ§ Ø¥Ø¶Ø§ÙØ§Øª Ù„Ø§ØºÙŠØ±ğŸ˜•
Ø§Ù„Ø¹Ø¨Ø¯Ù„ÙŠ 9/10 ÙÙŠ Ø§Ù„ØªÙ…Ø«ÙŠÙ„ØŒ Ùˆ ÙÙŠ Ø§Ù„ØªÙ†Ø´ÙŠØ· 5/10 ØŒ Ù‚Ø¯Ø§Ù… Ø§Ù„Ø§Ø¹Ù„Ø§Ù…ÙŠ Ù†ÙˆÙÙ„ 8,5/10",0,"7 dÃ©cembre, 21:14",https://www.facebook.com/AttessiaTV/videos/733419516851803/
Ù„Ø§ ÙŠÙ†ÙØ¹ Ø§Ù„Ø¹Ù‚Ø§Ø± ÙÙŠ Ù…Ø§ Ø§ÙØ³Ø¯Ù‡ Ø§Ù„Ø¯Ù‡Ø± ØŸØŸ ÙˆØ§Ù† Ù„Ù… ØªØ³ØªØ­ÙŠ Ù…Ù† Ø§Ù„Ù„Ù‡ ÙØ§ÙØ¹Ù„ Ù…Ø§ ØªØ´Ø§Ø¡ ØŸØŸØŸ Ø§Ù†Ù‡Ø§ ØªØ¯Ø§Ø¹ÙŠØ§Øª Ø§Ù„ØªØµØ­Ø± Ø§Ù„Ø§Ø¨Ø¯Ø§Ø¹ÙŠ ÙˆØ§Ù„ÙÙ†ÙŠ ØŸ ÙƒÙ„ÙƒÙ… ØªØ¹ÙŠØ´ÙˆÙ† Ø¹Ù„Ù‰ Ø¨Ù‚Ø§ÙŠØ§ Ø§Ù„ØºØ±Ø¨ØŸ ÙˆØªØ¬ØªØ±ÙˆÙ† Ø§Ø¹Ù…Ø§Ù„Ù‡Ù…ØŸ Ù„Ø£Ù† Ø§Ù„Ø¹Ù‚Ù„ Ø§Ù„ØªÙˆÙ†Ø³ÙŠ Ù„Ø§ ÙŠÙ‚Ø¨Ù„ Ø§Ù„ØªØ·ÙˆØ± ÙˆØ§Ù„ØªØ­Ø¯ÙŠ ÙˆØ§Ù„Ø§Ø¨ØªÙƒØ§Ø± ØŸ Ø§Ø¹Ù…Ø§Ù„ Ø¬Ø§Ù‡Ø²Ø© ØŸØŸ Ø«Ù‚Ø§ÙØ© Ø§Ù„Ø§Ø³ØªÙ†Ø³Ø§Ø® ØŸ Ø´Ø¹Ø¨ Ù„Ø§ ÙŠÙÙ‚Ù‡ Ø§Ù„ÙÙ† ØŸ Ø­ØªÙ‰ ÙˆØ§Ù† Ø¨Ø­Ù…Ø§Ø± ÙˆØ¬Ø¹Ù„ ÙŠÙ†Ù‡Ù‚ Ø·ÙˆØ§Ù„ Ø§Ù„Ø­ØµØ© Ø³ÙˆÙ ÙŠÙ†ØªØ´ÙŠ Ø§Ù„Ù…Ø´Ø§Ù‡Ø¯ ÙˆÙŠØµÙÙ‚ Ù„Ù‡ Ø·ÙˆÙŠÙ„Ø§ ØŸØŸ Ø¹Ø¯ÙŠÙ… Ø§Ù„Ø°ÙˆÙ‚ØŸ Ø§Ù…Ø§ Ø§Ù†Øª ÙŠØ§Ø¹Ø¨Ø¯Ù„ÙŠ ÙŠØ§ ÙØ­Ø§Ø´ ØŸØŸ ÙØ§Ø¹Ù„Ù… Ø§Ù†Ù‡ Ø¹Ù†Ø¯Ù…Ø§ ØªØºÙŠØ¨ Ø§Ù„Ø§Ø³ÙˆØ¯ ØªØ¹ÙˆÙŠ Ø§Ù„Ø¶Ø¨Ø§Ø¹ ØŸ Ø­ØªÙ‰ ÙˆØ§Ù† Ø£Ø´Ø±Ù‚Øª Ø§Ù„Ø´Ù…Ø³ Ù…Ù† Ù…ØºØ±Ø¨Ù‡Ø§ ÙÙ„Ù† ØªØ³ØªØ·ÙŠØ¹ Ø®Ù„Ø§ÙØ© Ø§Ù„Ù…Ø±Ø­ÙˆÙ… Ù†ØµØ± Ø§Ù„Ø¯ÙŠÙ† ØŸØŸØŸ Ù‡ÙŠÙ‡Ø§Øª ØŸ ÙˆØ´ØªØ§Ù† ØŸØŸ ØªØ°ÙƒØ± Ø¬ÙŠØ¯Ø§ ØŸØŸØŸ ğŸ¤”ÙˆÙ‚Ø¹ Ø·Ø±Ø¯Ùƒ Ù…Ù† Ø§Ù„Ù…ØºØ±Ø¨ Ø¨Ø³Ø¨Ø¨ Ø¹Ø±Ø¶Ùƒ Ø§Ù„Ù…Ø³Ø±Ø­ÙŠ Ø§Ù„Ø§Ø¨Ø§Ø­ÙŠ ØŸ ÙˆØ§Ø¹Ù„Ù… Ø£Ù† Ø§Ù„Ø´Ø¹Ø¨ Ø§Ù„Ù…ØºØ±Ø¨ÙŠ Ø°ÙˆØ§Ù‚ ØŸØŸ ÙŠØ¯Ø±Ùƒ Ù…Ø¹Ù†Ù‰ Ø§Ù„ÙÙ† Ø§Ù„Ù…ÙˆÙ†ÙˆÙ„ÙˆÙ‚ ØŸØŸØŸ,0,"7 dÃ©cembre, 21:14",https://www.facebook.com/AttessiaTV/videos/733419516851803/
Tfarjattt lotfiii matnajam tkoun ken comÃ©dien ou acteur de thÃ©Ã¢tre alors 5atik tanchit,0,"7 dÃ©cembre, 21:14",https://www.facebook.com/AttessiaTV/videos/733419516851803/
ye5i matal9a exemple ken ezzatla ??^^ tchajja3 f ennes mech ye5dou zatla mouch madrouba? hedi louga ta7keha f emmission public ?? rak makech ta7ki fi 7oumtek !!! rak ta7ki 9oddem ettewnsa l koll ..kbar w sgar ..chapeau ya3tik essa77a,0,"7 dÃ©cembre, 21:14",https://www.facebook.com/AttessiaTV/videos/733419516851803/
",Ø¨Ø±Ù†Ø§Ù…Ø¬ Ù…Ø§Ø³Ø· ÙŠØ§ Ù„Ø·ÙÙŠ Ø±Ø§Ùƒ Ù…Ø§ Ù†Ø¬Ø­ØªØ´ Ù‚Ø¨Ù„ Ø¹Ù„Ø§Ø´ Ø§Ø±Ø¬Ø¹Øª Ùˆ Ø¹Ù…Ù„Øª Ø±ÙˆØ­Ùƒ Ø§ØªÙƒØ±ÙƒÙŠØ±",0,"7 dÃ©cembre, 21:14",https://www.facebook.com/AttessiaTV/videos/733419516851803/
ÙŠØªÙ†Ø§ÙØ³Ùˆ ÙƒØ§Ù† Ø¹Ù„Ù‰ Ù‚Ù„Ø© Ø§Ù„Ø­ÙŠØ§Ø© Ùˆ Ù‚Ù„Ø© Ø§Ù„ØªØ±Ø¨ÙŠØ© Ùˆ Ø§Ù„ÙƒÙ„Ø§Ù… Ø§Ù„Ø²Ø§ÙŠØ¯ Ùˆ Ø§Ù„ÙØ¶Ø§Ø¦Ø­ Ø§Ù„Ù„Ù‡ ÙŠÙ‡Ù„ÙƒÙ‡Ù….,0,"7 dÃ©cembre, 21:14",https://www.facebook.com/AttessiaTV/videos/733419516851803/
Ø§Ù…Ø³Ø· Ø¨Ø±Ù†Ø§Ù…Ø¬ Ø´ÙØªÙˆ ÙÙŠ Ø­ÙŠØ§ØªÙ‰ Ø¨Ø§Ø³Ù„ ÙˆØºØ´Ø© Ø¨Ø§Ù„Ù…Ø´Ø·Ø©,0,"7 dÃ©cembre, 21:14",https://www.facebook.com/AttessiaTV/videos/733419516851803/
Fdhaye7 3maltou el3ar wlh chay 7achem,0,"7 dÃ©cembre, 21:14",https://www.facebook.com/AttessiaTV/videos/733419516851803/
Ø¨Ø±Ø§Ù…Ø¬ Ø®Ø§Ù…Ø¬Ø©....ÙŠÙ†Ø´Ø·ÙˆÙ‡Ø§ Ù†Ø§Ø³ Ø®Ø§Ù…Ø¬Ø©....Ø¨Ø§Ø´ ØªÙƒÙˆÙ† Ù…ØªÙØ±Ø¬ÙŠÙ† Ø®Ø§Ù…Ø¬ÙŠÙ†...Ù„Ø¬ÙŠÙ„ ØªØ§ÙÙ‡....ÙˆÙ…Ø® Ø®Ø§Ù…Ø¬.....,0,"7 dÃ©cembre, 21:14",https://www.facebook.com/AttessiaTV/videos/733419516851803/
ØªØ§Ø§Ø§Ø§Ø§Ø§ÙÙ‡ÙŠÙ†,0,"7 dÃ©cembre, 21:14",https://www.facebook.com/AttessiaTV/videos/733419516851803/
Blid W rkik W maset wnabu el wakt lemrahez,0,"7 dÃ©cembre, 21:14",https://www.facebook.com/AttessiaTV/videos/733419516851803/
Ø¹Ù†ÙˆØ§Ù† Ø§Ù„ØªÙØ§Ù‡Ø© ÙˆØ§Ù„Ù…Ø³Ø§Ø·Ø© ÙˆØ§Ù„Ø±Ø¯Ø§Ø¡Ø© ğŸ˜¡ Ø§Ù†Ù‚Ø±Ø¶ÙˆØ§,0,"7 dÃ©cembre, 21:14",https://www.facebook.com/AttessiaTV/videos/733419516851803/
M3a9ad m nawfel w l hiwar ettounsi meskin hhh,0,"7 dÃ©cembre, 21:14",https://www.facebook.com/AttessiaTV/videos/733419516851803/
9adechou'masete'yerkike'yefede,0,"7 dÃ©cembre, 21:14",https://www.facebook.com/AttessiaTV/videos/733419516851803/
ØªÙ‚Ø¹Ø¯Ùˆ Ù…ØªØ£Ø®Ø±ÙŠÙ† Ø§Ù„Ù‰ ÙŠÙˆÙ… ÙŠØ¨Ø¹Ø«ÙˆÙ†. .,0,"7 dÃ©cembre, 21:14",https://www.facebook.com/AttessiaTV/videos/733419516851803/
Ù‚Ù„Ø© Ø­ÙŠØ§Ø¡ Ù…ÙØ±Ø·Ø©,0,"7 dÃ©cembre, 21:14",https://www.facebook.com/AttessiaTV/videos/733419516851803/
Lotfi anti motrobi fi ehjer elaghbabi wa Almek essan-a yakhi tayahet alih,0,"7 dÃ©cembre, 21:14",https://www.facebook.com/AttessiaTV/videos/733419516851803/
ÙˆØ§Ø­Ø¯ Ø¯Ø¹ÙˆØ© ÙˆØ®Ø±Ø¯Ù‡ ÙˆÙ…Ø§ ÙŠØ¬Ù‰ Ø´ÙŠ,0,"7 dÃ©cembre, 21:14",https://www.facebook.com/AttessiaTV/videos/733419516851803/
ØªØ­Ø¨ Ù†Ù‚Ù„ÙƒÙ… Ø­Ø§Ø¬Ø© ØªØ®Ù„Ø·Øª ØªÙˆØ§ Ùˆ Ø§Ø´ Ø¨Ø§Ø´ ÙŠÙØ¶Ù‡Ø§,0,"7 dÃ©cembre, 21:14",https://www.facebook.com/AttessiaTV/videos/733419516851803/
Ø§Ø°Ù„ Ùˆ Ø§Ø±Ø®Øµ Ù…Ù†Ùƒ Ù„Ù… ØªÙ„Ø¯ Ø§Ù„Ù†Ø³Ø§Ø¡ ÙŠØ§ Ù…Ù†Ø­Ø· Ø§Ù„Ø§Ø®Ù„Ø§Ù‚,0,"7 dÃ©cembre, 21:14",https://www.facebook.com/AttessiaTV/videos/733419516851803/
Ø£Ø¹ÙˆØ° Ø¨Ø§Ù„Ù„Ù‡ Ù…Ù† Ù‡Ø°Ø¢ Ø§Ù„Ø´ÙŠØ·Ø§Ù† Ø§Ù„Ø±Ø¬ÙŠÙ…,0,"7 dÃ©cembre, 21:14",https://www.facebook.com/AttessiaTV/videos/733419516851803/
"C'est le bas niveau, tu es un seulement  comÃ©dien est encore Ã  juger",0,"7 dÃ©cembre, 21:14",https://www.facebook.com/AttessiaTV/videos/733419516851803/
Ù…Ø§Ø³Ø· Ù…Ø§Ø³Ø·,0,"7 dÃ©cembre, 21:14",https://www.facebook.com/AttessiaTV/videos/733419516851803/
Mamastou w ma5afou wouh ywaterni maset laset haseb rou7ou ydha7ek,0,"7 dÃ©cembre, 21:14",https://www.facebook.com/AttessiaTV/videos/733419516851803/
".ÙˆØ§Ø­Ø¯ Ø²Ù†Ø¯ÙŠÙ‚ Ø®Ø§Ù…Ø¬ Ùˆ Ø±Ø®ÙŠØµ
Ø­Ù„ÙˆÙ„Ùˆ Ø§Ù„Ù„Ø¹Ø¨ ØªØ­Ù„ ÙÙŠ Ø§Ù„Ø¹Ø±ÙŠØ¶",0,"7 dÃ©cembre, 21:14",https://www.facebook.com/AttessiaTV/videos/733419516851803/
Ø¨Ø±Ø¨ÙŠ Ù…Ø§ ØªØ³Ø±Ù‚Ø´ Ø§Ù„Ø¶ÙŠÙˆÙ Ù…ØªØ¹ Ø±Ø§Ø³ Ø§Ù„Ø¨ØµÙ„ ÙŠØ¹Ù†ÙŠ Ø¬ÙŠØ¨ Ø¶ÙŠÙˆÙ Ù†ÙˆØ¹ Ø§Ø®Ø±,0,"7 dÃ©cembre, 21:14",https://www.facebook.com/AttessiaTV/videos/733419516851803/
Masit  lasit,0,"7 dÃ©cembre, 21:14",https://www.facebook.com/AttessiaTV/videos/733419516851803/
Ù†ÙƒØ¨Ø© Ø§Ù„Ø£Ø¬ÙŠØ§Ù„ Ø§Ù„Ù‚Ø§Ø¯Ù…Ø©   Ø§Ù„Ø²Ù†Ø§Ø¯Ù‚Ø§     Ù‚Ø¹Ø¯Ù†Ø§ Ø¶Ø­ÙƒÙ‡ Ø£Ù…Ø§Ù… Ø§Ù„Ø¹Ø§Ù„Ù…,0,"7 dÃ©cembre, 21:14",https://www.facebook.com/AttessiaTV/videos/733419516851803/
Ken 3mal 7aja jdid 5ir,0,"7 dÃ©cembre, 21:14",https://www.facebook.com/AttessiaTV/videos/733419516851803/
Inta bedek madroube,0,"7 dÃ©cembre, 21:14",https://www.facebook.com/AttessiaTV/videos/733419516851803/
9lil tarbiya bsaraha mouch mta3 3aila barnemej wmaset,0,"7 dÃ©cembre, 21:14",https://www.facebook.com/AttessiaTV/videos/733419516851803/
"Ø®Ø§ØªØ± Ø§Ù†Øª Ù…Ø§ÙƒØ´ Ø±Ø§Ø¬Ù„ ÙˆÙØ§Ø¬Ø± ÙˆÙØ§Ø³Ù‚ 
ÙˆØ´ÙˆÙ Ø§Ù„ÙŠ Ø¹Ø§Ù…Ù„Ùƒ Ù‚ÙŠÙ…Ø© ÙˆÙ‚Ø¯Ø±",0,"7 dÃ©cembre, 21:14",https://www.facebook.com/AttessiaTV/videos/733419516851803/
Ù…Ø§ ÙÙ‡Ù…ØªØ´ ÙŠØ®ÙŠ Ù…Ø³Ø±Ø­ÙŠØ© ÙˆÙ„Ø§ Ø´Ù†ÙŠØ©ØŸ,0,"7 dÃ©cembre, 21:14",https://www.facebook.com/AttessiaTV/videos/733419516851803/
Ù…Ù…Ø³Ø·Ùƒ,0,"7 dÃ©cembre, 21:14",https://www.facebook.com/AttessiaTV/videos/733419516851803/
Ù‡Ø§Ù„ÙƒÙ„Ø¨ Ù‡Ø°Ø§ ØªØ§ÙƒÙŠØ¯ Ø§Ù† Ø§Ù„Ø§Ø®Ù„Ø§Ù‚ Ø§Ù†Ø¹Ø¯Ù…Øª ÙÙŠ ØªÙˆÙ†Ø³,0,"7 dÃ©cembre, 21:14",https://www.facebook.com/AttessiaTV/videos/733419516851803/
5iiiit mamstou ğŸ˜•,0,"7 dÃ©cembre, 21:14",https://www.facebook.com/AttessiaTV/videos/733419516851803/
Ø­Ùƒ Ø±Ø§Ø³Ùƒ ÙˆÙ„ÙŠ Ù…Ù†Ø´Ø· Ù…Ù„Ø§ ØªÙØ§Ù‡Ø© Ø§Ø¹Ù„Ø§Ù… ØªÙˆÙ†Ø³,0,"7 dÃ©cembre, 21:14",https://www.facebook.com/AttessiaTV/videos/733419516851803/
Mamistek,0,"7 dÃ©cembre, 21:14",https://www.facebook.com/AttessiaTV/videos/733419516851803/
Ù…Ù…Ø³Ø·Ùƒ Ùˆ Ù…Ø±ÙƒÙƒ Ø§Ø®Ø®Ø®Ø®,0,"7 dÃ©cembre, 21:14",https://www.facebook.com/AttessiaTV/videos/733419516851803/
Ø¨Ø±Ù†Ø§Ù…Ø¬ ØªØ§ÙÙ‡,0,"7 dÃ©cembre, 21:14",https://www.facebook.com/AttessiaTV/videos/733419516851803/
Ø·ÙÙŠ Ø±ÙˆØ­Ùƒ ÙŠØ§ ÙƒÙ„Ø§Ø·Ø§,0,"7 dÃ©cembre, 21:14",https://www.facebook.com/AttessiaTV/videos/733419516851803/
bilhi *** *** ***,0,"7 dÃ©cembre, 21:14",https://www.facebook.com/AttessiaTV/videos/733419516851803/
Ø¶Ø­ÙƒÙˆÙ„ÙˆØ§ ØªÙ…Ø¯ Ø¹Ù„ÙŠ Ø·ÙˆÙ„Ùˆ ÙŠØ­Ø³Ø¨ ÙÙŠ Ù†ÙØ³Ù‡ Ø§Ù†Ù‡ ÙØ±Ù†Ùƒ Ùˆ Ù†ØµÙ,0,"7 dÃ©cembre, 21:14",https://www.facebook.com/AttessiaTV/videos/733419516851803/
mefhemtech 3lech ma3malch haja jdida ğŸ˜¤ğŸ˜¤ğŸ˜¤,0,"7 dÃ©cembre, 21:14",https://www.facebook.com/AttessiaTV/videos/733419516851803/
Ù…Ø§Ø³ÙˆÙ†ÙŠ Ø¹Ø¨Ø¯ Ø§Ù„Ø¯ÙŠÙ†Ø§Ø± ÙˆØ§Ù„Ø¯ÙˆÙ„Ø§Ø± Ù…ØªØ¶Ø­ÙƒÙ†ÙŠØ´ Ø­Ø§Ù„ Ù„Ø¨Ù„Ø§Ø¯ Ø¥ÙŠØ¨ÙƒÙŠ Ø®Ø³Ø¦Øª ÙˆØ®Ø³Ø±Øª ÙŠØ§ Ø¬Ø§Ù‡Ù„,0,"7 dÃ©cembre, 21:14",https://www.facebook.com/AttessiaTV/videos/733419516851803/
Ù…Ø³ØªÙˆÙŠØ§Øª,0,"7 dÃ©cembre, 21:14",https://www.facebook.com/AttessiaTV/videos/733419516851803/
Mala niveau mte3 talvza,0,"7 dÃ©cembre, 21:14",https://www.facebook.com/AttessiaTV/videos/733419516851803/
Ù„Ø·ÙÙŠ Ù†Ø­Ø¨Ùˆ Ø¹Ù„ÙŠ Ø§Ù„Ù…Ø³Ø±Ø­ Ø§Ù…Ø§ ÙÙŠ Ø§Ù„ØªÙ„ÙØ²Ø© Ø§Ù„Ø­ÙˆØ§Ø± Ù…Ø¹ Ø¹Ø¨Ø¯ Ø§Ù„Ø±Ø²Ø§Ù‚ Ø®Ù„Ø§ Ù†ÙŠ ØºÙŠØ± Ø§Ù„Ù‚Ù†Ø§Ø© Ù„Ø§Ø²Ù… Ø´ÙˆÙŠØ© Ø§Ø­ØªØ±Ø§Ù…,0,"7 dÃ©cembre, 21:14",https://www.facebook.com/AttessiaTV/videos/733419516851803/
Je ne pense pas qu'il rÃ©ussira car il ne se maitrise pas,0,"7 dÃ©cembre, 21:14",https://www.facebook.com/AttessiaTV/videos/733419516851803/
Ù†Ø§Ù‚ØµØ© Ø§Ù„ØªÙ„ÙØ²Ø© Ø¹Ø³Ù‘ÙˆÙ„... Ø²Ø§Ø¯ Ø¬Ø§ Ù‚Ù„ÙŠÙ„ Ø§Ù„ØªØ±Ø¨ÙŠØ© Ùˆ Ø§Ù„ØªØ§ÙÙ‡ Ù‡Ø°Ø§,0,"7 dÃ©cembre, 21:14",https://www.facebook.com/AttessiaTV/videos/733419516851803/
Khatik etanchit sahbi mazelit sghuir aalih w moustawek .....,0,"7 dÃ©cembre, 21:14",https://www.facebook.com/AttessiaTV/videos/733419516851803/
Beli ta3ml matjich 5ir mn nawfel werteni,0,"7 dÃ©cembre, 21:14",https://www.facebook.com/AttessiaTV/videos/733419516851803/
ØªØ§Ø§Ø§Ø§Ø§Ø§Ø§ÙÙ‡ ÙŠØ§ Ù…Ø§Ø§Ø§Ø§Ù† Ø§Ù†Øª,0,"7 dÃ©cembre, 21:14",https://www.facebook.com/AttessiaTV/videos/733419516851803/
Ya....farrrrr,0,"7 dÃ©cembre, 21:14",https://www.facebook.com/AttessiaTV/videos/733419516851803/
Tfouuh,0,"7 dÃ©cembre, 21:14",https://www.facebook.com/AttessiaTV/videos/733419516851803/
Tefah barcha lbarnemaj,0,"7 dÃ©cembre, 21:14",https://www.facebook.com/AttessiaTV/videos/733419516851803/
Ø¨Ø±Ù†Ø§Ø§Ø§Ù…Ø¬ ÙØ§Ø§Ø§Ø§Ø´Ù„,0,"7 dÃ©cembre, 21:14",https://www.facebook.com/AttessiaTV/videos/733419516851803/
Ù‚Ø¹Ø±Ù‰Ù‚Ø¹Ø± Ù‚Ø¹Ø± ØŒÙ…Ù„Ù‚ÙŠØª Ù…Ø§ ØªØ¬ÙŠØ¨Ùˆ,0,"7 dÃ©cembre, 21:14",https://www.facebook.com/AttessiaTV/videos/733419516851803/
Ø§Ù‚Ø³Ù… Ø¨Ø§Ù„Ù„Ù‡ Ù…Ø§ØµØ© Ø¹Ø§Ù…Ù„ ÙÙŠØ¨Ø§Ù„Ùˆ ÙŠÙØ¯ Ù„Ùƒ,0,"7 dÃ©cembre, 21:14",https://www.facebook.com/AttessiaTV/videos/733419516851803/
Ø¬Ø¨ØªÙ‡ Ù…Ù† Ø°ÙŠÙ„Ù‡,0,"7 dÃ©cembre, 21:14",https://www.facebook.com/AttessiaTV/videos/733419516851803/
ØµØ±Ø§Ø­Ø© Ø¨Ø±Ù†Ø§Ù…Ø¬ ÙØ§Ø´Ù„,0,"7 dÃ©cembre, 21:14",https://www.facebook.com/AttessiaTV/videos/733419516851803/
Kartha okhra dakhlit ldyarna chnouwa hetha,0,"7 dÃ©cembre, 21:14",https://www.facebook.com/AttessiaTV/videos/733419516851803/
Ø¨Ø±Ù†Ø§Ù…Ø¬ ÙØ§Ø´Ù„,0,"7 dÃ©cembre, 21:14",https://www.facebook.com/AttessiaTV/videos/733419516851803/
Wela FEMA jomla mofida msata we bleda we rkeka,0,"7 dÃ©cembre, 21:14",https://www.facebook.com/AttessiaTV/videos/733419516851803/
Maset,0,"7 dÃ©cembre, 21:14",https://www.facebook.com/AttessiaTV/videos/733419516851803/
Ù…Ù…ØµØªÙ‡Ù… ØªÙˆØ§Ù†Ø³Ù‡ Ø­Ù…Ø¯Ù„Ù„Ù‡ ØªÙ„ÙØ²Ù‡ Ù‚Ù†Ø§Ù‡ ØªÙˆØ§Ù†Ø³Ù‡ Ù…Ù„ Ù…ÙÙ…Ø§Ø´ Ø­Ù…Ø¯Ù„Ù„Ù‡,0,"7 dÃ©cembre, 21:14",https://www.facebook.com/AttessiaTV/videos/733419516851803/
7al9a.  Masta masta masta ounti amset minha tfouuuuuuuuuuuuuu 3lik y'a kelbe,0,"7 dÃ©cembre, 21:14",https://www.facebook.com/AttessiaTV/videos/733419516851803/
Ù…Ø®ÙŠØ¨ Ù…Ù†Ø¸Ø±Ùƒ,0,"7 dÃ©cembre, 21:14",https://www.facebook.com/AttessiaTV/videos/733419516851803/
Ù‚ÙˆÙŠ Ø¨Ø±Ø´Ø§ ÙÙŠ Ø§Ù„ÙƒÙˆÙ…ÙŠØ¯ÙŠØ§ Ø§Ù…Ø§ Ø§Ù„ØªÙ†Ø´ÙŠØ· Ø®Ø§Ø·ÙŠÙ‡ğŸ˜Š,0,"7 dÃ©cembre, 21:14",https://www.facebook.com/AttessiaTV/videos/733419516851803/
Ø§Ù„Ù…ÙÙŠØ¯ Ø§Ù†ÙƒÙ… Ø³Ø±Ø§Ù‚ Ù…Ø¹ ØµÙØ± Ø§Ø¨Ø¯Ø§Ø¹ ÙˆØ²ÙŠØ¯Ù‡Ù… ØµÙØ± ÙÙƒØ±Ø© Ø§ÙˆØ±ÙˆØ¬ÙŠÙ†Ø§Ù„,0,"7 dÃ©cembre, 21:14",https://www.facebook.com/AttessiaTV/videos/733419516851803/
Vraiment debil ce ***,0,"7 dÃ©cembre, 21:14",https://www.facebook.com/AttessiaTV/videos/733419516851803/
ÙƒØ±ÙƒÙˆØ²,0,"7 dÃ©cembre, 21:14",https://www.facebook.com/AttessiaTV/videos/733419516851803/
ÙŠØ§ Ù…Ù…Ø³Ø·Ùƒ,0,"7 dÃ©cembre, 21:14",https://www.facebook.com/AttessiaTV/videos/733419516851803/
ÙŠØ§ Ù„Ø·ÙÙŠ Ø£Ù†Øª ÙˆÙ†ÙˆÙÙ„ Ø±Ø£Ø³ Ø§Ù„Ø¨ØµÙ„ Ø£Ù…Ø³Øª Ù…Ù†ÙƒÙ… Ù…Ø§ ÙÙ…Ø´,0,"7 dÃ©cembre, 21:14",https://www.facebook.com/AttessiaTV/videos/733419516851803/
Elkolou businesses ni plus ni moins ğŸ˜œ,0,"7 dÃ©cembre, 21:14",https://www.facebook.com/AttessiaTV/videos/733419516851803/
Mamstkkkkk pfffff,0,"7 dÃ©cembre, 21:14",https://www.facebook.com/AttessiaTV/videos/733419516851803/
ÙƒÙŠ Ø³ÙŠØ¯ÙŠ ÙƒÙŠ Ø¬ÙˆØ§Ø¯Ùˆ ğŸ˜’ğŸ˜’ğŸ˜’,0,"7 dÃ©cembre, 21:14",https://www.facebook.com/AttessiaTV/videos/733419516851803/
C la mÃ©diocritÃ© ğŸ˜,0,"7 dÃ©cembre, 21:14",https://www.facebook.com/AttessiaTV/videos/733419516851803/
ÙˆØ§Ù„Ù„Ù‡ Ø£Ø¹Ù…Ù„ØªÙˆ Ø§Ù„ÙØ¶Ø§Ø¦Ø­ ÙƒÙ„Ø§Ù… ÙˆØ³Ø® ÙƒÙŠÙ Ø£ÙˆØ¬Ù‡ÙƒÙ…,0,"7 dÃ©cembre, 21:14",https://www.facebook.com/AttessiaTV/videos/733419516851803/
Tfoh 3lik ya masak glil torbya,0,"7 dÃ©cembre, 21:14",https://www.facebook.com/AttessiaTV/videos/733419516851803/
Tga3id wahf yhizzik,0,"7 dÃ©cembre, 21:14",https://www.facebook.com/AttessiaTV/videos/733419516851803/
Maset laset 3llo5r,0,"7 dÃ©cembre, 21:14",https://www.facebook.com/AttessiaTV/videos/733419516851803/
Yeser klemou zeyed w jabri . wil jomhour ychi5 mil 7zem louta .,0,"7 dÃ©cembre, 21:14",https://www.facebook.com/AttessiaTV/videos/733419516851803/
ÙƒÙ„Ø§Ù… ÙÙŠÙ‡ Ù‚Ù„Ø© Ø­ÙŠØ§Ø¡,0,"7 dÃ©cembre, 21:14",https://www.facebook.com/AttessiaTV/videos/733419516851803/
malla jabrii,0,"7 dÃ©cembre, 21:14",https://www.facebook.com/AttessiaTV/videos/733419516851803/
Ù…Ø§ Ø§Ù…Ø±Ù‚Ùˆ Ø§Ù„Ù‡Ù… .Ø§Ù„Ø²Ø¨Ø§Ù„Ø© .,0,"7 dÃ©cembre, 21:14",https://www.facebook.com/AttessiaTV/videos/733419516851803/
Ø§Ù„Ø³ÙŠØ¯ Ù‡Ø°Ø§ Ù…Ø³ØªÙ‚Ø¨Ù„Ùˆ Ø§Ø¸Ù„Ù…,0,"7 dÃ©cembre, 21:14",https://www.facebook.com/AttessiaTV/videos/733419516851803/
ÙˆØ§Ù„Ù„Ù‡ ÙˆØ§Ù„Ù„Ù‡ Ø³Ø®Ø§ÙØ© ÙˆÙ„Ø§ Ù…Ø«Ù„Ù‡Ø§ Ø³Ø®Ø§ÙØ©,0,"7 dÃ©cembre, 21:14",https://www.facebook.com/AttessiaTV/videos/733419516851803/
Ø¹Ø§Ù„Ø­ÙŠØ·,0,"7 dÃ©cembre, 21:14",https://www.facebook.com/AttessiaTV/videos/733419516851803/
Ù‚Ù†Ø§Ø© Ø§Ù„ØªØ§Ø³Ø¹Ø© Ù‚Ù†Ø§Ø© Ø§Ù„ØªÙØ§Ù‡Ø§Øª,0,"7 dÃ©cembre, 21:14",https://www.facebook.com/AttessiaTV/videos/733419516851803/
Ø³Ø®ÙŠÙ Ùˆ ØªØ§ÙÙ‡ ÙƒØ¹Ø§Ø¯ØªÙ‡,0,"7 dÃ©cembre, 21:14",https://www.facebook.com/AttessiaTV/videos/733419516851803/
Ù…Ø§Ø³Ø· Ù„Ø§Ø³Ø·,0,"7 dÃ©cembre, 21:14",https://www.facebook.com/AttessiaTV/videos/733419516851803/
ØªØ§ÙÙ‡ Ø§Ù†Øª ÙˆØ§Ù„Ø¨Ø±Ù†Ø§Ù…Ø¬ Ù†ØªØ§Ø¹Ùƒ Ùˆ Ø¹Ù…Ø±Ùƒ Ù…Ø§ØªÙ†Ø¬Ù… ØªÙƒÙˆÙ† Ù…Ù†Ø´Ø·,0,"7 dÃ©cembre, 21:14",https://www.facebook.com/AttessiaTV/videos/733419516851803/
It7ib wala takrah mich rekba 3lik 5alik fi jawik,0,"7 dÃ©cembre, 21:14",https://www.facebook.com/AttessiaTV/videos/733419516851803/
Ya ebdeli ya webch yeli mekech motrobi ya weld el kalb,0,"7 dÃ©cembre, 21:14",https://www.facebook.com/AttessiaTV/videos/733419516851803/
Ùˆ Ù…Ø¨Ø¹Ø¯,0,"7 dÃ©cembre, 21:14",https://www.facebook.com/AttessiaTV/videos/733419516851803/
Ã‰mission 0000000 s3ib lmou9arna m3a lbss,0,"7 dÃ©cembre, 21:14",https://www.facebook.com/AttessiaTV/videos/733419516851803/
hhhhh ya wallah 7al,0,"7 dÃ©cembre, 21:14",https://www.facebook.com/AttessiaTV/videos/733419516851803/
pathÃ©tique ! de plus en plus bas,0,"7 dÃ©cembre, 21:14",https://www.facebook.com/AttessiaTV/videos/733419516851803/
Ø¨Ø±Ù†Ø§Ù…Ø¬ Ø²Ø¨Ù„Ø© Ú©ÙŠÙ Ù…Ù‚Ø¯Ù…Ù‡,0,"7 dÃ©cembre, 21:14",https://www.facebook.com/AttessiaTV/videos/733419516851803/
Ù…Ø§ Ø£ØªÙÙ‡ Ù‡Ø°Ù‡ Ø§Ù„Ù‚Ù„Ø© Ø§Ù„Ù‚Ù„ÙŠÙ„Ø© Ù…Ù† Ø§Ù„Ø´Ø¹Ø¨.,0,"7 dÃ©cembre, 21:14",https://www.facebook.com/AttessiaTV/videos/733419516851803/
ÙˆØ§Ù„Ù„Ù‡ Ø§ÙƒØ¨Ø± ÙØ§Ø³Ù‚,0,"7 dÃ©cembre, 21:14",https://www.facebook.com/AttessiaTV/videos/733419516851803/
ÙƒÙ„Ø¨ Ù…Ø³Ø®,0,"7 dÃ©cembre, 21:14",https://www.facebook.com/AttessiaTV/videos/733419516851803/
Ù‚Ù…Ø© ÙÙŠ Ù‚Ù„Ø© Ø§Ù„ØªØ±Ø¨ÙŠØ© ÙˆÙ‚Ù„Ø© Ø§Ù„Ø­ÙŠØ§Ø¡ ØŒØ§ØªÙÙˆÙ‡ Ø¹Ù„ÙŠÙƒ....,0,"7 dÃ©cembre, 21:14",https://www.facebook.com/AttessiaTV/videos/733419516851803/
ÙˆØ§Ù„Ù‡ ÙƒØ§Ù† Ù‚Ø±Ø¯,0,"7 dÃ©cembre, 21:14",https://www.facebook.com/AttessiaTV/videos/733419516851803/
Aucune crÃ©ativitÃ©...!,0,"7 dÃ©cembre, 21:14",https://www.facebook.com/AttessiaTV/videos/733419516851803/
Pauvre tunisie ğŸ‡¹ğŸ‡³,0,"7 dÃ©cembre, 21:14",https://www.facebook.com/AttessiaTV/videos/733419516851803/
Public 9oul a3lih virage wala 3ars hhh,0,"7 dÃ©cembre, 21:14",https://www.facebook.com/AttessiaTV/videos/733419516851803/
9dech msatta esaber,0,"7 dÃ©cembre, 21:14",https://www.facebook.com/AttessiaTV/videos/733419516851803/
j'ai pas aime ...,0,"7 dÃ©cembre, 21:14",https://www.facebook.com/AttessiaTV/videos/733419516851803/
Ù„Ø§ ÙŠÙˆØ¬Ø¯ Ù…Ù†Ø´Ø· ØªÙ„ÙØ²ÙŠ ÙÙŠ ØªÙˆÙ†Ø³ Ø¥Ù„Ù‰ Ø­Ø¯ Ø§Ù„Ø¢Ù†,0,"7 dÃ©cembre, 21:14",https://www.facebook.com/AttessiaTV/videos/733419516851803/
Hamdoulah je chkoun amsit min nawfil w5ay 5atik tanchit,0,"7 dÃ©cembre, 21:14",https://www.facebook.com/AttessiaTV/videos/733419516851803/
Ù…Ù…ØµØªÙƒ ÙŠØ§ Ø¹Ø·ÙŠÙƒ Ø¨Ù‚Ù„Ø©,0,"7 dÃ©cembre, 21:14",https://www.facebook.com/AttessiaTV/videos/733419516851803/
Ù…Ø§Ø³Ø· Ø§Ù…Ø§ Ù…Ø§ Ø§Ù…Ø³Ø· Ù…Ù†Ùƒ ÙƒØ§Ù† Ù†ÙˆÙÙ„,0,"7 dÃ©cembre, 21:14",https://www.facebook.com/AttessiaTV/videos/733419516851803/
ÙˆØ§Ù„Ù„Ù‡  Ø§Ù„Ø¹Ø¸ÙŠÙ…   Ø£ÙƒØ¨Ø±      Ù…Ø¹Ø¯Ø©,0,"7 dÃ©cembre, 21:14",https://www.facebook.com/AttessiaTV/videos/733419516851803/
Ù…Ù„Ø§ Ø®Ø±Ø¯Ø©,0,"7 dÃ©cembre, 21:14",https://www.facebook.com/AttessiaTV/videos/733419516851803/
Ø§Ù„ÙƒÙ„Ùˆ Ù…Ù„Ø¨Ø³ÙƒÙˆÙ„Ø©,0,"7 dÃ©cembre, 21:14",https://www.facebook.com/AttessiaTV/videos/733419516851803/
Bonjour la vulgarite,0,"7 dÃ©cembre, 21:14",https://www.facebook.com/AttessiaTV/videos/733419516851803/
Ù…Ù…Ø³Ø·Ùƒ ÙŠØ§ ÙƒØ§Ø²ÙŠ,0,"7 dÃ©cembre, 21:14",https://www.facebook.com/AttessiaTV/videos/733419516851803/
Tafih,0,"7 dÃ©cembre, 21:14",https://www.facebook.com/AttessiaTV/videos/733419516851803/
Bidon de chez bidon,0,"7 dÃ©cembre, 21:14",https://www.facebook.com/AttessiaTV/videos/733419516851803/
Ø³Ø§ÙÙ„ Ùˆ Ù…Ù†Ø­Ø· Ùˆ ***** Ùˆ Ù…Ø§Ø§Ø§Ø§Ø§Ø§Ø§Ø§Ø³Ø· Ù„Ø§Ø³Ø· ØŒØŒØŒ Ù…Ø§ Ø­ÙŠØ§ØªÙƒ ÙƒØ§Ù† Ù‡Ù…ÙŠÙ„ .,0,"7 dÃ©cembre, 21:14",https://www.facebook.com/AttessiaTV/videos/733419516851803/
Tfouuuuh 3lik nadhel,0,"7 dÃ©cembre, 21:14",https://www.facebook.com/AttessiaTV/videos/733419516851803/
ÙƒØ§Ù† Ø¬Ø¨Øª Ø§Ù„ØµÙŠØ¯ Ù…Ù† Ø²Ø¨Ùˆ Ø®ÙŠØ± Ø±Ø§Ùƒ Ø±ØªØ­ØªÙ†Ø§ Ù…Ø§ ØªØ®Ù„ÙŠÙ†Ø§Ø´ Ù†ØªÙ„Ù…Ø³ÙˆØ§,0,"7 dÃ©cembre, 21:14",https://www.facebook.com/AttessiaTV/videos/733419516851803/
9anet maasta w bch  tmaStk m3aha gatt3 ki migalo 5ir,0,"7 dÃ©cembre, 21:14",https://www.facebook.com/AttessiaTV/videos/733419516851803/
Ø¬Ø¨Ø§Ù„Ùƒ Ø§Ù„Ø±ÙˆØ§Ø³ÙŠ ÙˆÙ„Ø§ Ø¹Ø¨Ø¯Ùƒ Ø§Ù„Ø«Ù‚ÙŠÙ„,0,"7 dÃ©cembre, 21:14",https://www.facebook.com/AttessiaTV/videos/733419516851803/
Ssamat makch emta3a talfza,0,"7 dÃ©cembre, 21:14",https://www.facebook.com/AttessiaTV/videos/733419516851803/
Ø¨Ø±Ù†Ø§Ù…Ø¬ ØºØ´Ø© ÙˆÙ‚Ù„Ø© ØªØ±Ø¨ÙŠØ© ÙƒÙŠÙ…Ø§ Ù„Ø¨Ø§Ø³ ğŸ‘ğŸ»,0,"7 dÃ©cembre, 21:14",https://www.facebook.com/AttessiaTV/videos/733419516851803/
Ù…Ø§Ø³Ø· Ù†ÙˆÙÙ„ Ø®ÙŠØ±,0,"7 dÃ©cembre, 21:14",https://www.facebook.com/AttessiaTV/videos/733419516851803/
Mathamech Tahankifek,0,"7 dÃ©cembre, 21:14",https://www.facebook.com/AttessiaTV/videos/733419516851803/
Baye5,0,"7 dÃ©cembre, 21:14",https://www.facebook.com/AttessiaTV/videos/733419516851803/
Ø§ÙÙÙÙÙÙ Ù…Ù„Ù‡Ù…Ù„,0,"7 dÃ©cembre, 21:14",https://www.facebook.com/AttessiaTV/videos/733419516851803/
Ø§Ù„ØªÙˆØ§Ù†Ø³Ù‡ Ø±ÙŠØªÙ‡Ù… Ø²Ø¹Ø§Ù… ÙƒØ§Ù† ÙÙŠ Ø¨Ø¹Ø¶Ù‡Ù… Ø®Ù„ÙŠÙƒ ÙÙŠ Ø§Ù„ØªÙ…Ø«ÙŠÙ„ Ø®ÙŠØ± Ù…Ø§ÙƒØ´ Ù†Ø§Ø¬Ø­ ÙÙŠ Ø§Ù„ØªÙ†Ø´ÙŠØ·,0,"7 dÃ©cembre, 21:14",https://www.facebook.com/AttessiaTV/videos/733419516851803/
Ø­Ù‚ÙŠÙŠÙŠÙŠØ± Ø³ÙŠØ¯Ùƒ Ù†ÙˆÙÙ„ Ù…Ø§ ØªØ®Ù„Ø·Ù„ÙˆØ´ ÙÙ…Ùƒ Ù…Ø§ ÙŠØ®Ø±Ø¬ ÙƒØ§Ù† Ø§Ù„Ø®Ù…Ø¬,0,"7 dÃ©cembre, 21:14",https://www.facebook.com/AttessiaTV/videos/733419516851803/
ØªØ§ÙÙ‡ ØªØ§ÙÙ‡ ØªØ§ÙÙ‡ Ù‡Ø°Ø§Ùƒ Ø¹Ù„Ø§Ø´ Ø§Ù„Ù‚Ø¯Ø³ ØªØ³Ø±Ù‚Øª ÙˆØ­Ù†ÙŠ Ø³Ø§ÙƒØªÙŠÙ† Ù…Ù† Ø§Ù„Ù…Ù†Ø§Ø¶Ø± Ø§Ù„ÙŠ Ø²ÙŠÙƒ,0,"7 dÃ©cembre, 21:14",https://www.facebook.com/AttessiaTV/videos/733419516851803/
Mela marka mech metrobbi,0,"7 dÃ©cembre, 21:14",https://www.facebook.com/AttessiaTV/videos/733419516851803/
Ù…Ø§Ø³Ø· Ù…Ø§Ø±Ú¤ ØŒØªØ§ÙÙ‡ØŒÚ¤Ø¯ÙŠÙ…ØŒÙ‚Ø¨ÙŠØ­ØŒ Ù…Ø§ ÙŠØ¹Ø¬Ø¨Ù†ÙŠØ´ Ø¬Ù…Ù„Ø©,0,"7 dÃ©cembre, 21:14",https://www.facebook.com/AttessiaTV/videos/733419516851803/
ÙØ¯Ø¯ØªÙˆÙ†   Ø¨Ø±Ø§Ù…Ø¬ÙƒÙ…    Ø§Ù„ØªØ§ÙÙ‡,0,"7 dÃ©cembre, 21:14",https://www.facebook.com/AttessiaTV/videos/733419516851803/
Ù†Ø§Ù‚Øµ ÙƒØ§Ù† Ù‡Ø°Ø§ Ø®Ù…Ø¬ ÙˆØ³Ø® Ù‚Ù„Ø© ØªØ±Ø¨ÙŠØ© Ù‚Ù„Ø© Ø­ÙŠØ§Ø¡,0,"7 dÃ©cembre, 21:14",https://www.facebook.com/AttessiaTV/videos/733419516851803/
ÙŠØ§ ØªØ§ÙÙ‡,0,"7 dÃ©cembre, 21:14",https://www.facebook.com/AttessiaTV/videos/733419516851803/
Ø²Ø§ÙŠØ¯ ÙŠØ§ØªØ§ÙÙ‡ ÙŠØ§Ù…Ø³Ø®,0,"7 dÃ©cembre, 21:14",https://www.facebook.com/AttessiaTV/videos/733419516851803/
mamst bouk walahi tbaki,0,"7 dÃ©cembre, 21:14",https://www.facebook.com/AttessiaTV/videos/733419516851803/
Ø¹Ù…Ù„Øª Ø§Ù„Ø¹Ø§Ø± ÙŠØ§ *** Ù†Ù‡Ø§Ø± ÙƒØ§Ù…Ù„ Ø´Ø¯ÙˆØ¬ÙˆÙ‡ØªØ§,0,"7 dÃ©cembre, 21:14",https://www.facebook.com/AttessiaTV/videos/733419516851803/
Ù…Ù„Ø§ ÙƒÙ„ÙˆÙ†,0,"7 dÃ©cembre, 21:14",https://www.facebook.com/AttessiaTV/videos/733419516851803/
Ø®Ø§Ù…Ø¬ ÙˆØ±Ù‚Ø¹Ø© Ù„Ø¹Ù†Ø© Ø§Ù„Ù„Ù‡ Ø¹Ù„ÙŠÙƒ,0,"7 dÃ©cembre, 21:14",https://www.facebook.com/AttessiaTV/videos/733419516851803/
ÙˆØ­Ø¯Ùƒ ÙŠØ§ Ù„Ø·ÙÙŠ,0,"7 dÃ©cembre, 21:14",https://www.facebook.com/AttessiaTV/videos/733419516851803/
Ma5ibek ou mamastik tfouh a3lik,0,"7 dÃ©cembre, 21:14",https://www.facebook.com/AttessiaTV/videos/733419516851803/
Ù…Ù„Ø§ Ø§Ù…Ø³Ø®,0,"7 dÃ©cembre, 21:14",https://www.facebook.com/AttessiaTV/videos/733419516851803/
Ø±Ø¨ÙŠ  Ù…Ø¹ÙŠÙƒ ÙˆØµÙ„ ğŸ¤—ğŸ¤”,0,"7 dÃ©cembre, 21:14",https://www.facebook.com/AttessiaTV/videos/733419516851803/
MASTA LASTA,0,"7 dÃ©cembre, 21:14",https://www.facebook.com/AttessiaTV/videos/733419516851803/
maset lasett i3ateff,0,"7 dÃ©cembre, 21:14",https://www.facebook.com/AttessiaTV/videos/733419516851803/
Ø®ØªÙŠÙƒ Ø¨Ø± Ø§Ù„Ø¹Ø¨ Ù‚Ø¯Ù… Ø¯Ø±ÙƒÙ…,0,"7 dÃ©cembre, 21:14",https://www.facebook.com/AttessiaTV/videos/733419516851803/
Ù†Ø§Ù‚ØµÙŠÙ† Ø²Ø¨Ù„Ø© ÙÙŠ ØªÙ„Ø§ÙØ²Ù†Ø§ Ø­ØªÙ‰ ÙŠØ²ÙŠØ¯ Ø§ÙŠØ¬ÙŠÙ†Ø§ Ù‡Ø§Ù„Ø®Ø§Ù…Ø¬,0,"7 dÃ©cembre, 21:14",https://www.facebook.com/AttessiaTV/videos/733419516851803/
Lotfi zÃ©ro a gauche zÃ©ro a droite emission ZBALA,0,"7 dÃ©cembre, 21:14",https://www.facebook.com/AttessiaTV/videos/733419516851803/
ØªØ¨Ø¹ Ø¬Ø§Ø±Ùƒ ÙˆÙ„Ø§ Ø¨Ø¯Ù„ Ø¨Ø§Ø¨ Ø¯Ø§Ø±Ùƒ ØŒ Ø§Ù†Ø¹Ø¯Ø§Ù… Ø§Ù„Ø§ÙÙƒØ§Ø± .,0,"7 dÃ©cembre, 21:14",https://www.facebook.com/AttessiaTV/videos/733419516851803/
A9sm belh akbr kar8a mta3dha7k fe touns,0,"7 dÃ©cembre, 21:14",https://www.facebook.com/AttessiaTV/videos/733419516851803/
Ù‚Ø¯Ø§Ø´ ØªØ¬ÙŠØ§Ø¨Ùˆ ÙŠØ­ÙŠÙˆØ§Ù†Øª,0,"7 dÃ©cembre, 21:14",https://www.facebook.com/AttessiaTV/videos/733419516851803/
Ù…Ù„Ø§ Ø¥Ø¨Ø¯Ø§Ø¹,0,"7 dÃ©cembre, 21:14",https://www.facebook.com/AttessiaTV/videos/733419516851803/
Ø§Ù…Ø§ ÙŠÙ†ØªØ¹Ù„Ø§ Ø¹Ù„ÙŠÙƒ ÙƒØ§Ù† ØªØ¬ÙŠ Ø±Ø§Ø¬Ù„,0,"7 dÃ©cembre, 21:14",https://www.facebook.com/AttessiaTV/videos/733419516851803/
"Lofi akhtak matji can comedien 
Tanchit khaik",0,"7 dÃ©cembre, 21:14",https://www.facebook.com/AttessiaTV/videos/733419516851803/
Mamsett ***  ***,0,"7 dÃ©cembre, 21:14",https://www.facebook.com/AttessiaTV/videos/733419516851803/
ÙˆÙŠÙ† ÙƒØ§Ù† Ù…ØªØ®Ø¨ÙŠ Ù‡Ù„Ù…Ø§ØµØª,0,"7 dÃ©cembre, 21:14",https://www.facebook.com/AttessiaTV/videos/733419516851803/
Tanchit khatik,0,"7 dÃ©cembre, 21:14",https://www.facebook.com/AttessiaTV/videos/733419516851803/
Gidakich maset pffffffffff,0,"7 dÃ©cembre, 21:14",https://www.facebook.com/AttessiaTV/videos/733419516851803/
Barnemej fachel ğŸ‘ğŸ‘ğŸ‘,0,"7 dÃ©cembre, 21:14",https://www.facebook.com/AttessiaTV/videos/733419516851803/
Yezi men **** w traba ****,0,"7 dÃ©cembre, 21:14",https://www.facebook.com/AttessiaTV/videos/733419516851803/
3maltou el 3ar **** ***,0,"7 dÃ©cembre, 21:14",https://www.facebook.com/AttessiaTV/videos/733419516851803/
Masset,0,"7 dÃ©cembre, 21:14",https://www.facebook.com/AttessiaTV/videos/733419516851803/
Ø£ÙˆØ¨Ø§Ø´,0,"7 dÃ©cembre, 21:14",https://www.facebook.com/AttessiaTV/videos/733419516851803/
Ø§Ù„Ù„Ù‡ ÙŠÙ‡Ù„Ùƒ ÙŠØ§ÙƒÙ„Ø¨,0,"7 dÃ©cembre, 21:14",https://www.facebook.com/AttessiaTV/videos/733419516851803/
Ya masa5,0,"7 dÃ©cembre, 21:14",https://www.facebook.com/AttessiaTV/videos/733419516851803/
7ØµÙ†Ø§ÙŠØ¹ ÙˆØ§Ù„Ø¨Ø®Ø© Ù…Ø§Ù‡ÙˆØ´ Ø¶Ø§ÙŠØ¹ .ØºÙˆØµ ØºÙˆØµ,0,"7 dÃ©cembre, 21:14",https://www.facebook.com/AttessiaTV/videos/733419516851803/
bera/****,0,"7 dÃ©cembre, 21:14",https://www.facebook.com/AttessiaTV/videos/733419516851803/
Ù†Ø­ÙŠØ± Ù Ø§Ù„Ø¹Ø¨Ø§Ø¯ Ø§Ù„Ù„ÙŠ ØªØªÙØ±Ø¬ Ø¹Ù„Ù‰ Ù‡Ø§Ø° Ø§Ù„ØªØ§ÙÙ‡,0,"7 dÃ©cembre, 21:14",https://www.facebook.com/AttessiaTV/videos/733419516851803/
tefeha,0,"7 dÃ©cembre, 21:14",https://www.facebook.com/AttessiaTV/videos/733419516851803/
Mamstou,0,"7 dÃ©cembre, 21:14",https://www.facebook.com/AttessiaTV/videos/733419516851803/
3lech essabben !!!!!!,0,"7 dÃ©cembre, 21:14",https://www.facebook.com/AttessiaTV/videos/733419516851803/
Ø£ÙˆØ³Ø® Ùˆ Ø£Ø­Ù‚Ø± Ù…Ù† Ù‡Ø§ Ø§Ù„Ø¥Ø¹Ù„Ø§Ù… Ù…Ø§ Ø±ÙŠØªØ´,0,"7 dÃ©cembre, 21:14",https://www.facebook.com/AttessiaTV/videos/733419516851803/
Ù…ØªØ¬Ù…Ø´ ØªÙˆÙ„ÙŠ ÙƒÙŠÙ Ù†ÙˆÙÙ„ Ø§Ù„ÙˆØ±ØªØ§Ù†ÙŠ Ù‚Ø¯ Ù…ØªØ¹Ù…Ù„ Ø¬Ù‡Ø¯Ùƒ         Ø¥Ù†Øª ØªØµÙ„Ø­ ÙƒØ§Ù† Ù…Ù…Ø«Ù„ Ù…ÙˆØ´ Ù…Ù†Ø´Ø·,0,"7 dÃ©cembre, 21:14",https://www.facebook.com/AttessiaTV/videos/733419516851803/
Karou yib3id w yifhim ro7ou molli tardouh fil Maroc,0,"7 dÃ©cembre, 21:14",https://www.facebook.com/AttessiaTV/videos/733419516851803/
ÙˆØ§Ù„Ù„Ù‡.ØªÙØ±Ø¬Øª.ÙÙŠÙ‡.Ù„Ù‚Ø·Ø©.Ø§Ù„Ø¨Ø±Ù†Ø§Ù…Ø¬.ÙˆØ§Ù„Ù„Ù‡.Ù„Ø§.Ø¬Ø§Ø´ÙŠ,0,"7 dÃ©cembre, 21:14",https://www.facebook.com/AttessiaTV/videos/733419516851803/
kolkm bgar  mela wa7da,0,"7 dÃ©cembre, 21:14",https://www.facebook.com/AttessiaTV/videos/733419516851803/
ÙƒÙ„ Ø§Ù†Ø³Ø§Ù† Ùˆ Ù…Ø³ØªÙˆØ§Ù‡ Ø®Ø§Ø·ÙŠÙƒ Ø§Ù„ØªÙ†Ø´ÙŠØ· ! Ø¨Ø¯ÙˆÙ† ØªØ¹Ù„ÙŠÙ‚ ğŸ˜‚,0,"7 dÃ©cembre, 21:14",https://www.facebook.com/AttessiaTV/videos/733419516851803/
beerasmi doumaj achnawa heda,0,"7 dÃ©cembre, 21:14",https://www.facebook.com/AttessiaTV/videos/733419516851803/
Ø¨Ø±Ù†Ø§Ù…Ø¬ ØªØ§ÙÙ‡  ÙƒØ§ Ø±ÙŠØ§Ø± Ø·ÙˆÙŠÙ„ Ù…Ø´ ÙŠØ·ÙŠØ­ ÙÙŠ Ø§Ù„Ù…Ø§Ø¡,0,"7 dÃ©cembre, 21:14",https://www.facebook.com/AttessiaTV/videos/733419516851803/
Ø§Ø¹ÙÙ† Ø´Ø®Øµ ÙÙŠ Ø§Ù„Ø¹Ø§Ù„Ù…,0,"7 dÃ©cembre, 21:14",https://www.facebook.com/AttessiaTV/videos/733419516851803/
La3natou alahi 3alayka,0,"7 dÃ©cembre, 21:14",https://www.facebook.com/AttessiaTV/videos/733419516851803/
Ù…ÙˆØ³Ø¹ Ø¨Ø§Ù„ÙƒÙ…,0,"7 dÃ©cembre, 21:14",https://www.facebook.com/AttessiaTV/videos/733419516851803/
MasÃ©t ğŸ˜‘,0,"7 dÃ©cembre, 21:14",https://www.facebook.com/AttessiaTV/videos/733419516851803/
mala **** .,0,"7 dÃ©cembre, 21:14",https://www.facebook.com/AttessiaTV/videos/733419516851803/
Masette lassette,0,"7 dÃ©cembre, 21:14",https://www.facebook.com/AttessiaTV/videos/733419516851803/
ÙŠØ³Ø®ÙÙ†ÙŠ Ø­Ø§Ù„Ùƒ,0,"7 dÃ©cembre, 21:14",https://www.facebook.com/AttessiaTV/videos/733419516851803/
5ih 5ih 5ih chnkrhu,0,"7 dÃ©cembre, 21:14",https://www.facebook.com/AttessiaTV/videos/733419516851803/
Bara rabi im3ak,0,"7 dÃ©cembre, 21:14",https://www.facebook.com/AttessiaTV/videos/733419516851803/
Mamestek pffffff,0,"7 dÃ©cembre, 21:14",https://www.facebook.com/AttessiaTV/videos/733419516851803/
FAchellllll,0,"7 dÃ©cembre, 21:14",https://www.facebook.com/AttessiaTV/videos/733419516851803/
Ù…ØªÙÙ‡Ùƒ ÙˆØ§Ù„Ù„Ù‡,0,"7 dÃ©cembre, 21:14",https://www.facebook.com/AttessiaTV/videos/733419516851803/
ÙƒÙŠÙ Ø³Ù†Ø­Ø±Ø± Ø§Ù„Ù‚Ø¯Ø³ Ø¨Ù‡Ø°Ø§,0,"7 dÃ©cembre, 21:14",https://www.facebook.com/AttessiaTV/videos/733419516851803/
Ø²Ø§ÙŠØ¯ Ø§Ù„ØªØ§ÙÙ‡ ÙŠÙ‚Ø¹Ø¯ Ø·ÙˆÙ„ Ø¹Ù…Ø±Ùˆ ØªØ§ÙÙ‡,0,"7 dÃ©cembre, 21:14",https://www.facebook.com/AttessiaTV/videos/733419516851803/
Kiiiiiiiiiiiiiiiiittttt makybo ğŸ˜·,0,"7 dÃ©cembre, 21:14",https://www.facebook.com/AttessiaTV/videos/733419516851803/
Nn,0,"7 dÃ©cembre, 21:14",https://www.facebook.com/AttessiaTV/videos/733419516851803/
Ø¹Ù…ÙŠÙ„,0,"7 dÃ©cembre, 21:14",https://www.facebook.com/AttessiaTV/videos/733419516851803/
zerooooooooooooooo lotfiii,0,"7 dÃ©cembre, 21:14",https://www.facebook.com/AttessiaTV/videos/733419516851803/
ØªØ§ÙÙ‡,0,"7 dÃ©cembre, 21:14",https://www.facebook.com/AttessiaTV/videos/733419516851803/
ekhit 3alik mamstekkkkkkkkkkkkkkkkkkkkk,0,"7 dÃ©cembre, 21:14",https://www.facebook.com/AttessiaTV/videos/733419516851803/
Ø¨Ø±Ù†Ø§Ù…Ø¬ Ù…Ø­Ø§Ø¨Ø§Øª Ø¬Ø§Ø¨ ÙƒÙ„Ø§ÙŠ  ÙˆÙ„Ø¯ Ø­ÙˆÙ…ØªÙˆ Ø¨Ø§Ø´ ÙŠØ±Ø¬Ø¹Ù„Ùˆ Ø§Ù„Ø¡Ø´Ø¹Ø§Ø¹ Ø¨Ø¹Ø¯Ù…Ø§ ÙƒÙ„ÙŠ ÙƒØ¨ÙˆØ·ğŸ˜ˆ,0,"7 dÃ©cembre, 21:14",https://www.facebook.com/AttessiaTV/videos/733419516851803/
ÙˆÙŠÙ†ÙƒÙ… Ø§ÙŠØ§Ù… Ø§Ù„Ø·Ø±Ø§Ø¨Ù„Ø³ÙŠØ© ÙŠØ§ Ù‚Ø±ÙˆØ¯Ø©Ø§Ù„Ø³ÙŠØ±Ùƒ,0,"7 dÃ©cembre, 21:14",https://www.facebook.com/AttessiaTV/videos/733419516851803/
Barra ya **** lem5ayer fik wallah ****,0,"7 dÃ©cembre, 21:14",https://www.facebook.com/AttessiaTV/videos/733419516851803/
chnouwa ejdid elli jebou lotfi 3ebdelli walla nawfal bkolhom sorre9,0,"7 dÃ©cembre, 21:14",https://www.facebook.com/AttessiaTV/videos/733419516851803/
Matnajmouch tamlo haja min gir arak,0,"7 dÃ©cembre, 21:14",https://www.facebook.com/AttessiaTV/videos/733419516851803/
Ø§Ù…Ø³Ø· Ù…Ø®Ù„ÙˆÙ‚ Ø¹Ù„ÙŠ ÙˆØ¬Ù‡ Ø§Ù„Ø§Ø±Ø¶,0,"7 dÃ©cembre, 21:14",https://www.facebook.com/AttessiaTV/videos/733419516851803/
Tfouh 3lik w3ala barnemjek,0,"7 dÃ©cembre, 21:14",https://www.facebook.com/AttessiaTV/videos/733419516851803/
Ø§Ù„ØºØ´Ø© ÙˆØ§Ù„Ù‚Ø¨Ø§Ø­Ø© Ù…ÙŠØ´ Ù…ØªØ§Ø¹ ØªÙ„ÙØ²Ø©!!!,0,"7 dÃ©cembre, 21:14",https://www.facebook.com/AttessiaTV/videos/733419516851803/
ÙƒÙ„Ø§Ù… Ø¨Ø°ÙŠØ¡ Ø§Ø²Ø¯Ø§Ø¯ ÙˆØ§Ø­Ø¯ Ù…Ù† Ø§Ù„Ù…Ù‚Ø¯Ù…ÙŠÙ… Ø§Ù„Ù…ÙØ³Ø¯ÙŠÙ† Ù„Ø§Ø®Ù„Ø§Ù‚ Ø§Ù„Ø´Ø¨Ø§Ø¨,0,"7 dÃ©cembre, 21:14",https://www.facebook.com/AttessiaTV/videos/733419516851803/
ach mhazina nitfarjou fih ... ya5i na9sin marij... mahzla,0,"7 dÃ©cembre, 21:14",https://www.facebook.com/AttessiaTV/videos/733419516851803/
Ù…Ù„Ø§ *** Ùˆ**** ÙˆØ§Ù„ÙŠ Ø§Ø¹Ø¯ÙŠ ÙÙŠÙ‡ ***** Ø§ÙƒØ«Ø± Ù…Ù†Ùˆ,0,"7 dÃ©cembre, 21:14",https://www.facebook.com/AttessiaTV/videos/733419516851803/
Maset ma3jabtnich,0,"7 dÃ©cembre, 21:14",https://www.facebook.com/AttessiaTV/videos/733419516851803/
Mon7att y'a sefil ech kthirto,0,"7 dÃ©cembre, 21:14",https://www.facebook.com/AttessiaTV/videos/733419516851803/
Quel honte !!!,0,"7 dÃ©cembre, 21:14",https://www.facebook.com/AttessiaTV/videos/733419516851803/
Rak maset laset,0,"7 dÃ©cembre, 21:14",https://www.facebook.com/AttessiaTV/videos/733419516851803/
Ø®Ø§Ù…Ø¬ Ùˆ Ù…Ø³Ø®,0,"7 dÃ©cembre, 21:14",https://www.facebook.com/AttessiaTV/videos/733419516851803/
Ø§Ù‡Ù„Ø§ Ø¨Ø§ÙƒØ¨Ø± ØªØ§ÙÙ‡,0,"7 dÃ©cembre, 21:14",https://www.facebook.com/AttessiaTV/videos/733419516851803/
Mamstou,0,"7 dÃ©cembre, 21:14",https://www.facebook.com/AttessiaTV/videos/733419516851803/
marÃ©g,0,"7 dÃ©cembre, 21:14",https://www.facebook.com/AttessiaTV/videos/733419516851803/
Ã‡a est degoutant,0,"7 dÃ©cembre, 21:14",https://www.facebook.com/AttessiaTV/videos/733419516851803/
Fechel,0,"7 dÃ©cembre, 21:14",https://www.facebook.com/AttessiaTV/videos/733419516851803/
Asyadek fi top ya flop,0,"7 dÃ©cembre, 21:14",https://www.facebook.com/AttessiaTV/videos/733419516851803/
Ya *** yalotfi baramej mat3 ****,0,"7 dÃ©cembre, 21:14",https://www.facebook.com/AttessiaTV/videos/733419516851803/
moumel wjehel meskin,0,"7 dÃ©cembre, 21:14",https://www.facebook.com/AttessiaTV/videos/733419516851803/
Tafeh com tjs !!,0,"7 dÃ©cembre, 21:14",https://www.facebook.com/AttessiaTV/videos/733419516851803/
Tfou,0,"7 dÃ©cembre, 21:14",https://www.facebook.com/AttessiaTV/videos/733419516851803/
ÙƒÙ„Ø¨,0,"7 dÃ©cembre, 21:14",https://www.facebook.com/AttessiaTV/videos/733419516851803/
Ø²Ø§ÙŠØ¯ Ø§Ø¹Ù„Ø§Ù… Ø§Ù„Ø¹Ø§Ø±,0,"7 dÃ©cembre, 21:14",https://www.facebook.com/AttessiaTV/videos/733419516851803/
Tafahhhhhhhhhhhha,0,"7 dÃ©cembre, 21:14",https://www.facebook.com/AttessiaTV/videos/733419516851803/
Bilel Bilel 9otlk masrou9a,0,"7 dÃ©cembre, 21:14",https://www.facebook.com/AttessiaTV/videos/733419516851803/
Ù…Ø§ Ø§Ø³Ø®Ù Ø§Ù„Ø¨Ø±Ø§Ù…Ø¬ Ø§Ù„ØªÙˆÙ†Ø³ÙŠØ© !,0,"7 dÃ©cembre, 21:14",https://www.facebook.com/AttessiaTV/videos/733419516851803/
Ù…Ø³ÙƒÙŠÙ†Ø© ØªÙˆÙ†Ø³,0,"7 dÃ©cembre, 21:14",https://www.facebook.com/AttessiaTV/videos/733419516851803/
chbihom bel ma9loub les parties ??? hhhhhh tekmel parti 2 terja3 parti 1 ??? hhhhhhhh sal7oha yeziw mel bhema :D hhhhhhhh<br />RÃ‰PONDRE,0," Dec 7, 2017",https://www.youtube.com/watch?v=Los24EL7f5w
cadrage 5ayeb barcha,0," Dec 7, 2017",https://www.youtube.com/watch?v=Los24EL7f5w
"Lotfi ekhdem a la rouhek w matejbedch siyedek kol wehed ya3ref ,9adrou semi fehri m3almm w yab9a m3alemmmmm t7essou Hatta kif yahki classe w inti t3ayet w tgoul fiklem maset w 9bi7 w fibelk 9be7tek dhmar BN chance",0," Dec 7, 2017",https://www.youtube.com/watch?v=Los24EL7f5w
chbihom bel ma9loub les parties ??? hhhhhh tekmel parti 2 terja3 parti 1 ??? hhhhhhhh sal7oha yeziw mel bhema :D hhhhhhhh<br />RÃ‰PONDRE,0," Dec 7, 2017",https://www.youtube.com/watch?v=lfltwD7QQHA
cadrage 5ayeb barcha,0," Dec 7, 2017",https://www.youtube.com/watch?v=lfltwD7QQHA
"Lotfi ekhdem a la rouhek w matejbedch siyedek kol wehed ya3ref ,9adrou semi fehri m3almm w yab9a m3alemmmmm t7essou Hatta kif yahki classe w inti t3ayet w tgoul fiklem maset w 9bi7 w fibelk 9be7tek dhmar BN chance",0," Dec 7, 2017",https://www.youtube.com/watch?v=lfltwD7QQHA
kamcha jahala w jbour w sat7eyin y3andou fi rajel mtha9ef mseken wlh ydha7kou,0," Dec 7, 2017",https://www.youtube.com/watch?v=tj0O6enSIFw&t=1328s
Ù„Ø·ÙÙŠ Ø§Ù„Ù„Ø¬Ù…ÙŠ ÙƒÙ„Ø§Ù…Ùˆ ØµØ­ÙŠØ­ Ø§Ù†Ø³Ø§Ù† Ù…ØªØ«Ù‚Ù ÙˆÙ†ØªÙˆÙ…Ø§ ØªÙÙ‡ØªÙˆÙ‡ Ø¹Ù„Ø§Ù„Ø§Ù„Ø§Ù„Ø§Ø´,0," Dec 7, 2017",https://www.youtube.com/watch?v=tj0O6enSIFw&t=1328s
9lik tmaya3 gel hesa mte3ik vraiment awel mara nasma3 jamel mettha9ef klemou shoah ama entouma tafahtouh,0," Dec 7, 2017",https://www.youtube.com/watch?v=tj0O6enSIFw&t=1328s
Ø§Ù„Ø¶Ùˆ Ù†Ø§Ù‚Øµ Ø¨Ø±Ø´Ø§Ø§Ø§Ø§Ø§Ø§Ø§,0," Dec 7, 2017",https://www.youtube.com/watch?v=tj0O6enSIFw&t=1328s
Ø§Ù„Ù…Ù…Ø«Ù„ÙŠÙ† Ø§Ù„ØªÙˆØ§Ù†Ø³Ø© Ø¹Ø§Ù…Ù„ÙŠÙ† ÙÙŠÙ‡Ø§ Ù…Ø«Ù‚ÙÙŠÙ† ÙˆÙ‡ÙˆÙ…Ø§ ÙƒÙ„Ù…ØªÙŠÙ† Ø¨Ø§Ù„Ø¹Ø±Ø¨ÙŠ Ù…Ø§ ÙŠØ·ÙŠÙ‚ÙˆÙ‡Ù…Ø´ . Ø¬Ù…Ø§Ù„ Ø§Ù„Ù…Ø¯Ù†ÙŠ ÙŠØªÙƒÙ„Ù… ÙˆÙ‡ÙˆÙ…Ø§ ÙŠØ´Ø¹Ù„Ùˆ ÙÙŠÙ‡ !!!,0," Dec 7, 2017",https://www.youtube.com/watch?v=tj0O6enSIFw&t=1328s
**** Ø¹Ù„ÙŠ Ø¬Ù…Ø§Ù„ ....2****,0," Dec 7, 2017",https://www.youtube.com/watch?v=tj0O6enSIFw&t=1328s
chbihom bel ma9loub les parties ??? hhhhhh tekmel parti 2 terja3 parti 1 ??? hhhhhhhh sal7oha yeziw mel bhema :D hhhhhhhh<br />RÃ‰PONDRE,0," Dec 7, 2017",https://www.youtube.com/watch?v=1THCXliVBRU
majdouline echarni lazem ettir mil wzara errajel charref el blad w hya mtaffya el dhaw etfoooouh 3la wazira kif hekka,0," Dec 7, 2017",https://www.youtube.com/watch?v=1THCXliVBRU
andhom el hak i3atoulekch hachamtouna ou **** el bled,0," Dec 7, 2017",https://www.youtube.com/watch?v=1THCXliVBRU
ØªØ¬ÙŠØ¨Ùˆ ÙƒØ§Ù† ÙÙŠ ÙˆÙ„Ø§Ø¯ Ø§Ù„Ø¹Ø§ØµÙ…Ø© Ùˆ Ø­Ø§Ù‚Ø±ÙŠÙ† ÙˆÙ„Ø§Ø¯ Ø§Ù„Ø¬Ù†ÙˆØ¨ Ù‡Ø§Ùˆ Ø¹Ù†Ø¯Ù†Ø§ Ø¨Ø§Ø¯Ø± Ø´Ø§Ù…Ø® Ùˆ Ø¹Ø§Ù† Ø¨Ø±Ø´Ø§ Ø¨Ø±Ø´Ø§ ÙˆØ§ØµÙ„ÙŠÙ†,0," Dec 7, 2017",https://www.youtube.com/watch?v=1THCXliVBRU
Ù…ÙƒÙ†ØªØ´ Ù†Ø­Ø³Ø¨ Ø¨Ù„ÙŠ Ø®Ø§ÙˆØªÙ†Ø§ ØªÙˆØ§Ù†Ø³Ø§ Ø§ÙƒØ±Ù…Ùˆ Ø§Ù„Ø¯ÙˆØ§Ø¹Ø´ *** **** Ø±Ø§Ø­Øª **** *** Ø§Ù„Ø¹Ø±Ø¨ ****,0," Dec 7, 2017",https://www.youtube.com/watch?v=1THCXliVBRU
ÙƒØ§Ù† Ø§Ù„Ø´Ø¹Ø± Ø¹Ù†Ø¯Ùˆ Ù‚Ø¯Ø± Ù…Ø§ ÙŠÙ†Ø¨Øª ÙÙŠ Ø§Ù„ÙƒØ±,0," Dec 7, 2017",https://www.youtube.com/watch?v=1THCXliVBRU
imna9lino 3la labes 100 bel 100,0," Dec 7, 2017",https://www.youtube.com/watch?v=1THCXliVBRU
Na7i weldin omha lahya yekhi teskhayb ki taaml lahya yaani enti moslem akther mena ? Mala ri9 mode jdida baad. El thawra,0," Dec 7, 2017",https://www.youtube.com/watch?v=1THCXliVBRU
barnemej kolou m9aled 3ala &quot;the tonight show ta3 Jimmy fallon,0," Dec 14, 2017",https://www.youtube.com/watch?v=7o_JogolYt4
ÙŠØ§ Ø±Ø¨ÙŠ Ù†Ø§Ù‚ØµÙŠÙ† Ù…Ø³Ø§Ø·Ù‡ Ø§Ø­Ù†Ø§,0," Dec 14, 2017",https://www.youtube.com/watch?v=7o_JogolYt4
sorrek mta3 wi4ni labes ahsin,0," Dec 14, 2017",https://www.youtube.com/watch?v=7o_JogolYt4
yesserrrrr syeeee7 yesserrrr raaaaaaaaassiiiiiiiiiiii,0," Dec 14, 2017",https://www.youtube.com/watch?v=7o_JogolYt4
fama moshklaa mtaaa3 timing o planning theseha pourtant ynajem ikoun el wakeet 9add el baramej lokhrin ama sou2 esteghlelou ykhali el barnemej maset o mafihesh 3onsor taachwiik o yodhhor twwil barsha lin nes tfed  breievement lotfi el abdellii thesou wahdou hezz el barnemej mafamesh barsha mouharkiin,0," Dec 14, 2017",https://www.youtube.com/watch?v=P2ekhWb3rG8
Ø¹Ù„Ø§Ø´ Ø§Ø§ÙƒØ§Ø±Ø§ÙØ§Øª Ùˆ Ø®Ø§Ù†Ù‚ Ø±ÙˆØ­Ùƒ..Ø§Ù„Ø¨Ø³ Ù†ÙˆØ±Ù…Ø§Ù„ ..,0," Dec 14, 2017",https://www.youtube.com/watch?v=P2ekhWb3rG8
ÙŠØ§Ø³Ø± ØªÙ‚Øµ Ø¹Ù„Ù‰ Ø§Ù„Ø¹Ø¨Ø§Ø¯ ÙƒÙŠ ÙŠØ­ÙƒÙŠÙˆ Ù„Ø·ÙÙŠ <br />Ø§Ø³Ù…Ø¹Ù‡Ù… Ø®Ù„ÙŠ ÙŠÙƒÙ…Ù„Ùˆ ÙƒÙ„Ø§Ù…Ù‡Ù… ØµØ§Ø­Ø¨ÙŠ,0," Dec 14, 2017",https://www.youtube.com/watch?v=P2ekhWb3rG8
ØªÙˆÙ†Ø³ ÙÙ‡Ø§ Ø®ÙˆÙ†Ø© Ø¨Ø±Ø´ Ø¨Ø±Ø´ Ø±Ø¨ÙŠ ÙŠØ³ØªØ±,0," Dec 14, 2017",https://www.youtube.com/watch?v=P2ekhWb3rG8
Ø§Ù„Ù…ÙˆÙ†ØªØ§Ø¬ Ø·Ø§Ø­ Ø¹Ù„Ù‰ Ø§Ù„Ø­Ù„Ù‚Ù‡ Ø§Ù„Ø§ÙˆÙ„Ù‰,0," Dec 14, 2017",https://www.youtube.com/watch?v=P2ekhWb3rG8
C&#39;est dommage de ramener un aussi grand intellectuel et Ã©crivain pour ne parler de rien de profond... une perte de temps pour un grand homme comme abdelaziz! Abdelli lezmek barcha khedma,0," Dec 14, 2017",https://www.youtube.com/watch?v=P2ekhWb3rG8
Wtfff !!!,0," Dec 14, 2017",https://www.youtube.com/watch?v=P2ekhWb3rG8
fama bruit de fond inarvez,0," Dec 14, 2017",https://www.youtube.com/watch?v=P2ekhWb3rG8
publicitÃ© l 7ezb carthage :p,0," Dec 14, 2017",https://www.youtube.com/watch?v=P2ekhWb3rG8
