id,comment_text,category, source_url,date
Ugy07el6R3q9GvJIHoB4AaABAg,Ø±Ø¬Ø¹ Ø¨Ù‚ÙˆØ© ğŸ˜˜ğŸ˜šğŸ˜š,positive,https://www.youtube.com/watch?v=HKcB2SXWnws&t=3s,6 months ago
UgxwL_Nmhz4gg2Zifot4AaABAg,Ù…Ø³Ù„Ø³Ù„ Ø­Ù„Ùˆ Ø¨Ø±Ø´Ø©,positive,https://www.youtube.com/watch?v=HKcB2SXWnws&t=3s,6 months ago
UgyDLLhJHsoHYqVa46N4AaABAg,ÙˆØ­Ø¯Ùƒ ÙˆØ­Ø¯Ùƒ ÙŠØ§ Ø¨ÙŠØ±ÙˆÙ… Ø§Ù„Ø£Ù†ÙŠÙ‚ğŸ˜˜ğŸ˜˜ğŸ˜˜ğŸ˜˜,positive,https://www.youtube.com/watch?v=HKcB2SXWnws&t=3s,6 months ago
UgzAl6Gy29q7X4LkppZ4AaABAg,bravoooooooo,positive,https://www.youtube.com/watch?v=HKcB2SXWnws&t=3s,6 months ago
UggFP3x7SK0uWHgCoAEC,abonnÃ© toi c'est  moi qu'il la cree,positive,https://www.youtube.com/watch?v=HKcB2SXWnws&t=3s,5 months ago
UghcTDt9LAPiNXgCoAEC,ØªØ­ÙŠØ§. Ù†Ø§Ø³ ØªÙˆÙ†Ø³. ÙˆÙŠÙ† Ù…Ø§ ÙƒÙˆÙ†Ùˆ. ÙˆÙŠØ­ÙŠØ§. Ø§ÙˆÙ„Ø§Ø¯ Ù…ÙÙŠØ¯Ø© Ù‡Ù‡Ù‡Ù‡Ù‡Ù‡Ù‡Ù‡Ù‡ Ø¨ÙŠØ±Ù…ğŸ˜ Ø¨Ø¯Ø±ğŸ˜ Ø§Ø¨Ø±Ø§Ù‡ÙŠÙ…ğŸ˜#Ø¹Ù†Ø§Ø¨ÙŠØ©ğŸ’,positive,https://www.youtube.com/watch?v=HKcB2SXWnws&t=3s,5 months ago
UgiKTAHLpq8G1HgCoAEC,Ù‚Ø§Ù„Ù„Ù‡Ø§ ØªØ­Ø¨ Ø¨ÙŠØ¨ÙŠ Ø§Ø®Ø±ØŸ 2sec ØªØ·Ù„Ø¹Øª Ø­Ø¨Ù„Ø© 2 sec ÙˆÙ„Ø¯Øª Ù‡Ù‡Ù‡Ø¹ Ù‚ÙˆØª Ø§Ø®Ø±Ø§Ø¬,positive,https://www.youtube.com/watch?v=HKcB2SXWnws&t=3s,5 months ago
UgieVYKTsdmAfHgCoAEC,Ø·ÙŠÙŠÙŠÙŠÙŠÙŠØ¨ ğŸ˜‚ğŸ˜‚ğŸ˜‚ğŸ˜‚ğŸ˜‚ğŸ˜ğŸ˜‚ğŸ˜‚ğŸ˜‚ğŸ‰ğŸ˜ğŸ˜ğŸ˜ğŸ˜ğŸ˜ğŸ˜‚ğŸ˜‚ğŸ‰ğŸ‰ğŸ˜‚ğŸ˜ğŸ˜ğŸ˜ğŸ˜ğŸ˜ğŸ˜ğŸ˜ğŸ˜ğŸ‰ğŸ‰ğŸ‰,positive,https://www.youtube.com/watch?v=HKcB2SXWnws&t=3s,5 months ago
UgiA-yuCO7U00ngCoAEC,Ø´Ù‡Ø± Ø±Ù…Ø¶Ø§Ù† Ø´Ù‡Ø± Ù…Ø¨Ø§Ø±Ùƒ ÙˆÙ‡Ù„ Ø§Ù„Ù…Ø³Ù„Ø³Ù„ ÙÙŠÙ‡ ÙƒØ§Ù† Ø§Ù„ÙƒÙ„Ø§Ù… Ø§Ù„Ø²ÙŠØ¯  Ø¥Ø­Ø´Ù…ÙˆØ§ Ø¹Ù„Ù‰ Ø±ÙˆØ­ÙƒÙ…,positive,https://www.youtube.com/watch?v=HKcB2SXWnws&t=3s,5 months ago
UgiodHWTyW-3-HgCoAEC,bayrem maynajemch i3ich manghir machekel malla khra w go3r w tassa ya3tih hamm 3ala rassou likhra hedha,positive,https://www.youtube.com/watch?v=HKcB2SXWnws&t=3s,5 months ago
Uggmcb4uJ30WhXgCoAEC,7al9a behya barcha daloula,positive,https://www.youtube.com/watch?v=HKcB2SXWnws&t=3s,5 months ago
UgjMvL2pECM6_ngCoAEC,Ù„Ø§Ø²Ù… Ù…Ø³Ù„Ø³Ù„ Ø§Ø®Ø± Ù„ÙˆÙ„Ø¯ Ø¨ÙŠØ±Ù… Ø§Ù„Ø¸Ø§Ù‡Ø± Ø­ØªÙ‰ Ù‡Ùˆ ÙÙŠ ÙƒØ¨Ø±Ùˆ Ø¨Ø§Ø´ ÙŠØªØµØ¯Ù… ğŸ”±ğŸ‘Œ,positive,https://www.youtube.com/watch?v=HKcB2SXWnws&t=3s,5 months ago
UghlC5061s1wZHgCoAEC,Ø¢Ù…Ø§Ø§Ø§Ø§Ù„ Ø¹Ù„ÙˆØ§Ù†ğŸ˜ğŸ˜“ ÙˆÙ„Ø§Øª Ù…Ø§Ø³Ø·Ø©Ø© ğŸ˜,positive,https://www.youtube.com/watch?v=HKcB2SXWnws&t=3s,5 months ago
UgiLg6elgR7ysngCoAEC,j'aime bien le feuilletr...mteb3ato ...sauf k maajebntnich lahkaya ki hassna heblet m sadek....w khrej bayrem mouch rajel...koun lahkaya taamlet autrement.sinon c un.feuilleton ki fait la une....min.l'AlgÃ©rie ohayikom ğŸ˜˜,positive,https://www.youtube.com/watch?v=HKcB2SXWnws&t=3s,6 months ago
UggusJevCu8BsXgCoAEC,Ø§Ù„ØµØ¨Ø± Ø­Ø³Ù†Ø§Ø¡ ØªÙ…Ø±Ù…Ø¯Øª Ù„ÙŠÙ† Ù…Ø§Ø¹Ø§Ø¯Ø´,positive,https://www.youtube.com/watch?v=HKcB2SXWnws&t=3s,6 months ago
UgjqKsx8QHa0eHgCoAEC, best of wled moufida ,positive,https://www.youtube.com/watch?v=HKcB2SXWnws&t=3s,6 months ago
Ugi5MbD2wBEriHgCoAEC,Ø§Ù„Ø­Ù„Ù‚Ø© ØªØ¨Ø¯Ø§ ÙØ§Ù„Ø¯Ù‚ÙŠÙ‚Ø© 4:56ÙØ±Ø¬Ø© Ù…Ù…ØªØ¹Ø©ğŸ¤—,positive,https://www.youtube.com/watch?v=HKcB2SXWnws&t=3s,6 months ago
UghnI4aSN14D-3gCoAEC,Ø¨ÙŠØ±Ù… Ø¹Ø¬Ø¨ØªÙ†ÙŠ ÙÙŠ Ø§Ù„Ø­Ù„Ù‚ Ù‡Ø°ÙŠ,positive,https://www.youtube.com/watch?v=HKcB2SXWnws&t=3s,6 months ago
UghJSQNhBAy9cHgCoAEC,une trÃ¨s belle sÃ©rie saha ftorkom men l'AlgÃ©rie,positive,https://www.youtube.com/watch?v=HKcB2SXWnws&t=3s,6 months ago
UghOCJxEu2IhxngCoAEC,ÙˆØ§Ù„Ù„Ù‡ Ù‡Ø°Ø§ ÙˆÙŠÙ† Ø±Ø¬Ø¹ Ø§Ù„ÙÙŠÙ„Ù… Ù…Ù„ÙŠØ­ ÙƒÙŠ Ø®Ø±Ø¬ Ø¨ÙŠØ±Ù… Ø¨ØµØ­ Ø­Ø¨ÙŠØªÙˆ ÙŠØ¯ÙŠØ± Ù…ÙˆÙ‚Ù ÙˆÙŠÙ†Ø³Ø§ Ø­Ø³Ù†Ø© Ù…Ø§ÙŠÙƒÙˆÙ†Ø´ ÙŠØ§Ø³Ø± ÙŠÙ…Ø´ÙŠ Ø¨Ù‚Ù„Ø¨Ùˆ Ù„ÙƒÙ† Ù…Ø²Ø§Ù„Øª Ø§Ù„Ø§Ø­Ø¯Ø§Ø« ØªØªØ¨Ø¯Ù„,positive,https://www.youtube.com/watch?v=HKcB2SXWnws&t=3s,6 months ago
UgixlpsrD3_F5XgCoAEC,Ø±Ø¬Ø¹ Ø¨ÙŠØ±Ù… Ø­ÙŠØ§ Ø§Ù„Ù…Ø³Ù„Ø³Ù„ ,positive,https://www.youtube.com/watch?v=HKcB2SXWnws&t=3s,6 months ago
UgjPhXSjlvmmCXgCoAEC,hadi awel mra ntfrj film tonsi foooor ta7iya mn alger likom ğŸ˜ŠğŸ˜€,positive,https://www.youtube.com/watch?v=HKcB2SXWnws&t=3s,2 months ago
Ugh295r02b0Br3gCoAEC,ØµØ­Ø§ ÙØ·ÙˆØ±ÙƒÙ… Ø®ÙˆØªÙ†Ø§ ØªÙˆÙ†Ø³Ø§ Ùˆ Ø§Ù„Ù…ØºØ§Ø±Ø¨Ø© ØªØ­ÙŠØ§ØªÙŠ Ù…Ù† Ø§Ù„Ø¬Ø²Ø§Ø¦Ø± ğŸ˜˜ğŸ˜˜ğŸ˜˜ğŸ˜˜ğŸ˜˜,positive,https://www.youtube.com/watch?v=HKcB2SXWnws&t=3s,6 months ago
UggYRs1X3bhCp3gCoAEC,ğŸ‘ğŸ‘badr au topsğŸ‘ğŸ‘ğŸ‘ğŸ’•ğŸ’•ğŸ’•ğŸ’•ğŸ‘Ù†Ù…ÙˆØª Ø¹Ù„ÙŠÙƒÙ… ÙˆØ¹Ù„Ù‰ Ù…Ø³Ù„Ø³Ù„Ø§ØªÙƒÙ…,positive,https://www.youtube.com/watch?v=HKcB2SXWnws&t=3s,6 months ago
Ugj9cwD6rZqNH3gCoAEC,Ø¨Ø¯Ø± ğŸ’™ğŸ’–ğŸ’–ğŸ’–ğŸ’•ğŸ’•ğŸ’ğŸ’ğŸ’ŸğŸ’ğŸ’‹ğŸ˜˜ğŸ˜,positive,https://www.youtube.com/watch?v=HKcB2SXWnws&t=3s,6 months ago
Ugh03jThlPS6H3gCoAEC,balti sawto waaaw â¤â¤â¤,positive,https://www.youtube.com/watch?v=HKcB2SXWnws&t=3s,6 months ago
UghjL8kfihBpOXgCoAEC,Ø¨ÙŠØ±Ù… ğŸ˜,positive,https://www.youtube.com/watch?v=HKcB2SXWnws&t=3s,6 months ago
UghwMD5pnR8hPngCoAEC,Ù†Ø§Ø§Ø§Ø§Ø§Ø§Ø§Ø§Ø§Ø§Ø§Ø§Ø§Ø± ÙŠØ§ Ù…Ø¹Ù„Ù… ğŸ˜ğŸ˜ğŸ˜,positive,https://www.youtube.com/watch?v=HKcB2SXWnws&t=3s,6 months ago
UgiCPRwYqZbuPngCoAEC,ah ya badir za3ma rajil sayib 3lik,positive,https://www.youtube.com/watch?v=HKcB2SXWnws&t=3s,6 months ago
UggKn84Qj59qTHgCoAEC,Ù‡Ù‡Ù‡ ÙƒÙ„ ÙŠÙˆÙ… Ø­Ø¯ ÙŠÙƒÙ„ Ø·Ø±ÙŠØ­Ø© ÙÙŠ Ø§Ù„Ù…Ø³Ù„Ø³Ù„ ğŸ˜‚ğŸ˜‚,positive,https://www.youtube.com/watch?v=HKcB2SXWnws&t=3s,6 months ago
UgigsSlyJoMHh3gCoAEC,Ù…Ø­Ù„Ø§Ù‡ Ø§Ù„Ø¨ÙŠØ¨ÙŠ .. Ø¹Ø§Ù‚Ø¨Ø© Ù„ÙŠØ§,positive,https://www.youtube.com/watch?v=HKcB2SXWnws&t=3s,6 months ago
UgjN_xy1PL6pnXgCoAEC,ana maghrebia o ntfaraj fe had film raw3aaaa ke hama9 bezzefff tahia nas Tunisia rakom zaz,positive,https://www.youtube.com/watch?v=HKcB2SXWnws&t=3s,6 months ago
UgjhssZSFTvfw3gCoAEC,"Ø§Ù„Ù„Ù‡ Ø§Ø­Ø³Ù† Ù…Ø³Ù„Ø³Ù„ ØªÙˆÙ†Ø³ÙŠ Ø´ÙØªÙˆ ÙÙŠ Ø­ÙŠØ§ØªÙŠ . 
ÙˆØ§Ù„Ù†Ø§Ø³ Ù„ÙŠ ØªØ´ÙˆÙ ÙÙŠÙ‡ Ù…ÙˆØ´ Ø¨Ø§Ù‡ÙŠ Ù„Ù„Ø¹Ø§Ø¦Ù„Ø© ÙˆÙŠÙ‚ÙˆÙ„ÙˆÙ† Ø¹Ù„ÙŠÙ‡ ÙÙŠÙ„Ù… Ø®Ø§Ù…Ø¬ . Ø¨Ø§Ù„Ø¹ÙƒØ³ ÙÙŠÙ„Ù… ÙÙŠÙ‡ Ø±ÙˆØ­ Ø§Ù„Ø®Ù„Ù‚ . Ø´ÙˆÙÙˆ Ø¨ÙŠØ±Ù… Ø¶Ø±Ø¨ Ø¨Ø¯Ø± Ø¨ÙƒÙ Ø¨Ø¯Ø± ÙƒØ§Ù† ÙŠØ¹Ø±Ù Ù„Ù‚Ø¯Ø± ÙˆÙ…Ø±Ø¬Ø¹Ù„ÙˆØ´ . ÙˆØ²ÙŠØ¯ ÙˆÙ„Ø§Ø¯ Ù…ÙˆÙÙŠØ¯Ø© ØµØ­ÙŠØ­ Ø²Ø·Ø§Ù„Ø© Ø¨ØµØ­ Ø¹Ù…Ø±Ù‡Ù… Ù…Ø§Ø³Ø¨Ùˆ Ø§Ù…Ù‡Ù… ÙˆÙ„Ø§ Ø¶Ø±Ø¨ÙˆÙ‡Ø§ . Ù‡Ø§Ø°Ø§ Ø§Ù„ÙÙŠÙ„Ù… ÙŠØ¨Ø¹Ø« Ù…ÙŠØ³Ø§Ø¬ . Ø±ØºÙ… ÙØ³Ø§Ø¯ Ø§Ù„Ù…Ø¬ØªÙ…Ø¹ Ø¥Ù„Ø§ Ø£Ù† Ø§Ù„Ø¹Ø§Ø¦Ù„Ø© ØªØ¨Ù‚Ù‰ Ù…ØªÙ…Ø§Ø³ÙƒØ© ÙˆØ§Ù„Ø£Ø®Ù„Ø§Ù‚ Ø±Ø§Ø¦Ø¹Ø© Ø¨ÙŠÙ† Ø£ÙØ±Ø§Ø¯Ù‡Ø§ . Ø´ÙƒØ±Ø§ Ù„Ù„Ù…Ø®Ø±Ø¬ Ø´ÙƒØ±Ø§ Ù„Ù„Ù…Ù…Ø«Ù„ÙŠÙ†",positive,https://www.youtube.com/watch?v=HKcB2SXWnws&t=3s,6 months ago
Ugh_yq5dv_qgaHgCoAEC,ØµØ­ ÙØ·ÙˆØ±ÙƒÙ… Ø®Ø§ÙˆØªÙŠ  Ø§Ù„Ù„Ù‡ ÙŠÙ‚Ø·Ø¹ Ø§Ù„Ø­Ø¨ ÙˆØ³Ù†ÙŠÙ† Ø§Ù„Ø­Ø¨ Ø§Ù„ÙŠ ÙŠØ°Ù„ Ø§Ù„ÙˆØ§Ø­Ø¯ ÙˆØ¨ÙŠØ±Ù… Ø§Ø­Ø³Ù†ÙˆØ§Ø­Ø¯ Ù‡Ùˆ ÙˆØ¨Ø¯Ø±,positive,https://www.youtube.com/watch?v=HKcB2SXWnws&t=3s,6 months ago
UgjgYE9BbPF89ngCoAEC,bader is like a boss :D,positive,https://www.youtube.com/watch?v=HKcB2SXWnws&t=3s,6 months ago
Ugi6n0J8zwwJ13gCoAEC,Ù…Ù„Ø§ Ø¨ÙŠØ±Ù… Ø±Ø¬Ø¹ Ùˆ Ø¨Ù‚ÙˆØ©,positive,https://www.youtube.com/watch?v=HKcB2SXWnws&t=3s,6 months ago
UgijOLVuLkVqb3gCoAEC,ğŸ˜ğŸ˜ğŸ˜Ø¨ÙŠØ±Ù…ğŸ’•ğŸ’•ğŸ’•âœ‹âœ‹ğŸ˜‚,positive,https://www.youtube.com/watch?v=HKcB2SXWnws&t=3s,6 months ago
UggIlK731xeTO3gCoAEC,Awled Moufida,positive,https://www.youtube.com/watch?v=HKcB2SXWnws&t=3s,6 months ago
UgiOpoFJc0RkDHgCoAEC,malla irhebi fi mo5ou,positive,https://www.youtube.com/watch?v=HKcB2SXWnws&t=3s,6 months ago
Ugiy5XHnXRUMnXgCoAEC,j'adore grave merci beaucoup pour cette sÃ©rie tooooop de tooooop,positive,https://www.youtube.com/watch?v=HKcB2SXWnws&t=3s,6 months ago
UgimyUfxueAm_XgCoAEC,ğŸ˜œğŸ˜œğŸ˜œ,positive,https://www.youtube.com/watch?v=HKcB2SXWnws&t=3s,6 months ago
UgjR4jtXoFlGFHgCoAEC,"ÙˆØ§Ùˆ Ù…Ø§ Ø§Ø¬Ù…Ù„  Ù…Ø³Ù„Ø³Ù„Ø§ØªÙƒÙ… Ø§Ø®ÙˆØ§Ù†ÙŠ Ø§Ù„ØªÙˆØ§Ù†Ø³Ø© Ø§Ù†Ø§ Ø§Ø­Ø¨ Ù†ÙˆÙ†Ø³ Ø¨Ø§Ø±Ø´Ø§ Ø¨Ø§Ø±Ø´Ø§ ØªØ­ÙŠØ© Ù„ÙƒÙ„ Ø§Ù„Ø´Ø¹Ø¨ Ø§Ù„ØªÙˆÙ†Ø³ÙŠ  
Ø§Ø®ÙˆÙƒÙ… Ù…Ù† ØªÙˆÙ†Ø³",positive,https://www.youtube.com/watch?v=HKcB2SXWnws&t=3s,6 months ago
UggIM4NzVVrM43gCoAEC,ğŸ‘ğŸ‘ğŸ‘,positive,https://www.youtube.com/watch?v=HKcB2SXWnws&t=3s,6 months ago
UghvAd21H6dhpXgCoAEC,wow,positive,https://www.youtube.com/watch?v=HKcB2SXWnws&t=3s,6 months ago
Ugi7GWrZeJAKBXgCoAEC,offfff malla 7al9a,positive,https://www.youtube.com/watch?v=HKcB2SXWnws&t=3s,6 months ago
Ugjz_R3pH3Q7U3gCoAEC,wow,positive,https://www.youtube.com/watch?v=HKcB2SXWnws&t=3s,6 months ago
Ugz5PURP0z_gvmrBXZ14AaABAg,semi fehri m3alm,positive,https://www.youtube.com/watch?v=HKcB2SXWnws&t=3s,6 months ago
UgyMLSQYwqGqXS05qFx4AaABAg,Ù…Ø³Ù„Ø³Ù„ Ø§ÙˆÙ„Ø§Ø¯ Ù…ÙÙŠØ¯Ø© Ø§Ø­Ø³Ù† Ù…Ø³Ù„Ø³Ù„ ØªÙØ±Ø¬ØªÙˆ Ø²Ø¯Ù„Ù†Ø§ Ø­Ù„Ù‚Ø§Øª Ø®Ù„ÙŠÙ†Ø§ Ù†ÙƒÙ…Ù„ÙˆÙ‡ Ø´ÙˆÙ‚ØªÙ†Ø§ Ø±Ø§Ùƒ,positive,https://www.youtube.com/watch?v=HKcB2SXWnws&t=3s,6 months ago
Ugw8xe4uLGdyxF6EmHx4AaABAg,Ø¨Ø¯Ø± Ø¨Ø¯Ø± Ø§Ù†Ø­Ø¨Ùƒ Ùˆ Ø§Ù†Ù…ÙˆØª Ø§Ø¹Ù„ÙŠÙƒ ØªØ­ÙŠÙ‡ Ø¬Ø²Ø§Ø¦Ø±ÙŠÙ‡ Ù„ÙŠÙƒ Ø§ÙØ¶Ù„ Ù…Ø³Ù„Ø³Ù„,positive,https://www.youtube.com/watch?v=HKcB2SXWnws&t=3s,6 months ago
UgxKQ7KBuYnDVtI2mP94AaABAg,Bravo bader,positive,https://www.youtube.com/watch?v=HKcB2SXWnws&t=3s,6 months ago
UgzrA-PA30G-2IK3Np54AaABAg,je suis morte de rire beaucoup de problÃ¨me dans mon cher Tunisie anchallah tous les anchallah on trouve solution de problÃ¨me gens vont bien,positive,https://www.youtube.com/watch?v=HKcB2SXWnws&t=3s,6 months ago
UgzgNuVrfbkaXkPDsiJ4AaABAg,FOoOor bader,positive,https://www.youtube.com/watch?v=HKcB2SXWnws&t=3s,6 months ago
UgxIyhJsU99UrQJf1y94AaABAg,Ø§Ø­Ù„ÙŠ Ù…Ø³Ù„Ø³Ù„ Ø§Ù„ØªÙˆÙ†Ø³ÙŠ,positive,https://www.youtube.com/watch?v=HKcB2SXWnws&t=3s,6 months ago
UgyjiGonl_5v0hTXPzl4AaABAg,ÙÙŠÙ„Ù… Ø±ÙˆØ¹Ø©  ÙŠÙƒÙˆÙ† ÙÙŠÙ‡ Ø¬Ø²Ø¡ Ø±Ø§Ø¨Ø¹,positive,https://www.youtube.com/watch?v=HKcB2SXWnws&t=3s,6 months ago
Ugxhnm9lVdtRA-OIoHt4AaABAg,Ù…Ø³Ù„Ø³Ù„ ÙˆØ§Ù‚Ø¹ÙŠ Ø¨Ø±Ø´Ø§ Ù…Ø²ÙŠØ§Ù† ØµÙ†Ø¹ Ø§Ù„ØªÙˆÙ†Ø³ÙŠ,positive,https://www.youtube.com/watch?v=HKcB2SXWnws&t=3s,6 months ago
Ugw04Lk7dldw0fYQq-x4AaABAg,"ÙÙŠÙ„Ù… Ù‡Ø§ÙŠÙ„ Ø¨Ø£Ø­ØªØ±Ø§ÙÙŠØ© Ø¹Ø§Ù„ÙŠØ© ØªÙ‚Ù„Ø´ Ø¹Ù„ÙŠÙƒ ØªØªÙØ±Ø¬ ÙÙŠ ÙÙŠÙ„Ù… ØªØ±ÙƒÙŠ ÙˆÙ„Ø§ Ø·Ù„ÙŠØ§Ù†ÙŠ Ø¨Ø±Ø¯Ùˆ ØªÙˆØ§Ù†Ø³Ø©
Ø§Ù†Ø§ Ù…Ù† Ø§Ù„Ø¬Ø²Ø§ÙŠØ±",positive,https://www.youtube.com/watch?v=HKcB2SXWnws&t=3s,6 months ago
Ugwh4mGT3VboCbMg9Ot4AaABAg,Ø±ÙˆØ¹Ø©,positive,https://www.youtube.com/watch?v=HKcB2SXWnws&t=3s,6 months ago
UgyeMtrEPzL59DJs8zp4AaABAg,Mella bader,positive,https://www.youtube.com/watch?v=HKcB2SXWnws&t=3s,6 months ago
UgwcpLXHpyP8KvkGdvJ4AaABAg,A7san  mousalsal  awled  moufida ğŸ˜ğŸ˜ğŸ˜ğŸ˜ğŸ˜ğŸ˜ğŸ˜ğŸ˜ğŸ˜ğŸ˜ğŸ˜,positive,https://www.youtube.com/watch?v=HKcB2SXWnws&t=3s,6 months ago
UgxF0AN6ktgRv4PiREN4AaABAg,bravouuuuuuğŸ‘ğŸ‘ğŸ‘ğŸ‘ğŸ‘ğŸ‘chapeauuuğŸ‘ŒğŸ‘ŒğŸ‘ŒğŸ‘ğŸ‘ğŸ‘ğŸ“ğŸ“ğŸ“,positive,https://www.youtube.com/watch?v=HKcB2SXWnws&t=3s,6 months ago
UghbQ9qSpbflCXgCoAEC,The best movie ever I like it so much,positive,https://www.youtube.com/watch?v=HKcB2SXWnws&t=3s,6 months ago
UgjGT8EFBnR3yHgCoAEC,Ø§Ø­Ø³Ù† Ù…Ø³Ù„Ø³Ù„,positive,https://www.youtube.com/watch?v=HKcB2SXWnws&t=3s,6 months ago
UgjJhta4QfUN-ngCoAEC,ğŸ˜€ğŸ˜€ğŸ˜€ğŸ˜€ğŸ˜€ğŸ˜€ğŸ˜€ğŸ˜ƒğŸ˜ƒğŸ˜ƒğŸ˜ƒğŸ˜ƒğŸ˜ƒğŸ˜ƒğŸ˜‚ğŸ˜‚ğŸ˜‚ğŸ˜‚ğŸ˜‚ğŸ˜‚ğŸ˜‚ğŸ˜ŠğŸ˜ŠğŸ˜ŠğŸ˜ŠğŸ˜ŠğŸ˜ŠğŸ˜ŠğŸ˜†ğŸ˜†ğŸ˜†ğŸ˜†ğŸ˜†ğŸ˜†ğŸ˜†â˜ºâ˜ºâ˜ºâ˜ºâ˜ºâ˜º,positive,https://www.youtube.com/watch?v=HKcB2SXWnws&t=3s,6 months ago
UgjPMNPi0j4piHgCoAEC,Ø§Ø­Ø³Ù† Ù…Ø³Ù„Ø³Ù„ ØªÙˆÙ†Ø³ÙŠ Ø¨Ø¯ÙˆÙ† Ù…Ù†Ø§Ø²Ø¹ ÙÙŠ Ø§Ù„ØªÙ„ÙØ²Ø© Ø§Ù„ØªÙˆÙ†Ø³Ø³ÙŠØ©,positive,https://www.youtube.com/watch?v=HKcB2SXWnws&t=3s,6 months ago
Ugj6i0f3PTNcNngCoAEC,chapeaaauuuu sami el feehrii ... vraiment kcheef 3laa baarchaa 5maaj .. w waraa rouhou yaa3ref baarchaa fssed ama 5saaraa kolhaa theeb ken t3aab jiibhaa w maa yhemheech fi tounes w el mr7laa mta3 miziriyaa eli wosletelha ken jee kol we7edd y8iir 3laa  traab bledouuu wy7aafe4 3laa amlekhaa  raanaa  na4aarbou w naaser3ouu fi 3alam kemel ... rahou kol we7ed yebda fiÃ©re wa9teeliii y9oul #ENA_TOUNSI  ..ama allah 8aaleb blednaa ma l9aatech el rjeel yee9fouu 3lihaa w yheebouhaa w ysounouhaa kima bolden el fetetnaa bkol chay ... nchallah rabii yonsor bledna,positive,https://www.youtube.com/watch?v=HKcB2SXWnws&t=3s,6 months ago
UggMxFX4-zlEtXgCoAEC,Ø­Ù„ÙˆØ§. Ø¨Ø±Ø´ÙŠÙŠÙŠÙŠÙŠÙŠÙŠÙŠÙŠÙŠÙŠÙŠÙŠÙŠÙŠ,positive,https://www.youtube.com/watch?v=HKcB2SXWnws&t=3s,6 months ago
Ugg61tz6a5Pl9ngCoAEC,Ø­Ù„ÙˆØ§. Ø¨Ø±Ø´ÙŠÙŠÙŠÙŠÙŠÙŠÙŠÙŠÙŠÙŠÙŠÙŠÙŠÙŠÙŠ,positive,https://www.youtube.com/watch?v=HKcB2SXWnws&t=3s,6 months ago
UggT-mAyo4LNvXgCoAEC,hayl,positive,https://www.youtube.com/watch?v=HKcB2SXWnws&t=3s,6 months ago
Ugg6I6rf2SHDyHgCoAEC, Ø§Ù„Ù…Ø³Ù„Ø³Ù„ Ø§Ø¨Ø¯Ø§Ø¹ ÙˆÙ„Ù„Ù‡,positive,https://www.youtube.com/watch?v=HKcB2SXWnws&t=3s,6 months ago
UggncKlaSplI1XgCoAEC,bravoo,positive,https://www.youtube.com/watch?v=o2Qt9IaZLZM&t=80s,6 months ago
Uggo0O6-nQEMLngCoAEC,Pauvre BadrÂ  !!,positive,https://www.youtube.com/watch?v=o2Qt9IaZLZM&t=80s,6 months ago
UggtN8z6onJ2F3gCoAEC,Ø´ÙƒØ±Ø§ Ø¹Ù„Ù‰ Ù…Ø¬Ù‡ÙˆØ¯Ø§ØªÙƒ Ø³Ø§Ù…ÙŠ Ø§Ù„ÙÙ‡Ø±ÙŠ..,positive,https://www.youtube.com/watch?v=o2Qt9IaZLZM&t=80s,6 months ago
Ugh4co3SRMGCPXgCoAEC,J'espÃ¨re qu'il y aura une saison 4 parce qu'il y a pleins de chose qui ne sont pas encore achevÃ©s. Sinon c'est ma sÃ©rie prÃ©fÃ©rÃ©e â¤ï¸,positive,https://www.youtube.com/watch?v=o2Qt9IaZLZM&t=80s,6 months ago
Ugi5uH_1p7BDqngCoAEC,Ø®Ø³Ø§Ø±Ø© Ø®Ù„Øµ Ø§Ù„Ù…Ø³Ù„Ø³Ù„ Ù†Ø­Ø¨Ø¨Ø¨ÙˆÙ‡ Ø¨Ø²Ø§Ø§Ø§Ù Ø¨Ø²Ø²Ø²Ø§Ù Ø§Ø±ÙˆØ¹ Ù…Ø³Ù„Ø³Ù„ Ø¹Ø±Ø¨ÙŠ ØµØ±Ø§Ø­Ø© Ø£Ø¨Ø¯Ø¹ Ø³Ø§Ù…ÙŠ Ø§Ù„ÙÙ‡Ø±ÙŠ Ùˆ Ø§Ù„Ù…Ù…Ø«Ù„ÙŠÙ† Ø±Ø§ÙŠØ¹ÙŠÙŠÙ† Ø®Ø§ØµØ© Ø¨ÙŠØ±Ù… Ùˆ Ø¨Ø¯Ø± chapeau bas !!!!!!  ,positive,https://www.youtube.com/watch?v=o2Qt9IaZLZM&t=80s,6 months ago
UgjyNtKqOzWkFngCoAEC,semi merci pour le plaisir c une fiction et la fin c celle que tu as choisi il faut rendre Ã  CÃ©sar ce qu'il lui appartient bravo et surtout bravo Ã  Nidal pour sa prestation de folie,positive,https://www.youtube.com/watch?v=o2Qt9IaZLZM&t=80s,6 months ago
UgiTO3ZilRXy3XgCoAEC,Ø¨Ø¯Ø± Ù‡Ø¨Ù„ Ø§Ù„Ø¨Ù†Ø§Øª Ù…Ø´ Ø¨Ø§Ù„Ø²ÙŠÙ† Ø¨Ø±ÙƒØ© Ù„Ø§ Ø¨Ø§Ù„Ù…Ø® ÙˆØ§Ù„Ø°ÙƒÙ‰ ÙˆØ§Ù„Ø±Ø¬ÙˆÙ„Ø©,positive,https://www.youtube.com/watch?v=o2Qt9IaZLZM&t=80s,6 months ago
UgiaZUs5m8IR4ngCoAEC,Ø¨Ø¯Ø± Ø´Ø¨Ø§Ø§Ø§Ø§Ø§Ø¨ Ø¨Ø±Ø´Ø§,positive,https://www.youtube.com/watch?v=o2Qt9IaZLZM&t=80s,6 months ago
UggWZ9VC4sRro3gCoAEC,Ø§Ù‚ÙˆÙŠ Ù…Ø³Ù„Ø³Ù„ ğŸ’ªğŸ’ªğŸ‘ğŸ‘,positive,https://www.youtube.com/watch?v=o2Qt9IaZLZM&t=80s,6 months ago
Ugiogp2RwrOg0ngCoAEC,pffffffffffff trop fort,positive,https://www.youtube.com/watch?v=o2Qt9IaZLZM&t=80s,6 months ago
Ugjs1W55Lhqk3XgCoAEC,ğŸ˜¢ğŸ˜¢ğŸ˜¢ğŸ˜­ğŸ˜­ğŸ˜­ğŸ˜­ğŸ˜­ğŸ˜­ğŸ˜­ğŸ˜­ğŸ˜­ğŸ˜­ğŸ˜­ğŸ˜­ğŸ˜­ğŸ˜­ğŸ˜­ğŸ˜­ğŸ˜­ğŸ˜­ğŸ˜­ğŸ˜­ğŸ˜­ğŸ˜­ğŸ˜­ğŸ˜­ğŸ˜­,positive,https://www.youtube.com/watch?v=o2Qt9IaZLZM&t=80s,6 months ago
Ugg-MIP8Xe7A3HgCoAEC,bravo Ã  toute l'Ã©quipe et surtout yassine ben gamra w nchalla ta3melou saison 4,positive,https://www.youtube.com/watch?v=o2Qt9IaZLZM&t=80s,6 months ago
UgiWpSg-vRloP3gCoAEC,"c'est la seule Ã©pisode que m'attire mon intention , comment dirais-je  c'est le beur du lait",positive,https://www.youtube.com/watch?v=o2Qt9IaZLZM&t=80s,6 months ago
UgjE2oRKB-lPaXgCoAEC,ANA 3jebni w 3ajbtni la fin,positive,https://www.youtube.com/watch?v=o2Qt9IaZLZM&t=80s,6 months ago
UgjmjH1DNbMtk3gCoAEC,"en faite how lmo5rej el dhkey ya3ref kifeh yorbet loumour mli7...  si el fehri  3amal types jdid , bablbez loumour lkol w zid 
 kamel balbezha fele5er 3la  5ater ashelou haka fi 3oudh ma  yestanbet 7aja postive w  ye9belha lmo5",positive,https://www.youtube.com/watch?v=o2Qt9IaZLZM&t=80s,6 months ago
UghuQ6XqqpZkungCoAEC,rojla badr toop,positive,https://www.youtube.com/watch?v=o2Qt9IaZLZM&t=80s,6 months ago
UghpKJ9e9Wpg1ngCoAEC,ÙˆÙ„Ù„Ù‡ Ù†Ù‡Ø§ÙŠØ© Ø±ÙˆØ¹Ø©  Ù„ÙƒÙ† ÙƒÙ† Ø·ÙˆÙ„Ùˆ Ø­Ù„Ù‚Ø© Ø§Ø®Ø±Ø©,positive,https://www.youtube.com/watch?v=o2Qt9IaZLZM&t=80s,6 months ago
UggYXbI68QkiB3gCoAEC,ÙÙŠÙ„Ù… Ø²ÙˆÙŠÙ† Ø¨Ø²Ø§Ø§Ø§Ù Ù†ØªØ¨Ø¹ ÙÙŠÙ‡ Ù…Ù† Ø§Ù„Ù…ØºØ±Ø¨,positive,https://www.youtube.com/watch?v=o2Qt9IaZLZM&t=80s,6 months ago
UghmwGQonegNMngCoAEC,"Ø§Ù†Øª Ø°ÙƒÙŠ ÙŠØ§ Ø³Ø§Ù…ÙŠ Ø§Ù„ÙÙ‡Ø±ÙŠ Ø§Ù…Ø§ Ù†Ù‡Ø§ÙŠØ§Øª Ù…Ø³Ù„Ø³Ù„Ø§ØªÙƒ Ù…ÙØ§Ø¬Ø¦Øª

ÙˆÙŠÙ…ÙƒÙ† Ù…Ø§ØªÙ‚Ù†Ø¹Ø´ Ø¨Ø±Ø´Øª ÙˆØ¨Ø§Ø´ ÙŠÙƒÙˆÙ† ÙÙŠ Ø¨Ø§Ù„Ùƒ Ø§Ù„Ø¬Ø²Ø¡ Ø§Ù„Ø«Ø§Ù„Ø« Ø±Ø§Ùƒ Ø¨Ù„Ø¨Ø²ØªÙˆÙˆÙˆÙˆÙˆÙˆÙˆ. ÙŠØ§Ø§Ø§Ø§Ø§Ø§Ø§Ø§Ø§Ø§Ø§Ø§Ø³Ø±",positive,https://www.youtube.com/watch?v=o2Qt9IaZLZM&t=80s,6 months ago
UggOlUL3xgDiWngCoAEC,Ø§Ø²Ø­ ÙˆÙØ§,positive,https://www.youtube.com/watch?v=o2Qt9IaZLZM&t=80s,6 months ago
UgiMXgcrgkX-cngCoAEC,c'est pas sur que cherif est mort bande de con!!! bravo sami,positive,https://www.youtube.com/watch?v=o2Qt9IaZLZM&t=80s,6 months ago
Ugh5aA5Rf_s443gCoAEC,ğŸ’ªğŸ’ªğŸ’ª,positive,https://www.youtube.com/watch?v=o2Qt9IaZLZM&t=80s,6 months ago
UghWcesst-OH_XgCoAEC,Ù‡Ø°ÙŠ Ø§Ù„Ø­Ù„Ù‚Ø© Ø§Ù„Ø§Ø®ÙŠØ±Ø© ÙˆÙ„Ø§ Ù…Ø²Ø§Ù„ .....Ø¬Ø§ÙˆØ¨ÙˆÙ†ÙŠ ÙŠØ§ Ø¬Ù…Ø§Ø¹Ø©,positive,https://www.youtube.com/watch?v=o2Qt9IaZLZM&t=80s,6 months ago
UggTWp3S9Lp_GngCoAEC,woooooow makench jozei 4,positive,https://www.youtube.com/watch?v=o2Qt9IaZLZM&t=80s,6 months ago
UgiVyG3Y3gt8bXgCoAEC,alah akbar kan nas (taiba) si chrif,positive,https://www.youtube.com/watch?v=o2Qt9IaZLZM&t=80s,6 months ago
Ugj7ATE58bZJ6XgCoAEC,"tnajmou toghzrou lil mosalsil bi point de vue positive, illi hiyya , la7ram mouch behi , w 9ad maytoul lezim rabbi ytalli3 la79i9a w kol wehid bech y5allis fiddinya 9bal il a5ra..... merci SAMI pour ce feuilleton",positive,https://www.youtube.com/watch?v=o2Qt9IaZLZM&t=80s,6 months ago
UggkznFu2Z8WTngCoAEC,ÙŠØ§Ø¹Ù…Ø±ÙŠ Ø¹Ø§Ù„Ù…ÙˆØ³ÙŠÙ‚Ù‰ Ù…Ø§Ù„Ø®Ø± ØªÙØ·Ù‚ ğŸ˜£ğŸ˜£ğŸ˜£ğŸ˜£ğŸ˜£ğŸ˜£,positive,https://www.youtube.com/watch?v=o2Qt9IaZLZM&t=80s,6 months ago
UggPdy6dzR6TBngCoAEC,Ù‚ÙˆØ© ØªÙ…Ø«ÙŠÙ„ Ù‡Ø´Ø§Ù… Ø±Ø³ØªÙ… Ùˆ ÙŠØ§Ø³ÙŠÙ† Ø¨Ù† Ù‚Ù…Ø±Ø© ÙˆØ§Ù„Ù„Ù‡ Ø¨Ø±Ø§ÙÙˆ Ù…Ø³Ù„Ø³Ù„ Ø·ÙŠØ§Ø±Ø© Ø¨ÙƒÙ„ Ø§Ù„Ù…Ù‚Ø§ÙŠÙŠØ³ Ù…Ù† Ø¥Ø®Ø±Ø§Ø¬ ØªÙ…Ø«ÙŠÙ„ Ø¯ÙŠÙƒÙˆØ± Ø¨Ø±Ø§ÙÙˆ Ø³Ø§Ù…ÙŠ Ø§Ù„ÙÙ‡Ø±ÙŠ Ù†Ø¶Ø§Ù„ Ø§Ù„Ø³Ø¹Ø¯ÙŠ trop top,positive,https://www.youtube.com/watch?v=o2Qt9IaZLZM&t=80s,6 months ago
UgjV3XVRSUMlg3gCoAEC,Ù†Ù‡Ø§ÙŠØ© Ù…ØªØ®Ù„ÙØ©.. ÙŠØ­Ø§Ø³Ø¨ ÙÙŠ Ø£Ù…Ùˆ ÙˆØ¨ÙˆÙ‡ Ø¹Ù„Ù‰ ØºÙ„Ø·Ø© ØµØ§Ø±Øª ÙÙŠ Ø´Ø¨Ø§Ø¨Ù‡Ù… Ø±ØºÙ… Ø§Ù„ÙŠ Ø¹Ù…Ù„Ùˆ ÙƒÙ„ Ø´ÙŠ Ø¨Ø§Ø´ ÙŠØ­Ù…ÙŠÙˆÙ‡Ù… Ùˆ ÙŠØ³Ø§Ù†Ø¯ÙˆÙ‡Ù… ÙÙŠ Ø­ÙŠØ§ØªÙ‡Ù….,positive,https://www.youtube.com/watch?v=o2Qt9IaZLZM&t=80s,6 months ago
UgjUPfGaNtlGkngCoAEC,Ù…Ù„Ø§ Ø³ÙŠÙ†Ø§Ø±ÙŠÙˆ ÙˆÙ…Ù„Ø§ Ø¥Ø¨Ø¯Ø§Ø¹ ÙƒÙ„ Ø­Ù„Ù‚Ø© ÙŠØ±ÙƒØ² Ø¹Ù„Ù‰ Ø­ÙƒØ§ÙŠØ© Ù…Ø¹ÙŠÙ†Ø© ÙˆÙŠÙ†Ø³Ù‰ Ù„Ø­ÙƒØ§ÙŠØ§Øª Ø¢Ø®Ø±ÙŠÙ†.ÙˆÙ…Ø´ ÙØ§Ù‡Ù…Ø©  Ø¹Ù„Ø§Ù‡ Ù„Ø¨Ù†Ø§Øª Ø§Ù„ÙƒÙ„ Ø¹Ø§Ù…Ù„Ù‡Ù… ÙŠØªØ¶Ø±Ø¨Ùˆ ÙÙŠ Ø¨Ø¯Ø±.ÙˆÙ„Ø§ Ø´ÙˆÙ Ù‡Ø§Ùƒ Ø§Ù„Ù†Ù‡Ø§ÙŠØ© ÙŠØ³Ø®Ù Ø§Ù„Ø´Ø±ÙŠÙ Ø¬Ø§ÙŠ ÙŠØ­Ø§Ø³Ø¨ ÙÙŠÙ‡ Ø¹Ù„Ù‰ Ø­ÙƒØ§ÙŠØ© Ù„ÙŠÙ‡Ø§ Ø³Ù†ÙŠÙ† ÙˆØ§Ø¨Ù‚Ù‰ Ù‡Ùˆ Ø³Ø§Ù…Ø­ Ø²ÙŠØ§Ø¯ Ø§Ù„Ø§ Ø§Ù‚ØªÙ„Ùˆ Ø®Ø·ÙŠØ¨ØªÙˆ Ø§Ø¯Ø®Ù„Ùˆ Ù„Ù„Ø­Ø¨Ø³ ÙˆÙ…Ø§Ù†Ø¬Ù…Ø´ ÙŠØ³Ø§Ù…Ø­ Ø¨ÙˆÙ‡,positive,https://www.youtube.com/watch?v=o2Qt9IaZLZM&t=80s,6 months ago
Ugg4i5TIsoQQSXgCoAEC,Ù‡Ø°Ø§ Ù…Ø§ ÙŠØ¬Ù†ÙŠÙ‡ Ø§Ù„Ø­Ø±Ø§Ù… Ø§Ø­Ù„Ø§Ø§ Ø´ÙŠ ÙÙŠ Ø§Ù„Ø¯Ù†ÙŠØ§ Ø§Ù„Ø­Ù„Ø§Ù„  Ø¨Ø¯Ø± Ù‚ØªÙ„ Ø´Ø±ÙŠÙ Ø®Ø§Ø·Ø± Ù…Ø§ ÙŠØªØµÙˆØ±Ø´ Ø±Ø§Ø¬Ù„ ØºÙŠØ± Ø¨ÙˆÙ‡ Ù…Ø¹ Ø§Ù…Ùˆ ÙˆØ§Ø¹ØªØ¨Ø± Ø³ÙŠ Ø´Ø±ÙŠÙ Ø±Ø§Ø¬Ù„ ØºØ±ÙŠØ¨,positive,https://www.youtube.com/watch?v=o2Qt9IaZLZM&t=80s,5 months ago
Ugi3m2L3QEb5AngCoAEC,ÙƒØ±Ù‡Øª Ø¨Ø¯Ø±Ù„Ø£Ù†Ù‡ Ù‚Ø§ØªÙ„,positive,https://www.youtube.com/watch?v=o2Qt9IaZLZM&t=80s,5 months ago
UggwvLpC_mL_uXgCoAEC,choquÃ©e,positive,https://www.youtube.com/watch?v=o2Qt9IaZLZM&t=80s,5 months ago
Ugh2lJBZw9eoPHgCoAEC,Ø£Ø±ÙˆØ¹ Ù…Ø³Ù„Ø³Ù„ ØªÙˆÙ†Ø³ÙŠ Ø³ÙØªÙˆ ÙÙŠ Ø­ÙŠØ§ØªÙŠ Ø±ÙˆØ¹Ø¹Ø¹Ø¹Ø¹Ø¹Ø¹Ø¹Ø¹Ø¹Ø¹Ø¹Ø¹Ø¹Ø¹Ø¹Ø¹Ø¹Ø¹Ø¹Ø¹Ø¹Ø© Ø§Ù…Ø§ Ø®Ø³Ø§Ø±Ø© Ø®Ù„Ø§ØµÙˆ Ø¨Ø¯Ø± Ù„ÙŠ Ù‚ØªÙ„ Ø¨ÙˆÙ‡,positive,https://www.youtube.com/watch?v=o2Qt9IaZLZM&t=80s,5 months ago
UgjpN6uZcxawQ3gCoAEC,Ù†Ù‡Ø§ÙŠØ© ØºÙŠØ± Ù…ØªÙˆÙ‚Ø¹Ø© Ø§Ù† Ø´Ø§Ø¡ Ø§Ù„Ù„Ù‡ Ø§Ù„Ø±Ø§Ø¨Ø¹ ÙŠÙƒÙˆÙ† Ø¨Ø§Ù‡ÙŠ,positive,https://www.youtube.com/watch?v=o2Qt9IaZLZM&t=80s,5 months ago
Ugi0X-lkrVf6o3gCoAEC,"Ø§Ø­Ù„ÙŠ Ù…Ø³Ù„Ø³Ù„ Ø´ÙØªÙ‡ ÙÙŠ Ø§Ù„ÙØªØ±Ø© Ø§Ù„Ø§Ø®ÙŠØ±Ø© Ø±ÙˆØ¹Ù‡ ÙŠØ§ ØªÙˆØ§Ù†Ø³Ù‡ 
Ù…ØµØ±ÙŠ Ù…Ø± Ù…Ù† Ù‡Ù†Ø§",positive,https://www.youtube.com/watch?v=o2Qt9IaZLZM&t=80s,5 months ago
UghN_vNnctHirngCoAEC,yeser tayara awled moufida ,positive,https://www.youtube.com/watch?v=o2Qt9IaZLZM&t=80s,5 months ago
UgicQ6KhC9F4gXgCoAEC,"Ø­ØªÙ‰ Ù‡Ùˆ Ø³ÙŠ Ø´Ø±ÙŠÙ Ø´Ù…Ø¬ÙŠØ¨Ùˆ Ø¨Ø§Ù„Ù„Ù‡ÙŠ ØŸØŸ Ø¨Ø¹Ø¯ 20 Ø³Ù†Ø§ Ù‚Ø§Ù„Ùƒ Ù†Ø­Ø¨ Ø¹Ù„Ù‰ ÙˆÙ„Ø¯ÙŠ Ù†Ø­Ø¨ Ù†Ø³Ù…Ø¹ ÙƒÙ„Ù…Ø© Ø¨Ø§Ø¨Ø§ ØŸØŸØŸØ´Ù†ÙˆØ§Ø§ ÙƒØ§Ù† ÙŠÙ†ØªØ·Ø± Ù…Ø¹Ù†Ø§Ù‡Ø§ ÙŠØ¹Ù†Ù‚Ùˆ ÙˆÙŠØ¨ÙˆØ³Ùˆ Ù…Ù†Ø§ ÙˆÙ…Ù†Ø§ ÙˆÙŠÙ‚Ù„Ùˆ Ø§Ø´Ø±ÙŠÙ„ÙŠ Ø´ÙƒÙ„Ø§Ø·Ø©ØŸØŸØŸ 
Ø¹Ø±Ø³Øª ÙˆØ¬Ø¨Øª ØµØºØ§Ø± ÙØ§Ù„Ø­Ù„Ø§Ù„ Ù‚Ø§Ø¹Ø¯ ØªÙ„ÙˆØ¬ Ø¹Ù„Ù‰ Ø¨Ø²Ø¹Ø© ÙØ±ØºØªÙ‡Ø§ 20 Ø³Ù†Ø§ Ù„ØªØ§Ù„ÙŠ ÙÙ‚Ø§Ù„Ø¨ ØºÙ„Ø·Ø© Ø­Ø³Ø¨ØªÙ‡Ø§ Ø¨ÙˆÙ†ÙŠØ·Ø© ÙˆØ±ÙŠØ­Ø© Ø¨Ø§Ù„Ùƒ",positive,https://www.youtube.com/watch?v=o2Qt9IaZLZM&t=80s,5 months ago
UgiCwEa9EnGrRHgCoAEC,chniya esmha el music li fi a5er el 7al9a ??,positive,https://www.youtube.com/watch?v=o2Qt9IaZLZM&t=80s,5 months ago
UgiqPjVb_HbgI3gCoAEC,le scÃ©nariste ne lui  restait plus d'imagination le pauvre.ğŸ˜ğŸ˜ğŸ˜ğŸ˜ğŸ˜.c'est nuuuuuuuuuuuuul.,negative,https://www.youtube.com/watch?v=o2Qt9IaZLZM&t=80s,5 months ago
UggokI2kszc-jngCoAEC,Lazem season o55a bourjouleya,positive,https://www.youtube.com/watch?v=o2Qt9IaZLZM&t=80s,5 months ago
UghUU81o5_PXtngCoAEC,semi lfehri mo5rej tayara ama dima 3andou mochkel fnihayet,positive,https://www.youtube.com/watch?v=o2Qt9IaZLZM&t=80s,5 months ago
Ugjqt7eGklzNeHgCoAEC,"ÙŠØ§ Ø³Ø§Ù…ÙŠ ÙŠØ§ ÙÙ‡Ø±ÙŠ , ÙƒÙ†Øª Ù‚Ø§Ø¯Ø± Ø¯ÙŠØ± 30 Ø­Ù„Ù‚Ø© Ù…Ù„ÙŠØ§Ù†Ù‡ Ø¨Ø§Ù„Ø§Ø­Ø¯Ø§Ø« Ø§Ù„Ù…Ø´ÙˆÙ‚Ø©ØŒØ´Ø¨Ø¹Ù†Ø§ ØŒØ®Ù„ÙŠÙ†Ø§ Ù†Ø´Ø¨Ø¹Ùˆ  ØŒØ¹Ù„Ø§Ø´ Ù‡ÙƒØ§ ÙŠØ§ Ù„Ø²Ø­ ...Ø¹Ù†Ø¯Ùƒ 11 Ø´Ù‡Ø± Ùˆ 15 ÙŠÙˆÙ…  Ù…ØªÙ†Ø¬Ù…Ø´ ØªØ¹Ù…Ù„Ù†Ø§ 30 Ø­Ù„Ù‚Ø© ÙƒÙŠ Ø§Ù„Ù†Ø§Ø³ Ø§Ù„ÙƒÙ„ ØŸ  !! Ø§Ø¨Ø¯Ø§ Ù…Ù† ØªÙˆØ§ ØŒ Ø®Ù„ÙŠÙ†Ø§ Ù†ØªÙ…ØªØ¹Ùˆ Ø§Ø´Ø¨ÙŠÙƒ ØªØ¨Ø®Ù„ Ù‡ÙƒØ§ !",positive,https://www.youtube.com/watch?v=o2Qt9IaZLZM&t=80s,5 months ago
UgiGm0J146QOBngCoAEC,Jebtou lmoussessel mlih mlih f lakher ka3bertouha .. une fin ma3andha hta ma3na ntouma twanssa taarfou ghir la violence la drogue la tristesse et toujours avec une fin qui n'a aucun sens pour moi..,positive,https://www.youtube.com/watch?v=o2Qt9IaZLZM&t=80s,5 months ago
Ugg8ARqxICbQOngCoAEC,Ù…Ø³Ù„Ø³Ù„ Ø§ÙˆÙ„Ø§Ø¯ Ù…ÙÙŠØ¯Ø© Ø§Ø­Ø³Ù† Ù…Ø³Ù„Ø³Ù„ Ø±Ø§ÙŠØªÙ‡ ÙÙŠ Ø­ÙŠØ§ØªÙŠ ÙƒÙ„ Ù…Ù† ÙŠØ¹Ø´Ù‚Ù‡ ÙŠØ¸ØºØ· Ù„Ø§ÙŠÙƒ,positive,https://www.youtube.com/watch?v=o2Qt9IaZLZM&t=80s,5 months ago
UggTqD7HzzFEWHgCoAEC,first of all,positive,https://www.youtube.com/watch?v=o2Qt9IaZLZM&t=80s,5 months ago
UghTvFHXpqLPx3gCoAEC,first ğŸ˜,positive,https://www.youtube.com/watch?v=o2Qt9IaZLZM&t=80s,5 months ago
UghKEp3KgVQnMXgCoAEC,first from morocoo,positive,https://www.youtube.com/watch?v=o2Qt9IaZLZM&t=80s,5 months ago
