comment_text,sentiment_category,date,url
Sa77a nemes mnawer frr,positif,2017-10-11T01:14:34+0000,https://www.facebook.com/YoussefMsekni.fans/photos/a.1775917462734519.1073741827.1775900379402894/1785069168486015/?type=3
pff,negatif,2011-12-26T09:39:58+0000,https://www.facebook.com/Youssef.28.Msakni/photos/a.208759275841902.69755.201965813187915/208886772495819/?type=3
le meilleur joueur de la tunisie cest msakni,positif,2017-05-18T18:33:41.000Z,https://www.youtube.com/watch?v=KV2WpPMM90E
Yassir tfaded,negatif,2017-11-13T18:20:15+0000,https://www.facebook.com/YoussefMsekni.fans/photos/a.1775917462734519.1073741827.1775900379402894/1785069168486015/?type=3
M3allem,positif,2017-12-22T08:43:10+0000,https://www.facebook.com/Youssef.7.Msekni/photos/a.1914098345530246.1073741827.1914097858863628/1914098262196921/?type=3
aller Yuossef,positif,2017-07-05T02:20:51.000Z,https://www.youtube.com/watch?v=i2WUo3tzM6Y
Mnawer ya msakni,positif,2017-10-10T17:22:00+0000,https://www.facebook.com/YoussefMsekni.fans/photos/a.1775917462734519.1073741827.1775900379402894/1785069168486015/?type=3
Rabbbi yhannik ya sema777,positif,2017-08-22T12:38:12+0000,https://www.facebook.com/Youssef.7.Msekni/photos/a.1914098345530246.1073741827.1914097858863628/1914098262196921/?type=3
Le Meilleur.. ‚ô•,positif,2012-12-05T10:03:08.000Z,https://www.youtube.com/watch?v=idYD3qRZWzE
Nemms‚ù§‚ù§,positif,2017-12-14T17:31:32+0000,https://www.facebook.com/Youssef.7.Msekni/photos/a.1914098345530246.1073741827.1914097858863628/1914098262196921/?type=3
Bravo bravo bravo inchala jusqu'au bout ya rahbi je suis de france est je ne te dit pas comment ont est fier de notre √©quipe et notre payer tunissiiiiiieeee üòçüòçüòçüòçüòçüòçüòôüòôüòâbravo pour tout l'√©quipes,positif,2017-01-24T10:24:11+0000,https://www.facebook.com/YoussefMsekni.fans/photos/a.1775917462734519.1073741827.1775900379402894/1785069168486015/?type=3
Far5 cha9nous,negatif,2017-11-19T21:27:25+0000,https://www.facebook.com/Youssef.7.Msekni/photos/a.1914098345530246.1073741827.1914097858863628/1914098262196921/?type=3
ya m3alem,positif,2017-12-01T12:27:54+0000,https://www.facebook.com/YoussefMsekni.fans/photos/a.1775917462734519.1073741827.1775900379402894/1785069168486015/?type=3
Sa7a y'a nems,positif,2017-10-10T20:37:15+0000,https://www.facebook.com/Youssef.7.Msekni/photos/a.1914098345530246.1073741827.1914097858863628/1914098262196921/?type=3
hetha el cha5ss min anwe3 el 7atharet el nadra,negatif,2017-09-15T14:05:55.000Z,https://www.youtube.com/watch?v=YXGdt6ppv5c
Bravoooo wlh üòçüòçüòç,positif,2017-10-07T20:27:21+0000,https://www.facebook.com/Youssef.7.Msekni/photos/a.1914098345530246.1073741827.1914097858863628/1914098262196921/?type=3
Ya m3alem,positif,2016-12-03T00:33:49.000Z,https://www.youtube.com/watch?v=Aj222C2tdgg
msakni ‚ù§ ‚ù§  btw nice job,positif,2017-02-14T16:45:49.000Z,https://www.youtube.com/watch?v=nMHXkR_zZvk
moch rajel w 9oaalit el rojlla,negatif,2017-07-25T19:43:26.000Z,https://www.youtube.com/watch?v=YXGdt6ppv5c
Bravooooo wld bledi rabbi m3akom nchlh tfar7ouna dima bon courage,positif,2017-01-24T13:05:44+0000,https://www.facebook.com/YoussefMsekni.fans/photos/a.1775917462734519.1073741827.1775900379402894/1785069168486015/?type=3
Ism el ronaya?,positif,2017-11-05T19:21:44.000Z,https://www.youtube.com/watch?v=4SiGzsh-IE8
M3alm,positif,2017-12-05T11:46:09+0000,https://www.facebook.com/Youssef.7.Msekni/photos/a.1914098345530246.1073741827.1914097858863628/1914098262196921/?type=3
vive la tunisie moderne,positif,2017-07-08T09:16:45.000Z,https://www.youtube.com/watch?v=IL9n9bXFOxM
Nchalah 3amek mabrouk bro,positif,2017-12-30T23:01:43+0000,https://www.facebook.com/Youssef.7.Msekni/photos/a.1914098345530246.1073741827.1914097858863628/1914098262196921/?type=3
El adhan y adhan ou houma dima yal3bou,positif,2013-10-22T00:15:18.000Z,https://www.youtube.com/watch?v=tIwH0pXsqEw
yesser mathroub fi rou7ek ya youssef,negatif,2011-07-18T11:09:19+0000,https://www.facebook.com/Youssef.28.Msakni/photos/a.208759275841902.69755.201965813187915/208886772495819/?type=3
malla jabri,negatif,2011-11-05T09:36:00+0000,https://www.facebook.com/Youssef.28.Msakni/photos/a.208759275841902.69755.201965813187915/208886772495819/?type=3
i love you Yousef Msakni <3<3<3<3,positif,2013-05-22T19:39:53.000Z,https://www.youtube.com/watch?v=xVYKGG0U1xo
Rabi ybarek,positif,2018-01-01T18:58:22+0000,https://www.facebook.com/Youssef.7.Msekni/photos/a.1914098345530246.1073741827.1914097858863628/1914098262196921/?type=3
Inchallah dima mnawer,positif,2017-12-16T17:55:31+0000,https://www.facebook.com/Youssef.7.Msekni/photos/a.1914098345530246.1073741827.1914097858863628/1914098262196921/?type=3
tharebha fi rou7ou yesser,negatif,2017-03-23T20:04:24+0000,https://www.facebook.com/YoussefMsekni.fans/photos/a.1775917462734519.1073741827.1775900379402894/1785069168486015/?type=3
Bou zink ma7lik,positif,2017-12-06T18:33:17+0000,https://www.facebook.com/Youssef.7.Msekni/photos/a.1914098345530246.1073741827.1914097858863628/1914098262196921/?type=3
Wahdek y'a nimes,positif,2017-01-29T22:29:32+0000,https://www.facebook.com/YoussefMsekni.fans/photos/a.1775917462734519.1073741827.1775900379402894/1785069168486015/?type=3
mela joueur ya msakni,positif,2013-05-03T21:06:26.000Z,https://www.youtube.com/watch?v=xVYKGG0U1xo
mela joueur ya msakni,positif,2013-05-03T21:06:26.000Z,https://www.youtube.com/watch?v=xVYKGG0U1xo
i love you Yousef Msakni <3<3<3<3,positif,2013-05-22T19:39:53.000Z,https://www.youtube.com/watch?v=xVYKGG0U1xo
fou,negatif,2017-07-05T22:25:56.000Z,https://www.youtube.com/watch?v=4Xn2N1t7qAw
best player in africa,positif,2012-11-30T15:23:27.000Z,https://www.youtube.com/watch?v=pDbcljdQzyY
berjouliya moch rajel w 3ib,negatif,2017-07-24T23:44:28.000Z,https://www.youtube.com/watch?v=YXGdt6ppv5c
a7ssen la3eb,positif,2017-09-14T01:40:50.000Z,https://www.youtube.com/watch?v=4SiGzsh-IE8
afthal la3eb fi tounness,positif,2017-12-12T02:28:26.000Z,https://www.youtube.com/watch?v=mJ89AnT3gmg
mabrouk,positif,2017-10-08T22:02:59.000Z,https://www.youtube.com/watch?v=EL11IFyrreY
ma7la hka dohka 3andkom üòòüòòüòò,positif,2017-12-18T18:20:23+0000,https://www.facebook.com/Youssef.7.Msekni/photos/a.1914098345530246.1073741827.1914097858863628/1914098262196921/?type=3
youssef el ro3b b2tem el kalima,positif,2017-09-16T23:36:33.000Z,https://www.youtube.com/watch?v=4SiGzsh-IE8
A7la nemes,positif,2017-02-12T13:36:10+0000,https://www.facebook.com/YoussefMsekni.fans/photos/a.1775917462734519.1073741827.1775900379402894/1785069168486015/?type=3
Sa7a Y M 7,positif,2017-11-23T17:38:02+0000,https://www.facebook.com/YoussefMsekni.fans/photos/a.1775917462734519.1073741827.1775900379402894/1785069168486015/?type=3
len nanseke ye youssef,positif,2015-12-12T12:27:32.000Z,https://www.youtube.com/watch?v=l3JPIi5UBlk
Happy new year ya a7sen kawarji f denya,positif,2017-12-30T22:11:38+0000,https://www.facebook.com/Youssef.7.Msekni/photos/a.1914098345530246.1073741827.1914097858863628/1914098262196921/?type=3
offfffffff masmtk,negatif,2017-10-14T09:41:10+0000,https://www.facebook.com/msekni.official/photos/a.317963761977501.1073741829.243899029383975/356949884745555/?type=3
bnjraat m3allem,positif,2017-09-03T08:33:53+0000,https://www.facebook.com/YoussefMsekni.fans/photos/a.1775917462734519.1073741827.1775900379402894/1785069168486015/?type=3
MSEKNI GOOOOOOOD PLAYER,positif,2015-12-29T05:00:32.000Z,https://www.youtube.com/watch?v=kElmKXp8_i8
rabbi yehddik,positif,2017-08-20T12:48:13.000Z,https://www.youtube.com/watch?v=EL11IFyrreY
fanen,positif,2016-02-28T23:02:08.000Z,https://www.youtube.com/watch?v=HRTGNaNgrT8
N√Æmes ya m3alem,positif,2017-02-21T21:22:21+0000,https://www.facebook.com/YoussefMsekni.fans/photos/a.1775917462734519.1073741827.1775900379402894/1785069168486015/?type=3
MSEKNI LMAALEM ‚ù§Ô∏èüî•,positif,2017-07-06T14:32:52.000Z,https://www.youtube.com/watch?v=4SiGzsh-IE8
Bou zinek Youssef mnawer weld bledi,positif,2017-12-14T18:13:26+0000,https://www.facebook.com/Youssef.7.Msekni/photos/a.1914098345530246.1073741827.1914097858863628/1914098262196921/?type=3
9adech mou8afel,negatif,2017-02-06T12:33:52+0000,https://www.facebook.com/YoussefMsekni.fans/photos/a.1775917462734519.1073741827.1775900379402894/1785069168486015/?type=3
Rabi yahfthou,positif,2017-06-17T04:12:21.000Z,https://www.youtube.com/watch?v=xVYKGG0U1xo
3aslaaaaaaaa...,positif,2017-12-31T14:29:17+0000,https://www.facebook.com/Youssef.7.Msekni/photos/a.1914098345530246.1073741827.1914097858863628/1914098262196921/?type=3
pokimon,negatif,2012-11-15T14:18:56+0000,https://www.facebook.com/Youssef.28.Msakni/photos/a.208759275841902.69755.201965813187915/208886772495819/?type=3
youssef ya oild bledi  üíúüíú,positif,2017-02-26T08:56:49.000Z,https://www.youtube.com/watch?v=AbcBf38dalk
rabi yhannikom,positif,2017-06-30T19:47:58.000Z,https://www.youtube.com/watch?v=MwAcPZnOzlU
lionel msakni,positif,2014-02-24T19:32:50.000Z,https://www.youtube.com/watch?v=9dgedJSndj4
Rabi yzidek,positif,2017-11-03T12:35:21.000Z,https://www.youtube.com/watch?v=EL11IFyrreY
Meilleurs v≈ìux,positif,2017-12-31T21:02:10+0000,https://www.facebook.com/Youssef.7.Msekni/photos/a.1914098345530246.1073741827.1914097858863628/1914098262196921/?type=3
"Merci Youssef , 3ayachtna a7la la7dhaat fel koora el touns√©ya , vraiment tbarkallah alik w netman√©wlek a7la avenir wenti kawarji kbir w bech t5ali blastek fi 9loobna .
Good bye ",positif,2012-11-18T00:40:01.000Z,https://www.youtube.com/watch?v=Ng8KyPhNDuE
mach2allah 3lik ya ibn khadhra,positif,2016-03-07T16:26:41.000Z,https://www.youtube.com/watch?v=l3JPIi5UBlk
moch rajel ya5i tefra7 ki martik t3arri,negatif,2017-07-27T12:56:15.000Z,https://www.youtube.com/watch?v=YXGdt6ppv5c
"futur ballon d'or africain ! msekni ! <3 ya m3llem, inchallah temhci fi arsenal ! :)",positif,2012-03-01T23:42:54.000Z,https://www.youtube.com/watch?v=6w8ggc8JjD0
Limsekni il kol ok,positif,2015-08-29T14:31:49.000Z,https://www.youtube.com/watch?v=WHozjP06TTI
"Youssef Msakni TO PSG / FRANCE!!
Msakni vers psg",positif,2012-06-04T19:17:17.000Z,https://www.youtube.com/watch?v=6w8ggc8JjD0
"M3alem tbarkallah 3lik, tesme3ch klem ennabara",positif,2017-01-31T11:25:22+0000,https://www.facebook.com/YoussefMsekni.fans/photos/a.1775917462734519.1073741827.1775900379402894/1785069168486015/?type=3
nchala3amek.mabrouk,positif,2017-12-31T07:14:29+0000,https://www.facebook.com/Youssef.7.Msekni/photos/a.1914098345530246.1073741827.1914097858863628/1914098262196921/?type=3
Bravo,positif,2017-01-21T13:39:11+0000,https://www.facebook.com/YoussefMsekni.fans/photos/a.1775917462734519.1073741827.1775900379402894/1785069168486015/?type=3
Rabi yhanik Nems,positif,2017-07-05T12:35:30.000Z,https://www.youtube.com/watch?v=IL9n9bXFOxM
Nemes t3ich,positif,2017-11-17T17:51:06+0000,https://www.facebook.com/Youssef.7.Msekni/photos/a.1914098345530246.1073741827.1914097858863628/1914098262196921/?type=3
"df√©n rouhou b√©l hy√© .... ama tbarkallah 3lih w rabi i3inou , allah la trabhek ya qatar bflouskom 7atamtou mawaheb √©n√©s youssef lmsakni mch bch yet3awd mara okhra fi tounes alah ghaleb",positif,2017-02-27T00:20:24.000Z,https://www.youtube.com/watch?v=HRTGNaNgrT8
bara zamer,negatif,2017-12-14T13:32:49+0000,https://www.facebook.com/YoussefMsekni.fans/photos/a.1775917462734519.1073741827.1775900379402894/1785069168486015/?type=3
Mnawrin tbarkala 3likom rabi y5alikom lb3adhkom,negatif,2017-11-17T16:07:38+0000,https://www.facebook.com/YoussefMsekni.fans/photos/a.1775917462734519.1073741827.1775900379402894/1785069168486015/?type=3
m3alllllllllllemmmmmmmmmmmmmm <3,positif,2012-12-05T14:14:32.000Z,https://www.youtube.com/watch?v=xVYKGG0U1xo
Tonf5ou fih belkedhbbbbb brabi na9sou,negatif,2017-11-16T22:12:54+0000,https://www.facebook.com/YoussefMsekni.fans/photos/a.1775917462734519.1073741827.1775900379402894/1785069168486015/?type=3
Yosef ya N√Æmes ya m3alem ya mcharef football tunisia,positif,2017-02-21T13:40:28+0000,https://www.facebook.com/YoussefMsekni.fans/photos/a.1775917462734519.1073741827.1775900379402894/1785069168486015/?type=3
WAHDEK MSAKNI,positif,2017-11-17T17:25:01+0000,https://www.facebook.com/Youssef.7.Msekni/photos/a.1914098345530246.1073741827.1914097858863628/1914098262196921/?type=3
ya msakni ya jabri :3,negatif,2014-04-27T20:45:59+0000,https://www.facebook.com/Youssef.28.Msakni/photos/a.210433985674431.70140.201965813187915/722959634421861/?type=3
to7ffa,positif,2017-12-05T08:16:20.000Z,https://www.youtube.com/watch?v=mJ89AnT3gmg
king youssef,positif,2016-10-25T08:11:02.000Z,https://www.youtube.com/watch?v=AcOifjExISQ
bravoooooooooo nemess  rabi m3aaak,positif,2017-01-23T11:02:57+0000,https://www.facebook.com/YoussefMsekni.fans/photos/a.1775917462734519.1073741827.1775900379402894/1785069168486015/?type=3
mwaher frere ‚ù§‚ù§,positif,2017-03-05T22:55:27+0000,https://www.facebook.com/YoussefMsekni.fans/photos/a.1775917462734519.1073741827.1775900379402894/1785069168486015/?type=3
A7sn 7aja 3mltha Rabi ywf9ke,positif,2017-12-01T06:33:06+0000,https://www.facebook.com/Youssef.7.Msekni/photos/a.1914098345530246.1073741827.1914097858863628/1914098262196921/?type=3
best so proud of him,positif,2017-06-03T13:17:46.000Z,https://www.youtube.com/watch?v=ODl9JZOalGI
Presque 3iryana tfouh 3lihom et 3la rbayethom,negatif,2017-07-05T21:19:37.000Z,https://www.youtube.com/watch?v=4Xn2N1t7qAw
We7dek ye m3elemüòÜüòÑüëèüòò,positif,2017-11-17T17:35:47+0000,https://www.facebook.com/Youssef.7.Msekni/photos/a.1914098345530246.1073741827.1914097858863628/1914098262196921/?type=3
The best,positif,2017-10-31T20:17:03.000Z,https://www.youtube.com/watch?v=00dXjVXi4Uc
Hhhhhh 9adech mou8afel,negatif,2017-02-06T12:33:52+0000,https://www.facebook.com/YoussefMsekni.fans/photos/a.1775917462734519.1073741827.1775900379402894/1785069168486015/?type=3
mela joueur ya msakni,positif,2013-05-03T21:06:26.000Z,https://www.youtube.com/watch?v=xVYKGG0U1xo
la3eb moomtez,positif,2017-11-24T22:49:17.000Z,https://www.youtube.com/watch?v=mJ89AnT3gmg
Faraahna ya youssef fi l mondiale !! ‚ù§,positif,2018-01-01T18:57:07+0000,https://www.facebook.com/Youssef.7.Msekni/photos/a.1914098345530246.1073741827.1914097858863628/1914098262196921/?type=3
Bou zinkom ma7likom,positif,2017-12-15T17:01:53+0000,https://www.facebook.com/Youssef.7.Msekni/photos/a.1914098345530246.1073741827.1914097858863628/1914098262196921/?type=3
Merci nemes ken entouma t7asesouna elli 3ana bled n7ebbouha l argent c rien face √† un pays,positif,2017-01-24T07:47:40+0000,https://www.facebook.com/YoussefMsekni.fans/photos/a.1775917462734519.1073741827.1775900379402894/1785069168486015/?type=3
rabi yhanik ye nims,positif,2017-07-05T21:51:14.000Z,https://www.youtube.com/watch?v=qbOTHIp8ggM
M3allem,positif,2017-07-17T10:14:51+0000,https://www.facebook.com/YoussefMsekni.fans/photos/a.1775917462734519.1073741827.1775900379402894/1785069168486015/?type=3
fara5,negatif,2014-02-12T21:35:38+0000,https://www.facebook.com/Youssef.28.Msakni/photos/a.210433985674431.70140.201965813187915/686207458097079/?type=3
Tfouuuhhh,negatif,2017-01-29T20:16:39+0000,https://www.facebook.com/YoussefMsekni.fans/photos/a.1775917462734519.1073741827.1775900379402894/1785069168486015/?type=3
Rabi ya5likom lb3dkom üòò üòò üòò üòò,positif,2017-12-15T20:45:22+0000,https://www.facebook.com/Youssef.7.Msekni/photos/a.1914098345530246.1073741827.1914097858863628/1914098262196921/?type=3
Bravo rabiii m3ak ya yousif,positif,2017-01-19T20:43:01+0000,https://www.facebook.com/YoussefMsekni.fans/photos/a.1775917462734519.1073741827.1775900379402894/1785069168486015/?type=3
..m3alem.....inms,positif,2017-05-06T22:35:20.000Z,https://www.youtube.com/watch?v=TfOSZLpeFRM
Hobi nmout 3liküòçüíã‚ù§‚ù§,positif,2017-12-21T13:54:03+0000,https://www.facebook.com/Youssef.7.Msekni/photos/a.1914098345530246.1073741827.1914097858863628/1914098262196921/?type=3
Aya winek elberha ya m3alem,positif,2017-02-21T13:03:18+0000,https://www.facebook.com/YoussefMsekni.fans/photos/a.1775917462734519.1073741827.1775900379402894/1785069168486015/?type=3
He's the best player in the world,positif,2017-10-10T20:59:51.000Z,https://www.youtube.com/watch?v=4SiGzsh-IE8
Rbi m3k y namssoun,positif,2017-10-10T13:28:11+0000,https://www.facebook.com/YoussefMsekni.fans/photos/a.1775917462734519.1073741827.1775900379402894/1785069168486015/?type=3
Rabi yahfthou,positif,2017-06-17T04:12:21.000Z,https://www.youtube.com/watch?v=xVYKGG0U1xo
m3al√©m ya nemmes <3,positif,2012-12-05T13:33:34.000Z,https://www.youtube.com/watch?v=idYD3qRZWzE
allah yechfik w ydawik ye7lkik el ness el kol tetfarej el 3ree mta3 martik,negatif,2017-07-28T09:00:46.000Z,https://www.youtube.com/watch?v=YXGdt6ppv5c
thanks,positif,2017-06-16T17:42:49.000Z,https://www.youtube.com/watch?v=HNf0t2Kqbrc
M3allam rak,positif,2013-01-14T11:12:11.000Z,https://www.youtube.com/watch?v=skyIPrXAqAQ
Bravoooooooo bravoooooo weld bledi allah yfarr7ek ki farra7tna w ye7mik ya rabbiiii üòòüòòüòòüòòüòòüòçüòçüòçüòçüòçüòç,positif,2017-10-07T20:24:41+0000,https://www.facebook.com/Youssef.7.Msekni/photos/a.1914098345530246.1073741827.1914097858863628/1914098262196921/?type=3
Sob7ane alah,positif,2017-02-23T12:09:26+0000,https://www.facebook.com/YoussefMsekni.fans/photos/a.1775917462734519.1073741827.1775900379402894/1785069168486015/?type=3
Rabbi m3akom w echa3eb el koll m3akom.en avant tres bien.,positif,2017-01-19T22:13:30+0000,https://www.facebook.com/YoussefMsekni.fans/photos/a.1775917462734519.1073741827.1775900379402894/1785069168486015/?type=3
ma5yebek w ma5yeb rassek,negatif,2012-12-18T16:59:07+0000,https://www.facebook.com/Youssef.28.Msakni/photos/a.208759275841902.69755.201965813187915/208886772495819/?type=3
Kol 3am w enti b5ir,positif,2017-12-30T21:57:43+0000,https://www.facebook.com/Youssef.7.Msekni/photos/a.1914098345530246.1073741827.1914097858863628/1914098262196921/?type=3
M3allem,positif,2017-10-31T21:43:13.000Z,https://www.youtube.com/watch?v=00dXjVXi4Uc
rabi ihnia nchllll,positif,2017-07-08T13:30:10.000Z,https://www.youtube.com/watch?v=4Xn2N1t7qAw
m3lem ya mnawer tounis,positif,2017-02-20T15:44:42+0000,https://www.facebook.com/YoussefMsekni.fans/photos/a.1775917462734519.1073741827.1775900379402894/1785069168486015/?type=3
neymar best america messi best europa msakni best africa  BEST BEST BEST,positif,2012-05-30T18:04:41.000Z,https://www.youtube.com/watch?v=6w8ggc8JjD0
Bravooooo rabiii m3aaaak youssef :-*,positif,2017-01-21T12:46:58+0000,https://www.facebook.com/YoussefMsekni.fans/photos/a.1775917462734519.1073741827.1775900379402894/1785069168486015/?type=3
wawo raw3aa,positif,2017-04-15T21:03:23.000Z,https://www.youtube.com/watch?v=XSyT3iAF2Xo
Wahra,positif,2017-02-11T12:39:34+0000,https://www.facebook.com/YoussefMsekni.fans/photos/a.1775917462734519.1073741827.1775900379402894/1785069168486015/?type=3
Josef ya m3almm,positif,2017-08-21T10:22:18.000Z,https://www.youtube.com/watch?v=4SiGzsh-IE8
Bonjour ya a7la coupleüòãüòùüòò,positif,2017-12-19T12:43:31+0000,https://www.facebook.com/Youssef.7.Msekni/photos/a.1914098345530246.1073741827.1914097858863628/1914098262196921/?type=3
well done,positif,2017-06-26T06:24:01.000Z,https://www.youtube.com/watch?v=HNf0t2Kqbrc
Rabi yhanikom üòçüòçüòòüòò,positif,2017-12-15T17:27:52+0000,https://www.facebook.com/Youssef.7.Msekni/photos/a.1914098345530246.1073741827.1914097858863628/1914098262196921/?type=3
ya tafeh,negatif,2017-12-30T22:03:08+0000,https://www.facebook.com/Youssef.7.Msekni/photos/a.1914098345530246.1073741827.1914097858863628/1914098262196921/?type=3
Mwahar ya nems :),positif,2017-09-21T09:54:03+0000,https://www.facebook.com/YoussefMsekni.fans/photos/a.1775917462734519.1073741827.1775900379402894/1785069168486015/?type=3
Mnawer sahbi mademo 3andek fe sa9ik 7eb 3la rou7ek,positif,2017-03-05T20:56:45+0000,https://www.facebook.com/YoussefMsekni.fans/photos/a.1775917462734519.1073741827.1775900379402894/1785069168486015/?type=3
Mwaher,positif,2017-10-29T18:06:57+0000,https://www.facebook.com/YoussefMsekni.fans/photos/a.1775917462734519.1073741827.1775900379402894/1785069168486015/?type=3
il est nul,negatif,2017-06-12T08:31:35.000Z,https://www.youtube.com/watch?v=HcwqU9y5_98
mseknyyy youssef ¬†<3 <3 <3 <3 <3,positif,2014-03-22T10:52:30.000Z,https://www.youtube.com/watch?v=idYD3qRZWzE
Belhi bara zamer,negatif,2017-02-02T17:32:10+0000,https://www.facebook.com/YoussefMsekni.fans/photos/a.1775917462734519.1073741827.1775900379402894/1785069168486015/?type=3
A3tazel 5irlk mstwak tchad,negatif,2017-01-31T14:11:48+0000,https://www.facebook.com/YoussefMsekni.fans/photos/a.1775917462734519.1073741827.1775900379402894/1785069168486015/?type=3
A7la youssef,positif,2017-03-12T15:51:21+0000,https://www.facebook.com/YoussefMsekni.fans/photos/a.1775917462734519.1073741827.1775900379402894/1785069168486015/?type=3
5sart√©k ya youssef ! malla 3amla 3maltha :/,negatif,2016-04-03T01:01:25.000Z,https://www.youtube.com/watch?v=idYD3qRZWzE
Limsekni il kol ok,positif,2015-08-29T14:31:49.000Z,https://www.youtube.com/watch?v=WHozjP06TTI
Josef ya m3almm,positif,2017-08-21T10:22:18.000Z,https://www.youtube.com/watch?v=4SiGzsh-IE8
offf youssef 5ouya ech t7ebni in9oulek yasser tenbir w yasser 3assa heka majhoudi m3ahem mayhemekech fihem inty m3alem raw il be9i il kol 3la l7it a7na il kol na3erfou 9albek behy w impossible dthor 7ad rabi m3ak 5ouya l8ali ya nemess rak fi 9aleb,positif,2018-01-01T22:32:16+0000,https://www.facebook.com/Youssef.7.Msekni/photos/a.1914098345530246.1073741827.1914097858863628/1914098262196921/?type=3
ma5yeb rassek ya  #msekniii,negatif,2017-02-06T20:52:12+0000,https://www.facebook.com/YoussefMsekni.fans/photos/a.1775917462734519.1073741827.1775900379402894/1785069168486015/?type=3
msakni a choisi l argent avant le foot il a fait son choix,negatif,2016-12-28T21:02:12.000Z,https://www.youtube.com/watch?v=GOroozz9QoA
haha 6 bonto jabhom howa,positif,2015-12-30T10:26:38.000Z,https://www.youtube.com/watch?v=kElmKXp8_i8
A7la yousef,positif,2017-12-18T19:59:51+0000,https://www.facebook.com/Youssef.7.Msekni/photos/a.1914098345530246.1073741827.1914097858863628/1914098262196921/?type=3
mala youyou,positif,2015-06-14T09:19:28.000Z,https://www.youtube.com/watch?v=tIwH0pXsqEw
Bravo msakni,positif,2017-10-22T12:22:26.000Z,https://www.youtube.com/watch?v=gefntfERBWQ
Happy New Year Msekni üíãüíã,positif,2017-12-30T22:00:09+0000,https://www.facebook.com/Youssef.7.Msekni/photos/a.1914098345530246.1073741827.1914097858863628/1914098262196921/?type=3
mokch rajel  üò°üò°üò°,negatif,2017-10-18T08:28:08.000Z,https://www.youtube.com/watch?v=YXGdt6ppv5c
Yezzi mel bleda,negatif,2017-08-29T23:31:55+0000,https://www.facebook.com/Youssef.Msakni.PageOfficielle/photos/a.718876808163546.1073741828.718804551504105/1611071528944065/?type=3
Mala 3bed tafhin Ken mcha star martou kir fi balhom la3bed fathyin chgol yitfarjou 3la chhar libsal mta3hom ach mdakilna ahna fi hyathom,negatif,2017-07-27T12:46:24.000Z,https://www.youtube.com/watch?v=YXGdt6ppv5c
Rabi m3ak yam3alm bz,positif,2017-01-23T22:44:07+0000,https://www.facebook.com/YoussefMsekni.fans/photos/a.1775917462734519.1073741827.1775900379402894/1785069168486015/?type=3
mabrouk,positif,2017-07-05T06:14:18.000Z,https://www.youtube.com/watch?v=MwAcPZnOzlU
gooooooouuuuuuuuuuuuuuuuuudddddddddddd,positif,2017-02-03T20:47:28.000Z,https://www.youtube.com/watch?v=2L-UJeObfTs
Neymar tunisia,positif,2017-08-24T06:54:55.000Z,https://www.youtube.com/watch?v=4SiGzsh-IE8
Nemesss y mhbelhom,positif,2017-02-13T09:46:00+0000,https://www.facebook.com/YoussefMsekni.fans/photos/a.1775917462734519.1073741827.1775900379402894/1785069168486015/?type=3
bravo msakni üëç üëç,positif,2016-07-18T23:31:01.000Z,https://www.youtube.com/watch?v=dMCjN3ZOd7w
Limsekni il kol ok,positif,2015-08-29T14:31:49.000Z,https://www.youtube.com/watch?v=WHozjP06TTI
i love you Yousef Msakni <3<3<3<3,positif,2013-05-22T19:39:53.000Z,https://www.youtube.com/watch?v=xVYKGG0U1xo
<3 lem3aaaaaalem,positif,2013-04-06T22:00:38.000Z,https://www.youtube.com/watch?v=xVYKGG0U1xo
Ma7la zinik.,positif,2017-11-17T17:33:25+0000,https://www.facebook.com/Youssef.7.Msekni/photos/a.1914098345530246.1073741827.1914097858863628/1914098262196921/?type=3
yezina men martek w 7yetik het el rasmi,negatif,2015-08-11T16:45:30+0000,https://www.facebook.com/Youssef.28.Msakni/photos/a.210433985674431.70140.201965813187915/969608256423663/?type=3
minel jaze2r rabbi yhannik nems,positif,2017-09-14T23:22:17.000Z,https://www.youtube.com/watch?v=vgJmTxadzSY
Mwaher ya msekni,positif,2017-02-13T13:35:44+0000,https://www.facebook.com/YoussefMsekni.fans/photos/a.1775917462734519.1073741827.1775900379402894/1785069168486015/?type=3
<3 lem3aaaaaalem,positif,2013-04-06T22:00:38.000Z,https://www.youtube.com/watch?v=xVYKGG0U1xo
you are the best ‚ô•‚ô•,positif,2017-06-17T05:29:20.000Z,https://www.youtube.com/watch?v=4SiGzsh-IE8
"Ya m3alem bravoooo you are the best rfe3toulna rousna w tunisie tefta5er eli 3endha wled kifkom
Bon courage nousourna üëçüëçüëçüëèüëè",positif,2017-01-24T06:45:02+0000,https://www.facebook.com/YoussefMsekni.fans/photos/a.1775917462734519.1073741827.1775900379402894/1785069168486015/?type=3
youssef hlek rou7o brou7o ken ynajem yal3eb lbara amma zeyed y7eb leflouss,negatif,2013-09-08T12:24:36+0000,https://www.facebook.com/Youssef.28.Msakni/photos/a.210433985674431.70140.201965813187915/605390832845409/?type=3
The only,positif,2017-10-12T13:05:09.000Z,https://www.youtube.com/watch?v=EL11IFyrreY
congratulations Djoo üòçüòçüòçüòòüòòüòò,positif,2017-07-05T12:32:14.000Z,https://www.youtube.com/watch?v=IL9n9bXFOxM
Slt yousef rabi yahmik salam √† la najeh barcha,positif,2017-11-23T20:57:49+0000,https://www.facebook.com/YoussefMsekni.fans/photos/a.1775917462734519.1073741827.1775900379402894/1785069168486015/?type=3
Mhlkom nbo zinkomüòòüòòüòò,positif,2017-12-15T19:49:20+0000,https://www.facebook.com/Youssef.7.Msekni/photos/a.1914098345530246.1073741827.1914097858863628/1914098262196921/?type=3
viva msekni,positif,2012-12-04T16:31:31.000Z,https://www.youtube.com/watch?v=idYD3qRZWzE
makech rajel,negatif,2017-02-09T13:16:36+0000,https://www.facebook.com/YoussefMsekni.fans/photos/a.1775917462734519.1073741827.1775900379402894/1785069168486015/?type=3
sa7bi ma7lek,positif,2017-09-21T10:55:23+0000,https://www.facebook.com/YoussefMsekni.fans/photos/a.1775917462734519.1073741827.1775900379402894/1785069168486015/?type=3
LEO MSAKNI,positif,2016-08-01T18:35:28.000Z,https://www.youtube.com/watch?v=BXiqrh9At7M
..m3alem.....inms,positif,2017-05-06T22:35:30.000Z,https://www.youtube.com/watch?v=TfOSZLpeFRM
yezi mel tma3chi9,negatif,2017-09-22T11:45:08+0000,https://www.facebook.com/YoussefMsekni.fans/photos/a.1775917462734519.1073741827.1775900379402894/1785069168486015/?type=3
zeyed tla3t mech fel mostawa,negatif,2017-07-17T14:23:12+0000,https://www.facebook.com/msekni.official/photos/a.243989752708236.1073741828.243899029383975/324378534669357/?type=3
M3allem'',positif,2017-02-11T14:14:23+0000,https://www.facebook.com/YoussefMsekni.fans/photos/a.1775917462734519.1073741827.1775900379402894/1785069168486015/?type=3
M3alam,positif,2017-03-23T20:08:38+0000,https://www.facebook.com/YoussefMsekni.fans/photos/a.1775917462734519.1073741827.1775900379402894/1785069168486015/?type=3
‚ô•‚ô• ms√©knyyy ‚ô•‚ô•,positif,2012-12-06T21:01:48.000Z,https://www.youtube.com/watch?v=idYD3qRZWzE
SAHA YA NEMES,positif,2017-09-18T05:09:16+0000,https://www.facebook.com/YoussefMsekni.fans/photos/a.1775917462734519.1073741827.1775900379402894/1785069168486015/?type=3
Bravo,positif,2017-01-24T18:03:12+0000,https://www.facebook.com/YoussefMsekni.fans/photos/a.1775917462734519.1073741827.1775900379402894/1785069168486015/?type=3
Saha  saha ‚ù§‚ù§,positif,2017-12-19T10:44:43+0000,https://www.facebook.com/Youssef.7.Msekni/photos/a.1914098345530246.1073741827.1914097858863628/1914098262196921/?type=3
Rabi m3ak,positif,2017-01-19T20:15:12+0000,https://www.facebook.com/YoussefMsekni.fans/photos/a.1775917462734519.1073741827.1775900379402894/1785069168486015/?type=3
"Nheboukom avec victoire, avec d√©faite.. F 9loubna dima.. Tunisie A9wa pays, A9wa √©quipe üíóüíïüíû",positif,2017-01-29T11:44:27+0000,https://www.facebook.com/YoussefMsekni.fans/photos/a.1775917462734519.1073741827.1775900379402894/1785069168486015/?type=3
Allah yasame7 bouh tama3,negatif,2017-07-18T05:29:05.000Z,https://www.youtube.com/watch?v=LmuDqIfIMcQ
Bravooooo,positif,2017-01-19T20:22:00+0000,https://www.facebook.com/YoussefMsekni.fans/photos/a.1775917462734519.1073741827.1775900379402894/1785069168486015/?type=3
al5a2en,negatif,2017-12-18T18:29:30+0000,https://www.facebook.com/Youssef.7.Msekni/photos/a.1914098345530246.1073741827.1914097858863628/1914098262196921/?type=3
Ya3tek essa7a Yousef bon courage,positif,2017-01-19T22:17:00+0000,https://www.facebook.com/YoussefMsekni.fans/photos/a.1775917462734519.1073741827.1775900379402894/1785069168486015/?type=3
messi el areb,positif,2017-11-25T11:51:35.000Z,https://www.youtube.com/watch?v=mJ89AnT3gmg
aaa amn ija m3a taraji frr rak m3allem,positif,2017-08-15T17:55:27.000Z,https://www.youtube.com/watch?v=-7jDSOE4dOU
M3alim limsekni haka in7ibouk,positif,2017-01-26T07:08:45+0000,https://www.facebook.com/YoussefMsekni.fans/photos/a.1775917462734519.1073741827.1775900379402894/1785069168486015/?type=3
fennen,positif,2016-05-01T14:11:24.000Z,https://www.youtube.com/watch?v=HRTGNaNgrT8
moch rajel w ma 3omrik kont rajel el rajel mey5allich martou t3arri,negatif,2017-11-02T21:40:24.000Z,https://www.youtube.com/watch?v=YXGdt6ppv5c
YA Mhblhoum,positif,2017-12-18T22:42:52+0000,https://www.facebook.com/Youssef.7.Msekni/photos/a.1914098345530246.1073741827.1914097858863628/1914098262196921/?type=3
wa7dk ya nems,positif,2016-06-21T23:27:14.000Z,https://www.youtube.com/watch?v=-7jDSOE4dOU
Malla fare5,negatif,2017-02-02T17:44:31+0000,https://www.facebook.com/YoussefMsekni.fans/photos/a.1775917462734519.1073741827.1775900379402894/1785069168486015/?type=3
He's the best player in the world,positif,2017-10-10T20:59:51.000Z,https://www.youtube.com/watch?v=4SiGzsh-IE8
mwaher souüòÇüòàüíû,positif,2017-12-31T13:49:32+0000,https://www.facebook.com/Youssef.7.Msekni/photos/a.1914098345530246.1073741827.1914097858863628/1914098262196921/?type=3
Msaknii ‚ù§‚ù§,positif,2017-11-17T17:22:12+0000,https://www.facebook.com/Youssef.7.Msekni/photos/a.1914098345530246.1073741827.1914097858863628/1914098262196921/?type=3
rabii ihani nchll,positif,2017-07-08T13:29:27.000Z,https://www.youtube.com/watch?v=vgJmTxadzSY
Msakni is the best,positif,2017-12-11T17:59:23.000Z,https://www.youtube.com/watch?v=00dXjVXi4Uc
Youzarsif y'a m3aleeem,positif,2017-03-23T22:11:14+0000,https://www.facebook.com/YoussefMsekni.fans/photos/a.1775917462734519.1073741827.1775900379402894/1785069168486015/?type=3
rabbi yorzzik,positif,2017-07-17T18:20:38.000Z,https://www.youtube.com/watch?v=EL11IFyrreY
tbarkallah 3like weld bladi inchallah nchoufouke fi nadi khire Bar√ßa r√©al Madrid arsenal Manchester  netmanalek koll khire rabbi m3ake..,positif,2017-02-02T19:14:58.000Z,https://www.youtube.com/watch?v=-7jDSOE4dOU
Mnawar yossef,positif,2017-03-23T20:05:43+0000,https://www.facebook.com/YoussefMsekni.fans/photos/a.1775917462734519.1073741827.1775900379402894/1785069168486015/?type=3
Good Goal!,positif,2011-04-24T11:31:52.000Z,https://www.youtube.com/watch?v=I1YKZ0V5L_Q
Ma7lekom,positif,2017-12-01T00:08:29+0000,https://www.facebook.com/Youssef.7.Msekni/photos/a.1914098345530246.1073741827.1914097858863628/1914098262196921/?type=3
Tounes msakni,positif,2017-01-14T09:53:39.000Z,https://www.youtube.com/watch?v=BXiqrh9At7M
Nems üòçüòç,positif,2017-11-07T19:31:46+0000,https://www.facebook.com/Youssef.7.Msekni/photos/a.1914098345530246.1073741827.1914097858863628/1914098262196921/?type=3
kol 3am wenti B 1000 5ir youssef,positif,2017-12-31T20:35:40+0000,https://www.facebook.com/Youssef.7.Msekni/photos/a.1914098345530246.1073741827.1914097858863628/1914098262196921/?type=3
Sa7a sa7a ya m3alem,positif,2017-12-31T13:39:43+0000,https://www.facebook.com/Youssef.7.Msekni/photos/a.1914098345530246.1073741827.1914097858863628/1914098262196921/?type=3
rak 3al 7iit,negatif,2017-03-01T21:35:08+0000,https://www.facebook.com/YoussefMsekni.fans/photos/a.1775917462734519.1073741827.1775900379402894/1801708200155445/?type=3
Super nemss,positif,2017-03-05T20:57:22+0000,https://www.facebook.com/YoussefMsekni.fans/photos/a.1775917462734519.1073741827.1775900379402894/1785069168486015/?type=3
Mnawer fr√®re,positif,2017-10-10T13:22:25+0000,https://www.facebook.com/YoussefMsekni.fans/photos/a.1775917462734519.1073741827.1775900379402894/1785069168486015/?type=3
e7chem chweya 3malt el 3ar bi martek,negatif,2017-09-30T19:08:14+0000,https://www.facebook.com/YoussefMsekni.fans/photos/a.1775917462734519.1073741827.1775900379402894/1785069168486015/?type=3
A7la ma3lme,positif,2017-12-01T19:39:10+0000,https://www.facebook.com/YoussefMsekni.fans/photos/a.1775917462734519.1073741827.1775900379402894/1785069168486015/?type=3
M3alem ya fanan,positif,2017-01-24T18:21:11+0000,https://www.facebook.com/YoussefMsekni.fans/photos/a.1775917462734519.1073741827.1775900379402894/1785069168486015/?type=3
blastik fi real ya m3allem bravo,positif,2012-09-13T19:14:51.000Z,https://www.youtube.com/watch?v=6w8ggc8JjD0
Ti yezi ti yezi ti yeziiiiiiii,negatif,2017-07-13T17:39:57+0000,https://www.facebook.com/Youssef.Msakni.PageOfficielle/photos/a.718876808163546.1073741828.718804551504105/1564240136960538/?type=3
ma3lemmmmmm,positif,2017-10-10T15:11:03+0000,https://www.facebook.com/YoussefMsekni.fans/photos/a.1775917462734519.1073741827.1775900379402894/1785069168486015/?type=3
ostor martek ya youssef 3ib el 3bel el kol tetfarej,negatif,2017-07-30T14:06:51.000Z,https://www.youtube.com/watch?v=YXGdt6ppv5c
5lik yosf dima min 7asan ila a7sn bien nems,positif,2017-02-21T12:28:37+0000,https://www.facebook.com/YoussefMsekni.fans/photos/a.1775917462734519.1073741827.1775900379402894/1785069168486015/?type=3
Mnawer yousef ya 4ali,positif,2017-02-02T21:36:15+0000,https://www.facebook.com/YoussefMsekni.fans/photos/a.1775917462734519.1073741827.1775900379402894/1785069168486015/?type=3
Mnawer,positif,2017-02-11T12:38:24+0000,https://www.facebook.com/YoussefMsekni.fans/photos/a.1775917462734519.1073741827.1775900379402894/1785069168486015/?type=3
L7iss sec!!,negatif,2017-09-22T11:19:16.000Z,https://www.youtube.com/watch?v=YXGdt6ppv5c
Top,positif,2017-11-20T10:45:36+0000,https://www.facebook.com/Youssef.7.Msekni/photos/a.1914098345530246.1073741827.1914097858863628/1914098262196921/?type=3
Saha ennems,positif,2017-11-26T19:24:03+0000,https://www.facebook.com/YoussefMsekni.fans/photos/a.1775917462734519.1073741827.1775900379402894/1785069168486015/?type=3
"im so proud of Youssef he is the best player, PURE TALENT god protect him inshallah...",positif,2013-03-11T22:32:21.000Z,https://www.youtube.com/watch?v=pDbcljdQzyY
Ostor rou7ek ya youssef w ma touja3ch la3bed thama nes zwawla ma 3andhomech 7ata b√©ch yeklo w zid il 3in 7a9 w 7ot rabi fe belek w3mel il behi raw edenya fenya,negatif,2018-01-01T19:44:34+0000,https://www.facebook.com/Youssef.7.Msekni/photos/a.1914098345530246.1073741827.1914097858863628/1914098262196921/?type=3
mala youssef :),positif,2014-03-29T13:51:43.000Z,https://www.youtube.com/watch?v=xVYKGG0U1xo
Za7 nmout 3lik msekni‚ù§‚ù§‚ù§‚ù§‚ù§‚ù§‚ù§,positif,2017-12-06T19:07:12+0000,https://www.facebook.com/Youssef.7.Msekni/photos/a.1914098345530246.1073741827.1914097858863628/1914098262196921/?type=3
Bravo yossefüíìüíûüíï‚úåüëè,positif,2017-01-24T19:15:39+0000,https://www.facebook.com/YoussefMsekni.fans/photos/a.1775917462734519.1073741827.1775900379402894/1785069168486015/?type=3
Eli 3mal El vid√©o matloub 7ay walla mit,negatif,2017-12-21T10:55:32.000Z,https://www.youtube.com/watch?v=YXGdt6ppv5c
9illit rojla,negatif,2017-09-28T18:42:14.000Z,https://www.youtube.com/watch?v=YXGdt6ppv5c
Mahlek,positif,2017-12-28T14:03:19+0000,https://www.facebook.com/Youssef.7.Msekni/photos/a.1914098345530246.1073741827.1914097858863628/1914098262196921/?type=3
ken l kedheb üò†,negatif,2017-07-18T13:40:29+0000,https://www.facebook.com/Youssef.Msakni.PageOfficielle/videos/1569429679774917/
C'est bien,positif,2017-10-22T07:46:10.000Z,https://www.youtube.com/watch?v=lNuajT6_aZM
Ma7leekom,positif,2017-11-20T20:49:09+0000,https://www.facebook.com/Youssef.7.Msekni/photos/a.1914098345530246.1073741827.1914097858863628/1914098262196921/?type=3
bara ma5yebek,negatif,2017-02-07T10:27:28+0000,https://www.facebook.com/YoussefMsekni.fans/photos/a.1775917462734519.1073741827.1775900379402894/1785069168486015/?type=3
Tonf5ou fih belkedhbbbbb brabi na9sou,negatif,2017-11-16T22:12:54+0000,https://www.facebook.com/YoussefMsekni.fans/photos/a.1775917462734519.1073741827.1775900379402894/1785069168486015/?type=3
good job broo,positif,2017-08-04T10:36:02.000Z,https://www.youtube.com/watch?v=D7RVC1z-pFA
Rabi ya7myk,positif,2017-02-03T12:13:19+0000,https://www.facebook.com/YoussefMsekni.fans/photos/a.1775917462734519.1073741827.1775900379402894/1785069168486015/?type=3
yezi mel tbourib,negatif,2017-07-11T22:29:32+0000,https://www.facebook.com/Youssef.Msakni.PageOfficielle/photos/a.718876808163546.1073741828.718804551504105/1561435193907699/?type=3
Rabbi yet9abbel mennek ya nemes,positif,2017-12-02T17:30:47+0000,https://www.facebook.com/Youssef.7.Msekni/photos/a.1914098345530246.1073741827.1914097858863628/1914098262196921/?type=3
berasmi tbarkkallah 3lih,positif,2012-07-10T10:31:13.000Z,https://www.youtube.com/watch?v=TfOSZLpeFRM
Tous mes v≈ìux de bonheur et vive les mari√©s,positif,2017-07-08T09:28:54.000Z,https://www.youtube.com/watch?v=IL9n9bXFOxM
"Ya kesa7 ya nems ya bnin.
We love you üòòüòôüòçüòóüòóüòòüòôüòç",positif,2017-10-08T13:00:28+0000,https://www.facebook.com/YoussefMsekni.fans/photos/a.1775917462734519.1073741827.1775900379402894/1785069168486015/?type=3
"Wild bledi "" nosor 9artage",positif,2017-10-06T08:14:48.000Z,https://www.youtube.com/watch?v=4SiGzsh-IE8
hƒ•hhhhh ya youssif,positif,2017-04-16T16:00:52.000Z,https://www.youtube.com/watch?v=xVYKGG0U1xo
"rabi yhanehom
ama lcat√©gorie mte3 nes eli 7athrin mte3 1 √®re choix eli chey5in fi tounes wcha3b zaweli ymata3 nathro fa9at üòïüòâ",positif,2017-07-05T16:12:21.000Z,https://www.youtube.com/watch?v=IL9n9bXFOxM
M3aleeem <3,positif,2017-11-17T17:23:56+0000,https://www.facebook.com/Youssef.7.Msekni/photos/a.1914098345530246.1073741827.1914097858863628/1914098262196921/?type=3
yassir fasadtha,negatif,2017-11-13T18:53:03+0000,https://www.facebook.com/YoussefMsekni.fans/photos/a.1775917462734519.1073741827.1775900379402894/1785069168486015/?type=3
M3allem ya nms,positif,2017-09-17T18:28:24+0000,https://www.facebook.com/Youssef.7.Msekni/photos/a.1914098345530246.1073741827.1914097858863628/1914098262196921/?type=3
Yousef ye m3alem,positif,2017-11-23T17:38:35+0000,https://www.facebook.com/YoussefMsekni.fans/photos/a.1775917462734519.1073741827.1775900379402894/1785069168486015/?type=3
Come To KAYSERƒ∞SPOR ‚ù§ üíõ,positif,2017-12-31T09:43:52.000Z,https://www.youtube.com/watch?v=4SiGzsh-IE8
msekni <3,positif,2012-03-01T23:44:44.000Z,https://www.youtube.com/watch?v=6w8ggc8JjD0
etfaker el mout hezha em3ak rak tansa,negatif,2018-01-01T18:57:14+0000,https://www.facebook.com/Youssef.7.Msekni/photos/a.1914098345530246.1073741827.1914097858863628/1914098262196921/?type=3
Msakni is the best,positif,2017-12-11T17:59:23.000Z,https://www.youtube.com/watch?v=00dXjVXi4Uc
Ma7lekom rabbi i5alikom leb3adkom‚ù§,positif,2017-11-26T16:46:00+0000,https://www.facebook.com/YoussefMsekni.fans/photos/a.1775917462734519.1073741827.1775900379402894/1785069168486015/?type=3
J'adorerais voir cette √©t√© msakni a l'om ou o bourussia dortmund,positif,2017-12-25T22:17:08.000Z,https://www.youtube.com/watch?v=D7RVC1z-pFA
dandouk,negatif,2017-03-05T20:57:53+0000,https://www.facebook.com/YoussefMsekni.fans/photos/a.1775917462734519.1073741827.1775900379402894/1785069168486015/?type=3
M3alm,positif,2017-03-23T19:45:35+0000,https://www.facebook.com/YoussefMsekni.fans/photos/a.1775917462734519.1073741827.1775900379402894/1785069168486015/?type=3
Saha saha bro,positif,2018-01-01T19:07:33+0000,https://www.facebook.com/Youssef.7.Msekni/photos/a.1914098345530246.1073741827.1914097858863628/1914098262196921/?type=3
M3alam,positif,2017-03-23T20:51:07+0000,https://www.facebook.com/YoussefMsekni.fans/photos/a.1775917462734519.1073741827.1775900379402894/1785069168486015/?type=3
ms√©√©√©√©√©√©√©√©√©√©√©√©kni <3 <3,positif,2013-06-18T12:08:51.000Z,https://www.youtube.com/watch?v=tIwH0pXsqEw
ya baiou3,negatif,2014-07-26T13:08:38+0000,https://www.facebook.com/Youssef.28.Msakni/photos/a.208759275841902.69755.201965813187915/208886772495819/?type=3
Yousefüòçüòç,positif,2018-01-01T19:06:42+0000,https://www.facebook.com/Youssef.7.Msekni/photos/a.1914098345530246.1073741827.1914097858863628/1914098262196921/?type=3
rabbi ihani inas il kol inchallah,negatif,2017-07-04T10:50:22.000Z,https://www.youtube.com/watch?v=vgJmTxadzSY
a houwa el paaaaatron üòçüòÇüòÇüòÇ,positif,2017-09-21T12:46:54+0000,https://www.facebook.com/YoussefMsekni.fans/photos/a.1775917462734519.1073741827.1775900379402894/1785069168486015/?type=3
il est nul,negatif,2017-06-12T08:31:35.000Z,https://www.youtube.com/watch?v=HcwqU9y5_98
L7iss sec!!,negatif,2017-09-22T11:19:16.000Z,https://www.youtube.com/watch?v=YXGdt6ppv5c
9emet el ro5s,negatif,2017-09-03T09:51:52+0000,https://www.facebook.com/YoussefMsekni.fans/photos/a.1775917462734519.1073741827.1775900379402894/1785069168486015/?type=3
Tfih ya mrith ya massa5,negatif,2015-08-29T14:31:24.000Z,https://www.youtube.com/watch?v=WHozjP06TTI
hƒ•hhhhh ya youssif,positif,2017-04-16T16:00:52.000Z,https://www.youtube.com/watch?v=xVYKGG0U1xo
rabii ihani nchll,positif,2017-07-08T13:29:27.000Z,https://www.youtube.com/watch?v=vgJmTxadzSY
Nems ya m3alm,positif,2017-12-04T15:30:42+0000,https://www.facebook.com/Youssef.7.Msekni/photos/a.1914098345530246.1073741827.1914097858863628/1914098262196921/?type=3
Omra moubarka ya ghali,positif,2017-03-01T07:53:39+0000,https://www.facebook.com/YoussefMsekni.fans/photos/a.1775917462734519.1073741827.1775900379402894/1785069168486015/?type=3
T'habtlna f tsawer martk wech na3mlou beha ya tafeh,negatif,2017-10-01T07:44:04+0000,https://www.facebook.com/YoussefMsekni.fans/photos/a.1775917462734519.1073741827.1775900379402894/1785069168486015/?type=3
Ya m3alem,positif,2017-12-01T15:34:47+0000,https://www.facebook.com/YoussefMsekni.fans/photos/a.1775917462734519.1073741827.1775900379402894/1785069168486015/?type=3
Tfih ya wabna,negatif,2015-08-29T14:31:24.000Z,https://www.youtube.com/watch?v=WHozjP06TTI
Rabi iwaf9ik 5oyaa,positif,2017-02-26T19:08:00+0000,https://www.facebook.com/YoussefMsekni.fans/photos/a.1775917462734519.1073741827.1775900379402894/1785069168486015/?type=3
Yezzi bark  mrejtna,negatif,2017-02-03T19:20:40+0000,https://www.facebook.com/YoussefMsekni.fans/photos/a.1775917462734519.1073741827.1775900379402894/1785069168486015/?type=3
Nems,positif,2017-12-20T02:00:50.000Z,https://www.youtube.com/watch?v=4SiGzsh-IE8
Ya3tiiik saha w rabbi m3ak fara7t tourn√©s lkoll bravooo,positif,2017-10-07T20:35:48+0000,https://www.facebook.com/Youssef.7.Msekni/photos/a.1914098345530246.1073741827.1914097858863628/1914098262196921/?type=3
you are the best ‚ô•‚ô•,positif,2017-06-17T05:29:20.000Z,https://www.youtube.com/watch?v=4SiGzsh-IE8
Mnawr lm3alm,positif,2017-11-23T17:38:50+0000,https://www.facebook.com/YoussefMsekni.fans/photos/a.1775917462734519.1073741827.1775900379402894/1785069168486015/?type=3
Good Good lucküëèüëèüëè‚úå‚úåüëçüëçüí™üí™bravooooo Mesekniiiü§ó,positif,2017-10-07T20:47:23+0000,https://www.facebook.com/Youssef.7.Msekni/photos/a.1914098345530246.1073741827.1914097858863628/1914098262196921/?type=3
kifech youhoun 3lik ta5ou mraa 3eryanna,negatif,2017-07-05T08:58:20.000Z,https://www.youtube.com/watch?v=IL9n9bXFOxM
Tous mes v≈ìux de bonheur et vive les mari√©s,positif,2017-07-08T09:28:54.000Z,https://www.youtube.com/watch?v=IL9n9bXFOxM
yezi mel fo5ra,negatif,2016-05-20T22:24:47+0000,https://www.facebook.com/Youssef.28.Msakni/photos/a.208759275841902.69755.201965813187915/208886772495819/?type=3
mach2allah rabbi ydim el 5ir,positif,2017-07-15T00:45:39.000Z,https://www.youtube.com/watch?v=EL11IFyrreY
ya ji3an o93ed taba3 9atar,negatif,2016-07-18T09:42:46+0000,https://www.facebook.com/Youssef.28.Msakni/photos/a.210433985674431.70140.201965813187915/1169257909792029/?type=3
bayou3,negatif,2016-12-12T18:19:39+0000,https://www.facebook.com/Youssef.28.Msakni/videos/1312240588827093/
A7la Yosef nmot 3lik,positif,2017-03-06T07:14:09+0000,https://www.facebook.com/YoussefMsekni.fans/photos/a.1775917462734519.1073741827.1775900379402894/1785069168486015/?type=3
rabi m3ak w enchallah tarja3,positif,2017-03-25T18:46:35+0000,https://www.facebook.com/YoussefMsekni.fans/photos/a.1775917462734519.1073741827.1775900379402894/1785069168486015/?type=3
"amazing skills !!! outstanding player !!!
I've been watching him since he was young .... please if there is any better quality video ... that would be fantastic :)",positif,2012-10-05T20:37:23.000Z,https://www.youtube.com/watch?v=HXYq2vHQ4vY
"Wild bledi "" nosor 9artage",positif,2017-10-06T08:14:48.000Z,https://www.youtube.com/watch?v=4SiGzsh-IE8
Yezie barka me tsawoir na3rfouk labes 3lik w3yaich fe 5ir antie wmartek na9as chw men tswoir w7iss chw b4irek,negatif,2017-11-24T13:25:57+0000,https://www.facebook.com/YoussefMsekni.fans/photos/a.1775917462734519.1073741827.1775900379402894/1785069168486015/?type=3
mala youyou,positif,2015-06-14T09:19:28.000Z,https://www.youtube.com/watch?v=tIwH0pXsqEw
Machahllah alikom beaugoss ya furet,positif,2017-11-26T17:03:10+0000,https://www.facebook.com/YoussefMsekni.fans/photos/a.1775917462734519.1073741827.1775900379402894/1785069168486015/?type=3
Nims neymar la3rab,positif,2017-08-24T06:56:42.000Z,https://www.youtube.com/watch?v=HcwqU9y5_98
malla 7ala fih,negatif,2017-09-16T14:01:52+0000,https://www.facebook.com/YoussefMsekni.fans/photos/a.1775917462734519.1073741827.1775900379402894/1785069168486015/?type=3
ya tamme3,negatif,2015-09-03T10:04:36+0000,https://www.facebook.com/Youssef.28.Msakni/photos/a.210433985674431.70140.201965813187915/976442479073574/?type=3
kont nes7abbik la3ib mo7taram w mriguel,negatif,2017-10-30T11:14:12.000Z,https://www.youtube.com/watch?v=YXGdt6ppv5c
Welcome to Braga!!!,positif,2017-12-10T17:12:49.000Z,https://www.youtube.com/watch?v=4SiGzsh-IE8
Neymar tunisia,positif,2017-08-24T06:54:55.000Z,https://www.youtube.com/watch?v=4SiGzsh-IE8
e7chem chweya rak moslim,negatif,2017-09-30T19:08:14+0000,https://www.facebook.com/YoussefMsekni.fans/photos/a.1775917462734519.1073741827.1775900379402894/1785069168486015/?type=3
Neymar tunisia,positif,2017-11-24T20:50:43.000Z,https://www.youtube.com/watch?v=mJ89AnT3gmg
nemss rabi yba9i 3lik eseter w nchallh nchoufouk fi leurope <3,positif,2017-01-23T23:17:56+0000,https://www.facebook.com/YoussefMsekni.fans/photos/a.1775917462734519.1073741827.1775900379402894/1785069168486015/?type=3
Nims neymar la3rab,positif,2017-08-24T06:56:42.000Z,https://www.youtube.com/watch?v=HcwqU9y5_98
Love u youssef,positif,2017-11-28T21:20:34.000Z,https://www.youtube.com/watch?v=xVYKGG0U1xo
Bou zink ma7lik üòôüòòüòö,positif,2017-12-14T20:52:19+0000,https://www.facebook.com/Youssef.7.Msekni/photos/a.1914098345530246.1073741827.1914097858863628/1914098262196921/?type=3
Tfouuuhhh,negatif,2017-01-29T20:16:39+0000,https://www.facebook.com/YoussefMsekni.fans/photos/a.1775917462734519.1073741827.1775900379402894/1785069168486015/?type=3
El adhan y adhan ou houma dima yal3bou,positif,2013-10-22T00:15:18.000Z,https://www.youtube.com/watch?v=tIwH0pXsqEw
rabi izidou,positif,2017-07-13T17:11:46.000Z,https://www.youtube.com/watch?v=EL11IFyrreY
ma7lakom Rabi yhanikom üòçüòò,positif,2017-09-30T15:43:10+0000,https://www.facebook.com/YoussefMsekni.fans/photos/a.1775917462734519.1073741827.1775900379402894/1785069168486015/?type=3
Sadkouni hk√©ytou f√©rga,negatif,2017-07-17T10:38:57+0000,https://www.facebook.com/Youssef.Msakni.PageOfficielle/photos/a.718876808163546.1073741828.718804551504105/1567847863266432/?type=3
Sa7a sa7a broo‚ù§‚ù§,positif,2017-09-16T13:01:21+0000,https://www.facebook.com/YoussefMsekni.fans/photos/a.1775917462734519.1073741827.1775900379402894/1785069168486015/?type=3
He is naturally talented,positif,2016-03-25T19:54:25.000Z,https://www.youtube.com/watch?v=kElmKXp8_i8
Nems ya m3athibhom,positif,2017-12-14T05:24:03+0000,https://www.facebook.com/YoussefMsekni.fans/photos/a.1775917462734519.1073741827.1775900379402894/1785069168486015/?type=3
Maalem sahby :*,positif,2017-01-19T19:54:06+0000,https://www.facebook.com/YoussefMsekni.fans/photos/a.1775917462734519.1073741827.1775900379402894/1785069168486015/?type=3
moch rajel,negatif,2017-10-17T19:18:38.000Z,https://www.youtube.com/watch?v=YXGdt6ppv5c
mella 3bed w mella 9illit 7y√©√©,negatif,2017-11-13T23:03:01.000Z,https://www.youtube.com/watch?v=YXGdt6ppv5c
Msakni awesome player,positif,2017-10-11T23:01:44.000Z,https://www.youtube.com/watch?v=l3JPIi5UBlk
"walkah mete7chmouch,,,ye5i me5ou mra lik wella lel3oumoum,,,mella 7ela,,,lem le7mek tet7eseb bih 9oddem rabi,,,",negatif,2017-08-07T10:46:47.000Z,https://www.youtube.com/watch?v=YXGdt6ppv5c
3ssem,positif,2017-07-13T15:46:33.000Z,https://www.youtube.com/watch?v=EL11IFyrreY
Barvoo ya namss rebyy yferhk kima farrhtna barvooo w 1000000 ta7iyyya likk  wny whdaa man l3ouch9 likkk ILOVE YOU reby yaawnk w yaatyk mattmna inchllh,positif,2017-10-08T07:25:22+0000,https://www.facebook.com/Youssef.7.Msekni/photos/a.1914098345530246.1073741827.1914097858863628/1914098262196921/?type=3
Mala kach5a,negatif,2014-07-27T12:58:27+0000,http://www.esperance-de-tunis.net/component/content/article/52-club/18850-mr-desabre-attention-aux-priorites-
mase5,negatif,2012-09-26T21:23:16+0000,https://www.facebook.com/Youssef.28.Msakni/photos/a.208759275841902.69755.201965813187915/208886772495819/?type=3
Ifthahtouna kan liflouss ili sarfoha alikom fi can  milyarat 3amlouna beha les bus w sarfoha ala iness ili matet bel bar√®d kheir w ili it3ichu  tahit ilhet kheir walah il Maroc kharjit ibcharef mais ntom fthahtouna  en dirait tal3bou fi olhoma,negatif,2017-01-31T11:19:36+0000,https://www.facebook.com/YoussefMsekni.fans/photos/a.1775917462734519.1073741827.1775900379402894/1785069168486015/?type=3
ma7lakom Rabi yhanikom üòòüòò,positif,2017-12-16T12:25:19+0000,https://www.facebook.com/Youssef.7.Msekni/photos/a.1914098345530246.1073741827.1914097858863628/1914098262196921/?type=3
Super tr√®s bien üòçüòç,positif,2017-12-18T20:22:27+0000,https://www.facebook.com/Youssef.7.Msekni/photos/a.1914098345530246.1073741827.1914097858863628/1914098262196921/?type=3
rabbi yhannik,positif,2017-07-05T01:53:27.000Z,https://www.youtube.com/watch?v=MwAcPZnOzlU
Me3alme ye nemes,positif,2017-01-20T12:05:34+0000,https://www.facebook.com/YoussefMsekni.fans/photos/a.1775917462734519.1073741827.1775900379402894/1785069168486015/?type=3
Alh 3lik ya msakni inclh lwled ijiboha,positif,2017-10-31T20:24:47.000Z,https://www.youtube.com/watch?v=00dXjVXi4Uc
m3alm chapo ;),positif,2017-06-19T14:56:14.000Z,https://www.youtube.com/watch?v=rQejvBc6LxI
malla nems,positif,2012-12-04T18:29:46.000Z,https://www.youtube.com/watch?v=idYD3qRZWzE
"Bravooo üòç w merci lel √©quipe nationale lkol w sur tt enty üíñ
Nous sommes fi√®res de toi
Kamlou hakka w matansewch eli twensa lkol m3akom w m3amlin 3likomüíúüíì rabi m3akom w wa7da wa7da lel finalüòéüíô",positif,2017-01-23T23:46:32+0000,https://www.facebook.com/YoussefMsekni.fans/photos/a.1775917462734519.1073741827.1775900379402894/1785069168486015/?type=3
"mart√®k wala mart√®k sa7b√®k si l√®ms√®kni do5et üòïüòï
√®na wine si 3ala saker el ban√®mijüòÅüòÅüòÅüòÅ",negatif,2017-07-26T02:51:18.000Z,https://www.youtube.com/watch?v=YXGdt6ppv5c
Ma5ieb wjhek üòÇüòÇüëéüëéüëéüëéüëé,negatif,2017-08-22T12:51:39+0000,https://www.facebook.com/Youssef.7.Msekni/photos/a.1914098345530246.1073741827.1914097858863628/1914098262196921/?type=3
Bon ann√©e ya nems ya 4ali‚ù§‚ù§‚ù§‚ù§‚ù§,positif,2017-12-30T22:40:45+0000,https://www.facebook.com/Youssef.7.Msekni/photos/a.1914098345530246.1073741827.1914097858863628/1914098262196921/?type=3
Rak far5 fi rasik haka üòÇüòÇ,negatif,2017-07-12T09:25:18+0000,https://www.facebook.com/Youssef.Msakni.PageOfficielle/videos/1562226667161885/
very talented !!,positif,2014-08-16T15:13:28.000Z,https://www.youtube.com/watch?v=_Fq6zfhjE8g
M3lem mr6,positif,2017-01-19T20:51:32+0000,https://www.facebook.com/YoussefMsekni.fans/photos/a.1775917462734519.1073741827.1775900379402894/1785069168486015/?type=3
Mahlek youssef<3,positif,2017-02-21T20:14:53+0000,https://www.facebook.com/YoussefMsekni.fans/photos/a.1775917462734519.1073741827.1775900379402894/1785069168486015/?type=3
sa7bi machallh 3lik Bravoooooo ma7lek,positif,2017-10-10T17:23:27+0000,https://www.facebook.com/YoussefMsekni.fans/photos/a.1775917462734519.1073741827.1775900379402894/1785069168486015/?type=3
Continue comme √ßa fr√®re inchallah plus d'abonn√© est aussi stp tu peut faire les plus beau but de la can pour l'√©quipe tunisenne,positif,2017-08-04T10:01:32.000Z,https://www.youtube.com/watch?v=D7RVC1z-pFA
rabbi yehddik kifech t5alli martek telbess 3aryya,negatif,2017-07-05T11:28:07.000Z,https://www.youtube.com/watch?v=IL9n9bXFOxM
Sa7a sa7a sa7bi,positif,2017-09-16T12:59:40+0000,https://www.facebook.com/YoussefMsekni.fans/photos/a.1775917462734519.1073741827.1775900379402894/1785069168486015/?type=3
Bravoo youssef wallah fannen,positif,2017-10-07T21:12:25+0000,https://www.facebook.com/YoussefMsekni.fans/photos/a.1775917462734519.1073741827.1775900379402894/1785069168486015/?type=3
Bou zinek youssefüòçüòç,positif,2017-12-14T19:38:47+0000,https://www.facebook.com/Youssef.7.Msekni/photos/a.1914098345530246.1073741827.1914097858863628/1914098262196921/?type=3
LEO <3 ¬≤¬≤¬≤¬≤¬≤¬≤¬≤¬≤¬≤¬≤¬≤¬≤¬≤¬≤¬≤¬≤¬≤¬≤¬≤¬≤¬≤¬≤¬≤¬≤¬≤¬≤,positif,2012-12-05T15:42:44.000Z,https://www.youtube.com/watch?v=idYD3qRZWzE
sayib rou7k 3ad,negatif,2017-03-01T09:04:56+0000,https://www.facebook.com/YoussefMsekni.fans/photos/a.1775917462734519.1073741827.1775900379402894/1785069168486015/?type=3
<3 lem3aaaaaalem,positif,2013-04-06T22:00:38.000Z,https://www.youtube.com/watch?v=xVYKGG0U1xo
Mala mrith,negatif,2017-07-17T11:33:22+0000,https://www.facebook.com/YoussefMsekni.fans/photos/a.1775917462734519.1073741827.1775900379402894/1785069168486015/?type=3
Khedma mezyenna frr wrakzelna 3la s8ar ta3 18_19 kima zemzmi w bilel mejri. .........,positif,2017-08-10T14:43:39.000Z,https://www.youtube.com/watch?v=D7RVC1z-pFA
Howe hor dima etnabro,positif,2017-07-31T18:21:22.000Z,https://www.youtube.com/watch?v=YXGdt6ppv5c
M3alem,positif,2017-11-24T11:53:59+0000,https://www.facebook.com/Youssef.7.Msekni/photos/a.1914098345530246.1073741827.1914097858863628/1914098262196921/?type=3
Un grand but hier bravo,positif,2017-02-21T19:45:24+0000,https://www.facebook.com/YoussefMsekni.fans/photos/a.1775917462734519.1073741827.1775900379402894/1785069168486015/?type=3
ya alm3allemmmmmm,positif,2017-04-12T16:37:18+0000,https://www.facebook.com/YoussefMsekni.fans/photos/a.1775917462734519.1073741827.1775900379402894/1785069168486015/?type=3
Tbrkllah alik nmessüòòüòãüòù,positif,2017-12-22T02:28:21+0000,https://www.facebook.com/Youssef.7.Msekni/photos/a.1914098345530246.1073741827.1914097858863628/1914098262196921/?type=3
mala youssef :),positif,2014-03-29T13:51:43.000Z,https://www.youtube.com/watch?v=xVYKGG0U1xo
m3alllllllllllemmmmmmmmmmmmmm <3,positif,2012-12-05T14:14:32.000Z,https://www.youtube.com/watch?v=xVYKGG0U1xo
Rabi izidou,positif,2017-11-15T09:56:00.000Z,https://www.youtube.com/watch?v=EL11IFyrreY
akber bhim,negatif,2014-09-11T18:57:11+0000,https://www.facebook.com/Youssef.28.Msakni/photos/a.210433985674431.70140.201965813187915/795557610495396/?type=3
hƒ•hhhhh ya youssif,positif,2017-04-16T16:00:52.000Z,https://www.youtube.com/watch?v=xVYKGG0U1xo
M3lem,positif,2017-10-08T12:46:09+0000,https://www.facebook.com/Youssef.7.Msekni/photos/a.1914098345530246.1073741827.1914097858863628/1914098262196921/?type=3
Salam tu jou oumoi j'aimerai jouer un jour o qatar,positif,2013-05-11T13:30:21.000Z,https://www.youtube.com/watch?v=tIwH0pXsqEw
Yassir tfaded,negatif,2017-11-13T18:20:15+0000,https://www.facebook.com/YoussefMsekni.fans/photos/a.1775917462734519.1073741827.1775900379402894/1785069168486015/?type=3
Ma5yeb mantharhom  el mothi3at!!  youssef yam3alam,negatif,2012-07-16T12:54:54.000Z,https://www.youtube.com/watch?v=jhx-QnF_Hg
il sont trop beau Machaallah üòò üíï üíñ üíûüíüüíúüíó,positif,2017-07-05T22:02:56.000Z,https://www.youtube.com/watch?v=IL9n9bXFOxM
Ma7lekom üòòüòòüòçüòç,positif,2017-11-20T11:10:46+0000,https://www.facebook.com/Youssef.7.Msekni/photos/a.1914098345530246.1073741827.1914097858863628/1914098262196921/?type=3
Nemess ya m3alem,positif,2017-11-23T17:39:18+0000,https://www.facebook.com/YoussefMsekni.fans/photos/a.1775917462734519.1073741827.1775900379402894/1785069168486015/?type=3
brabi chkoun 9alilkom houwa mhabit wala hiya. .Ena manitsawarch netsawir ba3thitha hiya el 7ad mel les amis ou la famille whouwa habatha üòíüòí,positif,2017-07-30T11:54:09.000Z,https://www.youtube.com/watch?v=YXGdt6ppv5c
its youseef,positif,2017-06-22T01:37:58.000Z,https://www.youtube.com/watch?v=i2WUo3tzM6Y
inchalh rabiii iyhanikom,positif,2017-07-05T18:36:11.000Z,https://www.youtube.com/watch?v=qbOTHIp8ggM
a7sen jouwer .choufou best of ta3 a7sen joueret fi lorope .hedha 5ir menhom b 1000 mara,positif,2016-06-05T17:35:45.000Z,https://www.youtube.com/watch?v=pDbcljdQzyY
nems sel bledi m3alem w 5ir men messi,positif,2017-02-23T20:01:01.000Z,https://www.youtube.com/watch?v=AbcBf38dalk
M3ALEM,positif,2017-01-31T16:49:51.000Z,https://www.youtube.com/watch?v=BXiqrh9At7M
Nemsssssss,positif,2017-12-21T13:38:20+0000,https://www.facebook.com/Youssef.7.Msekni/photos/a.1914098345530246.1073741827.1914097858863628/1914098262196921/?type=3
Youssef ya 4ali üíãüíãüíãüíãüíã,positif,2017-12-18T18:31:21+0000,https://www.facebook.com/Youssef.7.Msekni/photos/a.1914098345530246.1073741827.1914097858863628/1914098262196921/?type=3
ma3adech femma rjej fi touniss !!,negatif,2017-07-05T08:57:56.000Z,https://www.youtube.com/watch?v=IL9n9bXFOxM
Ya nemess,positif,2017-01-20T14:56:16+0000,https://www.facebook.com/YoussefMsekni.fans/photos/a.1775917462734519.1073741827.1775900379402894/1785069168486015/?type=3
s7a m3lem ama il black bars kbira barcha,positif,2017-06-26T16:24:15.000Z,https://www.youtube.com/watch?v=wZfg9AX6rdA
Ma7lekom,positif,2017-11-20T10:45:31+0000,https://www.facebook.com/Youssef.7.Msekni/photos/a.1914098345530246.1073741827.1914097858863628/1914098262196921/?type=3
Svp vien en Europe,positif,2017-11-16T20:14:13.000Z,https://www.youtube.com/watch?v=4SiGzsh-IE8
M3alem yousef,positif,2017-02-01T09:10:44+0000,https://www.facebook.com/YoussefMsekni.fans/photos/a.1775917462734519.1073741827.1775900379402894/1785069168486015/?type=3
sda9 chkoun samek nems,positif,2012-12-04T13:56:24.000Z,https://www.youtube.com/watch?v=idYD3qRZWzE
wlh m3allem ya nemess bravoo üí™üëç  rabbi ye7mik w nchalla nchoufouk fi boutoula 9wiya fil europe,positif,2017-01-23T23:21:12+0000,https://www.facebook.com/YoussefMsekni.fans/photos/a.1775917462734519.1073741827.1775900379402894/1785069168486015/?type=3
Ravi m3ak yam3lm bz,positif,2017-01-23T22:42:00+0000,https://www.facebook.com/YoussefMsekni.fans/photos/a.1775917462734519.1073741827.1775900379402894/1785069168486015/?type=3
rabbi yhannik,positif,2017-07-12T22:21:25.000Z,https://www.youtube.com/watch?v=EL11IFyrreY
Nems,positif,2017-12-20T02:00:50.000Z,https://www.youtube.com/watch?v=4SiGzsh-IE8
"bech t5ali 3lina blasa kbira,rabi m3ak w ywaf9√©k w tab9a dima fel 9alb ya m3al√©m <3",positif,2012-12-04T14:29:31.000Z,https://www.youtube.com/watch?v=idYD3qRZWzE
goooood nems,positif,2016-04-08T21:24:10.000Z,https://www.youtube.com/watch?v=-7jDSOE4dOU
The one The best,positif,2017-11-03T20:15:39.000Z,https://www.youtube.com/watch?v=00dXjVXi4Uc
Rabi yahfthou,positif,2017-06-17T04:12:21.000Z,https://www.youtube.com/watch?v=xVYKGG0U1xo
5sartek  :'(,negatif,2013-09-02T22:08:49+0000,https://www.facebook.com/Youssef.28.Msakni/photos/a.210433985674431.70140.201965813187915/602886879762471/?type=3
tu es le meilleur,positif,2017-07-05T02:21:09.000Z,https://www.youtube.com/watch?v=i2WUo3tzM6Y
mala youssef :),positif,2014-03-29T13:51:43.000Z,https://www.youtube.com/watch?v=xVYKGG0U1xo
Mnawer ya chi5,positif,2017-12-14T22:20:55+0000,https://www.facebook.com/Youssef.7.Msekni/photos/a.1914098345530246.1073741827.1914097858863628/1914098262196921/?type=3
Bravo nmsssss,positif,2017-10-10T19:18:55+0000,https://www.facebook.com/YoussefMsekni.fans/photos/a.1775917462734519.1073741827.1775900379402894/1785069168486015/?type=3
aal 7it,negatif,2014-06-08T21:43:16+0000,https://www.facebook.com/Esperance.de.tunis.net/videos/719226821470124/
mella moustawa,negatif,2017-01-31T11:21:49+0000,https://www.facebook.com/YoussefMsekni.fans/photos/a.1775917462734519.1073741827.1775900379402894/1785069168486015/?type=3
